--
-- PostgreSQL database dump
--

\restrict m8eZ9AHNmMYNTCtfaCVJ1q31JFZzKtq0Cw49lgPdTZoI7BdYk4QjC8ywa5kqizo

-- Dumped from database version 17.3
-- Dumped by pg_dump version 18.3

SET statement_timeout = 0;
SET lock_timeout = 0;
SET idle_in_transaction_session_timeout = 0;
SET transaction_timeout = 0;
SET client_encoding = 'UTF8';
SET standard_conforming_strings = on;
SELECT pg_catalog.set_config('search_path', '', false);
SET check_function_bodies = false;
SET xmloption = content;
SET client_min_messages = warning;
SET row_security = off;

SET default_tablespace = '';

SET default_table_access_method = heap;

--
-- Name: addresses; Type: TABLE; Schema: public; Owner: postgres
--

CREATE TABLE public.addresses (
    main_address boolean NOT NULL,
    id bigint NOT NULL,
    user_id bigint NOT NULL,
    address_line character varying(255) NOT NULL,
    address_type character varying(255) NOT NULL,
    city character varying(255) NOT NULL,
    country character varying(255) NOT NULL,
    postal_code character varying(255) NOT NULL,
    state character varying(255) NOT NULL,
    CONSTRAINT addresses_address_type_check CHECK (((address_type)::text = ANY ((ARRAY['HOME'::character varying, 'WORK'::character varying, 'OTHER'::character varying])::text[])))
);


ALTER TABLE public.addresses OWNER TO postgres;

--
-- Name: addresses_id_seq; Type: SEQUENCE; Schema: public; Owner: postgres
--

ALTER TABLE public.addresses ALTER COLUMN id ADD GENERATED BY DEFAULT AS IDENTITY (
    SEQUENCE NAME public.addresses_id_seq
    START WITH 1
    INCREMENT BY 1
    NO MINVALUE
    NO MAXVALUE
    CACHE 1
);


--
-- Name: agreement_requirements; Type: TABLE; Schema: public; Owner: postgres
--

CREATE TABLE public.agreement_requirements (
    active boolean NOT NULL,
    created_date date NOT NULL,
    display_order integer NOT NULL,
    updated_date date NOT NULL,
    id uuid NOT NULL,
    agreement_type character varying(255) NOT NULL,
    group_code character varying(255) NOT NULL,
    CONSTRAINT agreement_requirements_agreement_type_check CHECK (((agreement_type)::text = ANY ((ARRAY['TERMS_OF_SERVICE'::character varying, 'PRIVACY_POLICY'::character varying, 'KVKK'::character varying, 'DISTANCE_SELLING'::character varying, 'PAYMENT_TERMS'::character varying])::text[])))
);


ALTER TABLE public.agreement_requirements OWNER TO postgres;

--
-- Name: agreement_update_events; Type: TABLE; Schema: public; Owner: postgres
--

CREATE TABLE public.agreement_update_events (
    detected_at timestamp(6) without time zone NOT NULL,
    id uuid NOT NULL,
    version character varying(50) NOT NULL,
    agreement_type character varying(255) NOT NULL,
    CONSTRAINT agreement_update_events_agreement_type_check CHECK (((agreement_type)::text = ANY ((ARRAY['TERMS_OF_SERVICE'::character varying, 'PRIVACY_POLICY'::character varying, 'KVKK'::character varying, 'DISTANCE_SELLING'::character varying, 'PAYMENT_TERMS'::character varying])::text[])))
);


ALTER TABLE public.agreement_update_events OWNER TO postgres;

--
-- Name: agreements; Type: TABLE; Schema: public; Owner: postgres
--

CREATE TABLE public.agreements (
    created_date date,
    updated_date date,
    agreement_id uuid NOT NULL,
    agreement_type character varying(255),
    content text,
    version character varying(255),
    CONSTRAINT agreements_agreement_type_check CHECK (((agreement_type)::text = ANY ((ARRAY['TERMS_OF_SERVICE'::character varying, 'PRIVACY_POLICY'::character varying, 'KVKK'::character varying, 'DISTANCE_SELLING'::character varying, 'PAYMENT_TERMS'::character varying])::text[])))
);


ALTER TABLE public.agreements OWNER TO postgres;

--
-- Name: audit_logs; Type: TABLE; Schema: public; Owner: postgres
--

CREATE TABLE public.audit_logs (
    created_at timestamp(6) without time zone NOT NULL,
    id bigint NOT NULL,
    user_id bigint,
    ip_address character varying(45),
    user_agent character varying(1000),
    details text,
    error_message text,
    event_status character varying(255) NOT NULL,
    event_type character varying(255) NOT NULL,
    user_email character varying(255),
    CONSTRAINT audit_logs_event_status_check CHECK (((event_status)::text = ANY ((ARRAY['SUCCESS'::character varying, 'FAILURE'::character varying])::text[]))),
    CONSTRAINT audit_logs_event_type_check CHECK (((event_type)::text = ANY ((ARRAY['LOGIN_SUCCESS'::character varying, 'LOGIN_FAILURE'::character varying, 'LOGOUT'::character varying, 'PASSWORD_CHANGE_SUCCESS'::character varying, 'PASSWORD_CHANGE_FAILURE'::character varying])::text[])))
);


ALTER TABLE public.audit_logs OWNER TO postgres;

--
-- Name: audit_logs_id_seq; Type: SEQUENCE; Schema: public; Owner: postgres
--

ALTER TABLE public.audit_logs ALTER COLUMN id ADD GENERATED BY DEFAULT AS IDENTITY (
    SEQUENCE NAME public.audit_logs_id_seq
    START WITH 1
    INCREMENT BY 1
    NO MINVALUE
    NO MAXVALUE
    CACHE 1
);


--
-- Name: bank; Type: TABLE; Schema: public; Owner: postgres
--

CREATE TABLE public.bank (
    balance numeric(38,2),
    created_at timestamp(6) without time zone,
    to_user_id bigint NOT NULL,
    version bigint,
    id uuid NOT NULL,
    iban character varying(255)
);


ALTER TABLE public.bank OWNER TO postgres;

--
-- Name: book_conditions; Type: TABLE; Schema: public; Owner: postgres
--

CREATE TABLE public.book_conditions (
    id uuid NOT NULL,
    name character varying(120) NOT NULL,
    label character varying(160) NOT NULL
);


ALTER TABLE public.book_conditions OWNER TO postgres;

--
-- Name: book_formats; Type: TABLE; Schema: public; Owner: postgres
--

CREATE TABLE public.book_formats (
    id uuid NOT NULL,
    name character varying(120) NOT NULL,
    label character varying(160) NOT NULL
);


ALTER TABLE public.book_formats OWNER TO postgres;

--
-- Name: book_genres; Type: TABLE; Schema: public; Owner: postgres
--

CREATE TABLE public.book_genres (
    book_type_id uuid,
    id uuid NOT NULL,
    name character varying(160) NOT NULL,
    label character varying(200) NOT NULL
);


ALTER TABLE public.book_genres OWNER TO postgres;

--
-- Name: book_languages; Type: TABLE; Schema: public; Owner: postgres
--

CREATE TABLE public.book_languages (
    id uuid NOT NULL,
    name character varying(120) NOT NULL,
    label character varying(160) NOT NULL
);


ALTER TABLE public.book_languages OWNER TO postgres;

--
-- Name: book_types; Type: TABLE; Schema: public; Owner: postgres
--

CREATE TABLE public.book_types (
    id uuid NOT NULL,
    name character varying(120) NOT NULL,
    label character varying(160) NOT NULL
);


ALTER TABLE public.book_types OWNER TO postgres;

--
-- Name: books_listings; Type: TABLE; Schema: public; Owner: postgres
--

CREATE TABLE public.books_listings (
    page_count integer,
    publication_year integer,
    book_condition_id uuid,
    book_format_id uuid,
    book_genre_id uuid,
    book_language_id uuid,
    book_type_id uuid,
    id uuid NOT NULL,
    isbn character varying(20),
    author character varying(255)
);


ALTER TABLE public.books_listings OWNER TO postgres;

--
-- Name: campaign_eligible_listings; Type: TABLE; Schema: public; Owner: postgres
--

CREATE TABLE public.campaign_eligible_listings (
    campaign_id uuid NOT NULL,
    listing_id uuid
);


ALTER TABLE public.campaign_eligible_listings OWNER TO postgres;

--
-- Name: campaign_eligible_types; Type: TABLE; Schema: public; Owner: postgres
--

CREATE TABLE public.campaign_eligible_types (
    campaign_id uuid NOT NULL,
    listing_type character varying(255),
    CONSTRAINT campaign_eligible_types_listing_type_check CHECK (((listing_type)::text = ANY ((ARRAY['VEHICLE'::character varying, 'ELECTRONICS'::character varying, 'REAL_ESTATE'::character varying, 'CLOTHING'::character varying, 'BOOKS'::character varying, 'SPORTS'::character varying, 'OTHER'::character varying])::text[])))
);


ALTER TABLE public.campaign_eligible_types OWNER TO postgres;

--
-- Name: campaigns; Type: TABLE; Schema: public; Owner: postgres
--

CREATE TABLE public.campaigns (
    active boolean NOT NULL,
    apply_to_future_listings boolean NOT NULL,
    value numeric(19,2) NOT NULL,
    created_at timestamp(6) without time zone,
    ends_at timestamp(6) without time zone,
    seller_id bigint NOT NULL,
    starts_at timestamp(6) without time zone,
    id uuid NOT NULL,
    discount_kind character varying(255) NOT NULL,
    name character varying(255) NOT NULL,
    CONSTRAINT campaigns_discount_kind_check CHECK (((discount_kind)::text = ANY ((ARRAY['PERCENT'::character varying, 'FIXED'::character varying])::text[])))
);


ALTER TABLE public.campaigns OWNER TO postgres;

--
-- Name: car_brands; Type: TABLE; Schema: public; Owner: postgres
--

CREATE TABLE public.car_brands (
    id uuid NOT NULL,
    label character varying(120) NOT NULL,
    name character varying(120) NOT NULL
);


ALTER TABLE public.car_brands OWNER TO postgres;

--
-- Name: carts; Type: TABLE; Schema: public; Owner: postgres
--

CREATE TABLE public.carts (
    is_reserved boolean NOT NULL,
    quantity integer NOT NULL,
    created_at timestamp(6) without time zone NOT NULL,
    id bigint NOT NULL,
    reservation_end_time timestamp(6) without time zone,
    reserved_at timestamp(6) without time zone,
    updated_at timestamp(6) without time zone,
    user_id bigint NOT NULL,
    listing_id uuid NOT NULL,
    notes character varying(500)
);


ALTER TABLE public.carts OWNER TO postgres;

--
-- Name: carts_id_seq; Type: SEQUENCE; Schema: public; Owner: postgres
--

ALTER TABLE public.carts ALTER COLUMN id ADD GENERATED BY DEFAULT AS IDENTITY (
    SEQUENCE NAME public.carts_id_seq
    START WITH 1
    INCREMENT BY 1
    NO MINVALUE
    NO MAXVALUE
    CACHE 1
);


--
-- Name: chat_messages; Type: TABLE; Schema: public; Owner: postgres
--

CREATE TABLE public.chat_messages (
    id bigint NOT NULL,
    "timestamp" timestamp(6) with time zone NOT NULL,
    user_id bigint NOT NULL,
    role character varying(32) NOT NULL,
    message character varying(32600) NOT NULL,
    CONSTRAINT chat_messages_role_check CHECK (((role)::text = ANY ((ARRAY['USER'::character varying, 'ASSISTANT'::character varying])::text[])))
);


ALTER TABLE public.chat_messages OWNER TO postgres;

--
-- Name: chat_messages_id_seq; Type: SEQUENCE; Schema: public; Owner: postgres
--

ALTER TABLE public.chat_messages ALTER COLUMN id ADD GENERATED BY DEFAULT AS IDENTITY (
    SEQUENCE NAME public.chat_messages_id_seq
    START WITH 1
    INCREMENT BY 1
    NO MINVALUE
    NO MAXVALUE
    CACHE 1
);


--
-- Name: chat_room_participants; Type: TABLE; Schema: public; Owner: postgres
--

CREATE TABLE public.chat_room_participants (
    chat_room_id bigint NOT NULL,
    user_id bigint
);


ALTER TABLE public.chat_room_participants OWNER TO postgres;

--
-- Name: chat_rooms; Type: TABLE; Schema: public; Owner: postgres
--

CREATE TABLE public.chat_rooms (
    created_at timestamp(6) without time zone,
    id bigint NOT NULL,
    last_message_sender_id bigint,
    last_message_time timestamp(6) without time zone,
    updated_at timestamp(6) without time zone,
    last_message character varying(255),
    listing_id character varying(255),
    room_name character varying(255) NOT NULL,
    room_type character varying(255) NOT NULL,
    CONSTRAINT chat_rooms_room_type_check CHECK (((room_type)::text = ANY ((ARRAY['DIRECT'::character varying, 'LISTING'::character varying])::text[])))
);


ALTER TABLE public.chat_rooms OWNER TO postgres;

--
-- Name: chat_rooms_id_seq; Type: SEQUENCE; Schema: public; Owner: postgres
--

ALTER TABLE public.chat_rooms ALTER COLUMN id ADD GENERATED BY DEFAULT AS IDENTITY (
    SEQUENCE NAME public.chat_rooms_id_seq
    START WITH 1
    INCREMENT BY 1
    NO MINVALUE
    NO MAXVALUE
    CACHE 1
);


--
-- Name: clothing_brands; Type: TABLE; Schema: public; Owner: postgres
--

CREATE TABLE public.clothing_brands (
    id uuid NOT NULL,
    label character varying(120) NOT NULL,
    name character varying(120) NOT NULL
);


ALTER TABLE public.clothing_brands OWNER TO postgres;

--
-- Name: clothing_listings; Type: TABLE; Schema: public; Owner: postgres
--

CREATE TABLE public.clothing_listings (
    purchase_date date,
    shoe_size_eu integer,
    clothing_brand_id uuid,
    clothing_type_id uuid,
    id uuid NOT NULL,
    material character varying(120),
    clothing_category character varying(255) NOT NULL,
    clothing_gender character varying(255) NOT NULL,
    color character varying(255),
    condition character varying(255),
    size character varying(255),
    CONSTRAINT clothing_listings_clothing_category_check CHECK (((clothing_category)::text = ANY ((ARRAY['BOY_CHILD'::character varying, 'GIRL_CHILD'::character varying, 'BOY_BABY'::character varying, 'GIRL_BABY'::character varying, 'BOY_YOUTH'::character varying, 'GIRL_YOUTH'::character varying, 'MALE_ADULT'::character varying, 'FEMALE_ADULT'::character varying, 'UNISEX'::character varying])::text[]))),
    CONSTRAINT clothing_listings_clothing_gender_check CHECK (((clothing_gender)::text = ANY ((ARRAY['MALE'::character varying, 'FEMALE'::character varying])::text[]))),
    CONSTRAINT clothing_listings_color_check CHECK (((color)::text = ANY ((ARRAY['WHITE'::character varying, 'BLACK'::character varying, 'SILVER'::character varying, 'GRAY'::character varying, 'NARDO_GRAY'::character varying, 'GUNMETAL'::character varying, 'RED'::character varying, 'ROSSO_CORSA'::character varying, 'DEEP_BLACK'::character varying, 'PEARL_WHITE'::character varying, 'METALLIC_GRAY'::character varying, 'CANDY_RED'::character varying, 'FOREST_GREEN'::character varying, 'SUNSET_ORANGE'::character varying, 'ROYAL_PURPLE'::character varying, 'CHAMPAGNE_GOLD'::character varying, 'BLUE'::character varying, 'MIDNIGHT_BLUE'::character varying, 'ATLANTIC_BLUE'::character varying, 'BRITISH_RACING_GREEN'::character varying, 'GREEN'::character varying, 'YELLOW'::character varying, 'SUNBURST_YELLOW'::character varying, 'ORANGE'::character varying, 'LAVA_ORANGE'::character varying, 'BROWN'::character varying, 'BEIGE'::character varying, 'PURPLE_AMETHYST'::character varying, 'MATTE_BLACK'::character varying])::text[]))),
    CONSTRAINT clothing_listings_condition_check CHECK (((condition)::text = ANY ((ARRAY['EXCELLENT'::character varying, 'GOOD'::character varying, 'FAIR'::character varying, 'WORN'::character varying, 'DAMAGED'::character varying])::text[]))),
    CONSTRAINT clothing_listings_size_check CHECK (((size)::text = ANY ((ARRAY['XXS'::character varying, 'XS'::character varying, 'S'::character varying, 'M'::character varying, 'L'::character varying, 'XL'::character varying, 'XXL'::character varying, 'XXXL'::character varying])::text[])))
);


ALTER TABLE public.clothing_listings OWNER TO postgres;

--
-- Name: clothing_types; Type: TABLE; Schema: public; Owner: postgres
--

CREATE TABLE public.clothing_types (
    id uuid NOT NULL,
    label character varying(120) NOT NULL,
    name character varying(120) NOT NULL
);


ALTER TABLE public.clothing_types OWNER TO postgres;

--
-- Name: complaints; Type: TABLE; Schema: public; Owner: postgres
--

CREATE TABLE public.complaints (
    complained_user_id bigint NOT NULL,
    complainer_id bigint NOT NULL,
    created_at timestamp(6) without time zone NOT NULL,
    resolved_at timestamp(6) without time zone,
    resolved_by bigint,
    updated_at timestamp(6) without time zone,
    listing_id uuid,
    admin_notes character varying(1000),
    description character varying(1000),
    id character varying(255) NOT NULL,
    reason character varying(255) NOT NULL,
    status character varying(255) NOT NULL,
    CONSTRAINT complaints_status_check CHECK (((status)::text = ANY ((ARRAY['PENDING'::character varying, 'INVESTIGATING'::character varying, 'RESOLVED'::character varying, 'DISMISSED'::character varying])::text[])))
);


ALTER TABLE public.complaints OWNER TO postgres;

--
-- Name: coupon_eligible_types; Type: TABLE; Schema: public; Owner: postgres
--

CREATE TABLE public.coupon_eligible_types (
    coupon_id uuid NOT NULL,
    listing_type character varying(255) NOT NULL,
    CONSTRAINT coupon_eligible_types_listing_type_check CHECK (((listing_type)::text = ANY ((ARRAY['VEHICLE'::character varying, 'ELECTRONICS'::character varying, 'REAL_ESTATE'::character varying, 'CLOTHING'::character varying, 'BOOKS'::character varying, 'SPORTS'::character varying, 'OTHER'::character varying])::text[])))
);


ALTER TABLE public.coupon_eligible_types OWNER TO postgres;

--
-- Name: coupon_redemptions; Type: TABLE; Schema: public; Owner: postgres
--

CREATE TABLE public.coupon_redemptions (
    order_id bigint,
    redeemed_at timestamp(6) without time zone,
    user_id bigint NOT NULL,
    coupon_id uuid NOT NULL,
    id uuid NOT NULL
);


ALTER TABLE public.coupon_redemptions OWNER TO postgres;

--
-- Name: coupons; Type: TABLE; Schema: public; Owner: postgres
--

CREATE TABLE public.coupons (
    active boolean NOT NULL,
    max_discount numeric(19,2),
    min_subtotal numeric(19,2),
    usage_limit_global integer,
    usage_limit_per_user integer,
    value numeric(19,2) NOT NULL,
    created_at timestamp(6) without time zone,
    ends_at timestamp(6) without time zone,
    starts_at timestamp(6) without time zone,
    id uuid NOT NULL,
    code character varying(255) NOT NULL,
    discount_kind character varying(255) NOT NULL,
    CONSTRAINT coupons_discount_kind_check CHECK (((discount_kind)::text = ANY ((ARRAY['ORDER_PERCENT'::character varying, 'ORDER_FIXED'::character varying, 'TYPE_PERCENT'::character varying, 'TYPE_FIXED'::character varying, 'THRESHOLD_FIXED'::character varying, 'THRESHOLD_PERCENT'::character varying])::text[])))
);


ALTER TABLE public.coupons OWNER TO postgres;

--
-- Name: credit_card; Type: TABLE; Schema: public; Owner: postgres
--

CREATE TABLE public.credit_card (
    amount numeric(38,2) NOT NULL,
    credit_limit numeric(38,2) NOT NULL,
    expiry_month integer NOT NULL,
    expiry_year integer NOT NULL,
    card_holder_id bigint NOT NULL,
    created_at timestamp(6) without time zone,
    version bigint,
    id uuid NOT NULL,
    cvv character varying(255) NOT NULL,
    number character varying(255) NOT NULL,
    card_label character varying(50)
);


ALTER TABLE public.credit_card OWNER TO postgres;

--
-- Name: electronic_brands; Type: TABLE; Schema: public; Owner: postgres
--

CREATE TABLE public.electronic_brands (
    id uuid NOT NULL,
    label character varying(100) NOT NULL,
    name character varying(100) NOT NULL
);


ALTER TABLE public.electronic_brands OWNER TO postgres;

--
-- Name: electronic_listings; Type: TABLE; Schema: public; Owner: postgres
--

CREATE TABLE public.electronic_listings (
    battery_capacity_mah integer,
    battery_health_percent integer,
    battery_life_hours integer,
    camera_megapixels integer,
    dual_sim boolean,
    has_microphone boolean,
    has_nfc boolean,
    noise_cancelling boolean,
    ram integer,
    screen_size integer,
    storage integer,
    supports5g boolean,
    warranty_proof boolean NOT NULL,
    wireless boolean,
    year integer,
    electronic_brand_id uuid,
    electronic_model_id uuid,
    electronic_type_id uuid,
    id uuid NOT NULL,
    color character varying(255),
    connection_type character varying(255),
    gpu_model character varying(255),
    operating_system character varying(255),
    origin character varying(255),
    processor character varying(255),
    storage_type character varying(255),
    CONSTRAINT electronic_listings_color_check CHECK (((color)::text = ANY ((ARRAY['WHITE'::character varying, 'BLACK'::character varying, 'SILVER'::character varying, 'GRAY'::character varying, 'NARDO_GRAY'::character varying, 'GUNMETAL'::character varying, 'RED'::character varying, 'ROSSO_CORSA'::character varying, 'DEEP_BLACK'::character varying, 'PEARL_WHITE'::character varying, 'METALLIC_GRAY'::character varying, 'CANDY_RED'::character varying, 'FOREST_GREEN'::character varying, 'SUNSET_ORANGE'::character varying, 'ROYAL_PURPLE'::character varying, 'CHAMPAGNE_GOLD'::character varying, 'BLUE'::character varying, 'MIDNIGHT_BLUE'::character varying, 'ATLANTIC_BLUE'::character varying, 'BRITISH_RACING_GREEN'::character varying, 'GREEN'::character varying, 'YELLOW'::character varying, 'SUNBURST_YELLOW'::character varying, 'ORANGE'::character varying, 'LAVA_ORANGE'::character varying, 'BROWN'::character varying, 'BEIGE'::character varying, 'PURPLE_AMETHYST'::character varying, 'MATTE_BLACK'::character varying])::text[]))),
    CONSTRAINT electronic_listings_connection_type_check CHECK (((connection_type)::text = ANY ((ARRAY['WIRED'::character varying, 'BLUETOOTH'::character varying, 'HDMI_USB'::character varying, 'BOTH'::character varying])::text[]))),
    CONSTRAINT electronic_listings_connection_type_check1 CHECK (((connection_type IS NULL) OR ((connection_type)::text = ANY ((ARRAY['WIRED'::character varying, 'BLUETOOTH'::character varying, 'HDMI_USB'::character varying, 'BOTH'::character varying])::text[])))),
    CONSTRAINT electronic_listings_processor_check CHECK (((processor)::text = ANY ((ARRAY['INTEL'::character varying, 'AMD'::character varying, 'APPLE_SILICON'::character varying, 'QUALCOMM'::character varying, 'MEDIATEK'::character varying, 'OTHER'::character varying])::text[]))),
    CONSTRAINT electronic_listings_storage_type_check CHECK (((storage_type)::text = ANY ((ARRAY['HDD'::character varying, 'SSD'::character varying, 'HYBRID'::character varying, 'EMMC'::character varying, 'NVME'::character varying])::text[])))
);


ALTER TABLE public.electronic_listings OWNER TO postgres;

--
-- Name: electronic_models; Type: TABLE; Schema: public; Owner: postgres
--

CREATE TABLE public.electronic_models (
    brand_id uuid NOT NULL,
    id uuid NOT NULL,
    type_id uuid,
    name character varying(150) NOT NULL
);


ALTER TABLE public.electronic_models OWNER TO postgres;

--
-- Name: electronic_types; Type: TABLE; Schema: public; Owner: postgres
--

CREATE TABLE public.electronic_types (
    id uuid NOT NULL,
    label character varying(100) NOT NULL,
    name character varying(100) NOT NULL
);


ALTER TABLE public.electronic_types OWNER TO postgres;

--
-- Name: emails; Type: TABLE; Schema: public; Owner: postgres
--

CREATE TABLE public.emails (
    created_at timestamp(6) without time zone NOT NULL,
    read_at timestamp(6) without time zone,
    user_id bigint,
    id uuid NOT NULL,
    content text NOT NULL,
    email_type character varying(255) NOT NULL,
    error_message character varying(255),
    recipient_email character varying(255) NOT NULL,
    sender_email character varying(255) NOT NULL,
    subject character varying(255) NOT NULL,
    CONSTRAINT emails_email_type_check CHECK (((email_type)::text = ANY (ARRAY['VERIFICATION_CODE'::text, 'PASSWORD_RESET'::text, 'WELCOME'::text, 'NOTIFICATION'::text, 'OFFER_RECEIVED'::text, 'OFFER_COUNTER_RECEIVED'::text, 'OFFER_ACCEPTED'::text, 'OFFER_REJECTED'::text, 'OFFER_EXPIRED'::text, 'OFFER_COMPLETED'::text, 'PROMOTIONAL'::text, 'PAYMENT_VERIFICATION'::text, 'NEW_LISTING_NOTIFICATION'::text, 'AGREEMENT_UPDATED'::text, 'SYSTEM'::text])))
);


ALTER TABLE public.emails OWNER TO postgres;

--
-- Name: ewallet; Type: TABLE; Schema: public; Owner: postgres
--

CREATE TABLE public.ewallet (
    balance numeric(19,2) NOT NULL,
    spending_warning_limit numeric(19,2),
    wallet_limit numeric(19,2),
    created_at timestamp(6) without time zone NOT NULL,
    updated_at timestamp(6) without time zone,
    user_id bigint NOT NULL,
    version bigint,
    id uuid NOT NULL
);


ALTER TABLE public.ewallet OWNER TO postgres;

--
-- Name: favorite_list_items; Type: TABLE; Schema: public; Owner: postgres
--

CREATE TABLE public.favorite_list_items (
    added_at timestamp(6) without time zone NOT NULL,
    favorite_list_id bigint NOT NULL,
    id bigint NOT NULL,
    listing_id uuid NOT NULL,
    note character varying(200)
);


ALTER TABLE public.favorite_list_items OWNER TO postgres;

--
-- Name: favorite_list_items_id_seq; Type: SEQUENCE; Schema: public; Owner: postgres
--

ALTER TABLE public.favorite_list_items ALTER COLUMN id ADD GENERATED BY DEFAULT AS IDENTITY (
    SEQUENCE NAME public.favorite_list_items_id_seq
    START WITH 1
    INCREMENT BY 1
    NO MINVALUE
    NO MAXVALUE
    CACHE 1
);


--
-- Name: favorite_list_likes; Type: TABLE; Schema: public; Owner: postgres
--

CREATE TABLE public.favorite_list_likes (
    created_at timestamp(6) without time zone NOT NULL,
    favorite_list_id bigint NOT NULL,
    id bigint NOT NULL,
    user_id bigint NOT NULL
);


ALTER TABLE public.favorite_list_likes OWNER TO postgres;

--
-- Name: favorite_list_likes_id_seq; Type: SEQUENCE; Schema: public; Owner: postgres
--

ALTER TABLE public.favorite_list_likes ALTER COLUMN id ADD GENERATED BY DEFAULT AS IDENTITY (
    SEQUENCE NAME public.favorite_list_likes_id_seq
    START WITH 1
    INCREMENT BY 1
    NO MINVALUE
    NO MAXVALUE
    CACHE 1
);


--
-- Name: favorite_lists; Type: TABLE; Schema: public; Owner: postgres
--

CREATE TABLE public.favorite_lists (
    is_public boolean NOT NULL,
    created_at timestamp(6) without time zone NOT NULL,
    id bigint NOT NULL,
    updated_at timestamp(6) without time zone,
    user_id bigint NOT NULL,
    name character varying(100) NOT NULL,
    description character varying(500),
    cover_image_url character varying(255)
);


ALTER TABLE public.favorite_lists OWNER TO postgres;

--
-- Name: favorite_lists_id_seq; Type: SEQUENCE; Schema: public; Owner: postgres
--

ALTER TABLE public.favorite_lists ALTER COLUMN id ADD GENERATED BY DEFAULT AS IDENTITY (
    SEQUENCE NAME public.favorite_lists_id_seq
    START WITH 1
    INCREMENT BY 1
    NO MINVALUE
    NO MAXVALUE
    CACHE 1
);


--
-- Name: favorites; Type: TABLE; Schema: public; Owner: postgres
--

CREATE TABLE public.favorites (
    created_at timestamp(6) without time zone NOT NULL,
    id bigint NOT NULL,
    user_id bigint NOT NULL,
    listing_id uuid NOT NULL
);


ALTER TABLE public.favorites OWNER TO postgres;

--
-- Name: favorites_id_seq; Type: SEQUENCE; Schema: public; Owner: postgres
--

ALTER TABLE public.favorites ALTER COLUMN id ADD GENERATED BY DEFAULT AS IDENTITY (
    SEQUENCE NAME public.favorites_id_seq
    START WITH 1
    INCREMENT BY 1
    NO MINVALUE
    NO MAXVALUE
    CACHE 1
);


--
-- Name: forum_comment; Type: TABLE; Schema: public; Owner: postgres
--

CREATE TABLE public.forum_comment (
    created_at timestamp(6) without time zone NOT NULL,
    id bigint NOT NULL,
    parent_comment_id bigint,
    thread_id bigint NOT NULL,
    total_dislikes bigint NOT NULL,
    total_likes bigint NOT NULL,
    updated_at timestamp(6) without time zone,
    user_id bigint NOT NULL,
    version bigint NOT NULL,
    author_visibility character varying(32) NOT NULL,
    author_display_name character varying(120) NOT NULL,
    content character varying(4000) NOT NULL,
    CONSTRAINT forum_comment_author_visibility_check CHECK (((author_visibility)::text = ANY ((ARRAY['ANONYMOUS'::character varying, 'DISPLAY_NAME'::character varying, 'FULL_NAME'::character varying])::text[])))
);


ALTER TABLE public.forum_comment OWNER TO postgres;

--
-- Name: forum_comment_id_seq; Type: SEQUENCE; Schema: public; Owner: postgres
--

ALTER TABLE public.forum_comment ALTER COLUMN id ADD GENERATED BY DEFAULT AS IDENTITY (
    SEQUENCE NAME public.forum_comment_id_seq
    START WITH 1
    INCREMENT BY 1
    NO MINVALUE
    NO MAXVALUE
    CACHE 1
);


--
-- Name: forum_comment_reaction; Type: TABLE; Schema: public; Owner: postgres
--

CREATE TABLE public.forum_comment_reaction (
    comment_id bigint NOT NULL,
    created_at timestamp(6) without time zone NOT NULL,
    id bigint NOT NULL,
    user_id bigint NOT NULL,
    reaction character varying(16) NOT NULL,
    CONSTRAINT forum_comment_reaction_reaction_check CHECK (((reaction)::text = ANY ((ARRAY['LIKE'::character varying, 'DISLIKE'::character varying])::text[])))
);


ALTER TABLE public.forum_comment_reaction OWNER TO postgres;

--
-- Name: forum_comment_reaction_id_seq; Type: SEQUENCE; Schema: public; Owner: postgres
--

ALTER TABLE public.forum_comment_reaction ALTER COLUMN id ADD GENERATED BY DEFAULT AS IDENTITY (
    SEQUENCE NAME public.forum_comment_reaction_id_seq
    START WITH 1
    INCREMENT BY 1
    NO MINVALUE
    NO MAXVALUE
    CACHE 1
);


--
-- Name: forum_thread; Type: TABLE; Schema: public; Owner: postgres
--

CREATE TABLE public.forum_thread (
    created_at timestamp(6) without time zone NOT NULL,
    id bigint NOT NULL,
    total_dislikes bigint NOT NULL,
    total_likes bigint NOT NULL,
    updated_at timestamp(6) without time zone,
    user_id bigint NOT NULL,
    version bigint NOT NULL,
    author_visibility character varying(32) NOT NULL,
    category character varying(32) NOT NULL,
    status character varying(32) NOT NULL,
    author_display_name character varying(120) NOT NULL,
    title character varying(200) NOT NULL,
    description character varying(4000) NOT NULL,
    keywords text NOT NULL,
    CONSTRAINT forum_thread_author_visibility_check CHECK (((author_visibility)::text = ANY ((ARRAY['ANONYMOUS'::character varying, 'DISPLAY_NAME'::character varying, 'FULL_NAME'::character varying])::text[]))),
    CONSTRAINT forum_thread_category_check CHECK (((category)::text = ANY ((ARRAY['SUGGESTIONS'::character varying, 'COMPLAINTS'::character varying])::text[]))),
    CONSTRAINT forum_thread_status_check CHECK (((status)::text = ANY ((ARRAY['OPEN'::character varying, 'IN_PROGRESS'::character varying, 'RESOLVED'::character varying])::text[])))
);


ALTER TABLE public.forum_thread OWNER TO postgres;

--
-- Name: forum_thread_id_seq; Type: SEQUENCE; Schema: public; Owner: postgres
--

ALTER TABLE public.forum_thread ALTER COLUMN id ADD GENERATED BY DEFAULT AS IDENTITY (
    SEQUENCE NAME public.forum_thread_id_seq
    START WITH 1
    INCREMENT BY 1
    NO MINVALUE
    NO MAXVALUE
    CACHE 1
);


--
-- Name: forum_thread_reaction; Type: TABLE; Schema: public; Owner: postgres
--

CREATE TABLE public.forum_thread_reaction (
    created_at timestamp(6) without time zone NOT NULL,
    id bigint NOT NULL,
    thread_id bigint NOT NULL,
    user_id bigint NOT NULL,
    reaction character varying(16) NOT NULL,
    CONSTRAINT forum_thread_reaction_reaction_check CHECK (((reaction)::text = ANY ((ARRAY['LIKE'::character varying, 'DISLIKE'::character varying])::text[])))
);


ALTER TABLE public.forum_thread_reaction OWNER TO postgres;

--
-- Name: forum_thread_reaction_id_seq; Type: SEQUENCE; Schema: public; Owner: postgres
--

ALTER TABLE public.forum_thread_reaction ALTER COLUMN id ADD GENERATED BY DEFAULT AS IDENTITY (
    SEQUENCE NAME public.forum_thread_reaction_id_seq
    START WITH 1
    INCREMENT BY 1
    NO MINVALUE
    NO MAXVALUE
    CACHE 1
);


--
-- Name: heating_types; Type: TABLE; Schema: public; Owner: postgres
--

CREATE TABLE public.heating_types (
    id uuid NOT NULL,
    label character varying(120) NOT NULL,
    name character varying(120) NOT NULL
);


ALTER TABLE public.heating_types OWNER TO postgres;

--
-- Name: listing_owner_types; Type: TABLE; Schema: public; Owner: postgres
--

CREATE TABLE public.listing_owner_types (
    id uuid NOT NULL,
    label character varying(120) NOT NULL,
    name character varying(120) NOT NULL
);


ALTER TABLE public.listing_owner_types OWNER TO postgres;

--
-- Name: listing_views; Type: TABLE; Schema: public; Owner: postgres
--

CREATE TABLE public.listing_views (
    user_id bigint,
    viewed_at timestamp(6) without time zone NOT NULL,
    id uuid NOT NULL,
    listing_id uuid NOT NULL,
    ip_hash character varying(64) NOT NULL,
    user_agent character varying(500),
    session_id character varying(255)
);


ALTER TABLE public.listing_views OWNER TO postgres;

--
-- Name: listings; Type: TABLE; Schema: public; Owner: postgres
--

CREATE TABLE public.listings (
    is_listing_fee_paid boolean NOT NULL,
    price numeric(38,2),
    quantity integer,
    created_at timestamp(6) without time zone,
    listing_no character varying(8) NOT NULL,
    seller_id bigint NOT NULL,
    updated_at timestamp(6) without time zone,
    version bigint,
    id uuid NOT NULL,
    city character varying(255),
    currency character varying(255),
    description text,
    district character varying(255),
    image_url character varying(255),
    listing_type character varying(255) NOT NULL,
    status character varying(255),
    title character varying(255),
    CONSTRAINT listings_currency_check CHECK (((currency)::text = ANY ((ARRAY['USD'::character varying, 'TRY'::character varying, 'EUR'::character varying])::text[]))),
    CONSTRAINT listings_listing_type_check CHECK (((listing_type)::text = ANY ((ARRAY['VEHICLE'::character varying, 'ELECTRONICS'::character varying, 'REAL_ESTATE'::character varying, 'CLOTHING'::character varying, 'BOOKS'::character varying, 'SPORTS'::character varying, 'OTHER'::character varying])::text[]))),
    CONSTRAINT listings_status_check CHECK (((status)::text = ANY ((ARRAY['ACTIVE'::character varying, 'RESERVED'::character varying, 'INACTIVE'::character varying, 'DRAFT'::character varying, 'SOLD'::character varying])::text[])))
);


ALTER TABLE public.listings OWNER TO postgres;

--
-- Name: messages; Type: TABLE; Schema: public; Owner: postgres
--

CREATE TABLE public.messages (
    is_read boolean NOT NULL,
    chat_room_id bigint NOT NULL,
    created_at timestamp(6) without time zone,
    id bigint NOT NULL,
    recipient_id bigint NOT NULL,
    sender_id bigint NOT NULL,
    content text NOT NULL,
    message_type character varying(255) NOT NULL,
    CONSTRAINT messages_message_type_check CHECK (((message_type)::text = ANY ((ARRAY['TEXT'::character varying, 'IMAGE'::character varying, 'FILE'::character varying])::text[])))
);


ALTER TABLE public.messages OWNER TO postgres;

--
-- Name: messages_id_seq; Type: SEQUENCE; Schema: public; Owner: postgres
--

ALTER TABLE public.messages ALTER COLUMN id ADD GENERATED BY DEFAULT AS IDENTITY (
    SEQUENCE NAME public.messages_id_seq
    START WITH 1
    INCREMENT BY 1
    NO MINVALUE
    NO MAXVALUE
    CACHE 1
);


--
-- Name: notification_event_reads; Type: TABLE; Schema: public; Owner: postgres
--

CREATE TABLE public.notification_event_reads (
    read_at timestamp(6) without time zone NOT NULL,
    user_id bigint NOT NULL,
    event_id uuid NOT NULL,
    id uuid NOT NULL
);


ALTER TABLE public.notification_event_reads OWNER TO postgres;

--
-- Name: notification_events; Type: TABLE; Schema: public; Owner: postgres
--

CREATE TABLE public.notification_events (
    created_at timestamp(6) without time zone NOT NULL,
    id uuid NOT NULL,
    type character varying(50) NOT NULL,
    title character varying(200) NOT NULL,
    action_url character varying(500),
    message character varying(1000) NOT NULL,
    metadata jsonb,
    CONSTRAINT notification_events_type_check CHECK (((type)::text = ANY ((ARRAY['OFFER_RECEIVED'::character varying, 'OFFER_ACCEPTED'::character varying, 'OFFER_REJECTED'::character varying, 'OFFER_COUNTERED'::character varying, 'OFFER_EXPIRED'::character varying, 'ORDER_CREATED'::character varying, 'ORDER_STATUS_CHANGED'::character varying, 'ORDER_CANCELLED'::character varying, 'ORDER_RECEIVED'::character varying, 'CHAT_MESSAGE_RECEIVED'::character varying, 'LISTING_PRICE_DROPPED'::character varying, 'LISTING_NEW_FROM_FOLLOWED'::character varying, 'LISTING_SOLD'::character varying, 'LISTING_FAVORITED'::character varying, 'REVIEW_RECEIVED'::character varying, 'PAYMENT_SUCCESS'::character varying, 'PAYMENT_FAILED'::character varying, 'AGREEMENT_UPDATED'::character varying])::text[])))
);


ALTER TABLE public.notification_events OWNER TO postgres;

--
-- Name: notifications; Type: TABLE; Schema: public; Owner: postgres
--

CREATE TABLE public.notifications (
    is_read boolean NOT NULL,
    created_at timestamp(6) without time zone NOT NULL,
    read_at timestamp(6) without time zone,
    user_id bigint NOT NULL,
    id uuid NOT NULL,
    type character varying(50) NOT NULL,
    title character varying(200) NOT NULL,
    action_url character varying(500),
    message character varying(1000) NOT NULL,
    metadata jsonb,
    CONSTRAINT notifications_type_check CHECK (((type)::text = ANY ((ARRAY['OFFER_RECEIVED'::character varying, 'OFFER_ACCEPTED'::character varying, 'OFFER_REJECTED'::character varying, 'OFFER_COUNTERED'::character varying, 'OFFER_EXPIRED'::character varying, 'ORDER_CREATED'::character varying, 'ORDER_STATUS_CHANGED'::character varying, 'ORDER_CANCELLED'::character varying, 'ORDER_RECEIVED'::character varying, 'CHAT_MESSAGE_RECEIVED'::character varying, 'LISTING_PRICE_DROPPED'::character varying, 'LISTING_NEW_FROM_FOLLOWED'::character varying, 'LISTING_SOLD'::character varying, 'LISTING_FAVORITED'::character varying, 'REVIEW_RECEIVED'::character varying, 'PAYMENT_SUCCESS'::character varying, 'PAYMENT_FAILED'::character varying, 'AGREEMENT_UPDATED'::character varying])::text[])))
);


ALTER TABLE public.notifications OWNER TO postgres;

--
-- Name: offers; Type: TABLE; Schema: public; Owner: postgres
--

CREATE TABLE public.offers (
    quantity integer NOT NULL,
    total_price numeric(10,2) NOT NULL,
    buyer_id bigint NOT NULL,
    created_at timestamp(6) without time zone,
    expires_at timestamp(6) without time zone NOT NULL,
    seller_id bigint NOT NULL,
    updated_at timestamp(6) without time zone,
    id uuid NOT NULL,
    listing_id uuid NOT NULL,
    parent_offer_id uuid,
    created_by character varying(20) NOT NULL,
    status character varying(20) NOT NULL,
    CONSTRAINT offers_created_by_check CHECK (((created_by)::text = ANY ((ARRAY['BUYER'::character varying, 'SELLER'::character varying])::text[]))),
    CONSTRAINT offers_status_check CHECK (((status)::text = ANY ((ARRAY['PENDING'::character varying, 'ACCEPTED'::character varying, 'REJECTED'::character varying, 'EXPIRED'::character varying, 'COMPLETED'::character varying])::text[])))
);


ALTER TABLE public.offers OWNER TO postgres;

--
-- Name: order_item_cancels; Type: TABLE; Schema: public; Owner: postgres
--

CREATE TABLE public.order_item_cancels (
    cancelled_quantity integer NOT NULL,
    refund_amount numeric(10,2) NOT NULL,
    created_at timestamp(6) without time zone NOT NULL,
    id bigint NOT NULL,
    order_item_id bigint NOT NULL,
    reason_text character varying(1000),
    reason character varying(255) NOT NULL,
    CONSTRAINT order_item_cancels_reason_check CHECK (((reason)::text = ANY ((ARRAY['DEFECTIVE_PRODUCT'::character varying, 'WRONG_ITEM'::character varying, 'NOT_AS_DESCRIBED'::character varying, 'CHANGED_MIND'::character varying, 'DELAYED_DELIVERY'::character varying, 'OTHER'::character varying])::text[])))
);


ALTER TABLE public.order_item_cancels OWNER TO postgres;

--
-- Name: order_item_cancels_id_seq; Type: SEQUENCE; Schema: public; Owner: postgres
--

ALTER TABLE public.order_item_cancels ALTER COLUMN id ADD GENERATED BY DEFAULT AS IDENTITY (
    SEQUENCE NAME public.order_item_cancels_id_seq
    START WITH 1
    INCREMENT BY 1
    NO MINVALUE
    NO MAXVALUE
    CACHE 1
);


--
-- Name: order_item_escrows; Type: TABLE; Schema: public; Owner: postgres
--

CREATE TABLE public.order_item_escrows (
    amount numeric(10,2) NOT NULL,
    created_at timestamp(6) without time zone NOT NULL,
    id bigint NOT NULL,
    order_id bigint NOT NULL,
    order_item_id bigint NOT NULL,
    seller_id bigint NOT NULL,
    updated_at timestamp(6) without time zone,
    status character varying(255) NOT NULL,
    CONSTRAINT order_item_escrows_status_check CHECK (((status)::text = ANY ((ARRAY['PENDING'::character varying, 'COMPLETED'::character varying, 'REFUNDED'::character varying, 'CANCELLED'::character varying])::text[])))
);


ALTER TABLE public.order_item_escrows OWNER TO postgres;

--
-- Name: order_item_escrows_id_seq; Type: SEQUENCE; Schema: public; Owner: postgres
--

ALTER TABLE public.order_item_escrows ALTER COLUMN id ADD GENERATED BY DEFAULT AS IDENTITY (
    SEQUENCE NAME public.order_item_escrows_id_seq
    START WITH 1
    INCREMENT BY 1
    NO MINVALUE
    NO MAXVALUE
    CACHE 1
);


--
-- Name: order_item_refunds; Type: TABLE; Schema: public; Owner: postgres
--

CREATE TABLE public.order_item_refunds (
    refund_amount numeric(10,2) NOT NULL,
    refunded_quantity integer NOT NULL,
    created_at timestamp(6) without time zone NOT NULL,
    id bigint NOT NULL,
    order_item_id bigint NOT NULL,
    reason_text character varying(1000),
    reason character varying(255) NOT NULL,
    CONSTRAINT order_item_refunds_reason_check CHECK (((reason)::text = ANY ((ARRAY['DEFECTIVE_PRODUCT'::character varying, 'WRONG_ITEM'::character varying, 'NOT_AS_DESCRIBED'::character varying, 'CHANGED_MIND'::character varying, 'DELAYED_DELIVERY'::character varying, 'OTHER'::character varying])::text[])))
);


ALTER TABLE public.order_item_refunds OWNER TO postgres;

--
-- Name: order_item_refunds_id_seq; Type: SEQUENCE; Schema: public; Owner: postgres
--

ALTER TABLE public.order_item_refunds ALTER COLUMN id ADD GENERATED BY DEFAULT AS IDENTITY (
    SEQUENCE NAME public.order_item_refunds_id_seq
    START WITH 1
    INCREMENT BY 1
    NO MINVALUE
    NO MAXVALUE
    CACHE 1
);


--
-- Name: order_items; Type: TABLE; Schema: public; Owner: postgres
--

CREATE TABLE public.order_items (
    currency character varying(3) NOT NULL,
    quantity integer NOT NULL,
    total_price numeric(10,2) NOT NULL,
    unit_price numeric(10,2) NOT NULL,
    created_at timestamp(6) without time zone NOT NULL,
    id bigint NOT NULL,
    order_id bigint NOT NULL,
    seller_id bigint NOT NULL,
    listing_id uuid NOT NULL,
    notes character varying(500),
    listing_type character varying(255),
    CONSTRAINT order_items_listing_type_check CHECK (((listing_type)::text = ANY ((ARRAY['VEHICLE'::character varying, 'ELECTRONICS'::character varying, 'REAL_ESTATE'::character varying, 'CLOTHING'::character varying, 'BOOKS'::character varying, 'SPORTS'::character varying, 'OTHER'::character varying])::text[])))
);


ALTER TABLE public.order_items OWNER TO postgres;

--
-- Name: order_items_id_seq; Type: SEQUENCE; Schema: public; Owner: postgres
--

ALTER TABLE public.order_items ALTER COLUMN id ADD GENERATED BY DEFAULT AS IDENTITY (
    SEQUENCE NAME public.order_items_id_seq
    START WITH 1
    INCREMENT BY 1
    NO MINVALUE
    NO MAXVALUE
    CACHE 1
);


--
-- Name: orders; Type: TABLE; Schema: public; Owner: postgres
--

CREATE TABLE public.orders (
    campaign_discount numeric(10,2),
    coupon_discount numeric(10,2),
    currency character varying(3) NOT NULL,
    discount_total numeric(10,2),
    subtotal numeric(10,2),
    total_amount numeric(10,2) NOT NULL,
    billing_address_id bigint,
    created_at timestamp(6) without time zone NOT NULL,
    id bigint NOT NULL,
    shipping_address_id bigint NOT NULL,
    updated_at timestamp(6) without time zone,
    user_id bigint NOT NULL,
    version bigint,
    name character varying(100),
    notes character varying(1000),
    coupon_code character varying(255),
    order_number character varying(255) NOT NULL,
    payment_method character varying(255),
    payment_reference character varying(255),
    payment_status character varying(255),
    status character varying(255) NOT NULL,
    CONSTRAINT orders_payment_method_check CHECK (((payment_method)::text = ANY ((ARRAY['CREDIT_CARD'::character varying, 'TRANSFER'::character varying, 'EWALLET'::character varying])::text[]))),
    CONSTRAINT orders_payment_status_check CHECK (((payment_status)::text = ANY ((ARRAY['PENDING'::character varying, 'PAID'::character varying, 'FAILED'::character varying, 'REFUNDED'::character varying, 'PARTIALLY_REFUNDED'::character varying])::text[]))),
    CONSTRAINT orders_status_check CHECK (((status)::text = ANY ((ARRAY['PENDING'::character varying, 'CONFIRMED'::character varying, 'PROCESSING'::character varying, 'SHIPPED'::character varying, 'DELIVERED'::character varying, 'COMPLETED'::character varying, 'CANCELLED'::character varying, 'REFUNDED'::character varying])::text[])))
);


ALTER TABLE public.orders OWNER TO postgres;

--
-- Name: orders_id_seq; Type: SEQUENCE; Schema: public; Owner: postgres
--

ALTER TABLE public.orders ALTER COLUMN id ADD GENERATED BY DEFAULT AS IDENTITY (
    SEQUENCE NAME public.orders_id_seq
    START WITH 1
    INCREMENT BY 1
    NO MINVALUE
    NO MAXVALUE
    CACHE 1
);


--
-- Name: payment; Type: TABLE; Schema: public; Owner: postgres
--

CREATE TABLE public.payment (
    amount numeric(38,2),
    is_success boolean NOT NULL,
    from_user_id bigint NOT NULL,
    processed_at timestamp(6) without time zone,
    to_user_id bigint,
    version bigint,
    id uuid NOT NULL,
    listing_id uuid,
    idempotency_key character varying(255),
    payment_direction character varying(255) NOT NULL,
    payment_type character varying(255),
    transaction_type character varying(255) NOT NULL,
    CONSTRAINT payment_payment_direction_check CHECK (((payment_direction)::text = ANY ((ARRAY['INCOMING'::character varying, 'OUTGOING'::character varying])::text[]))),
    CONSTRAINT payment_payment_type_check CHECK (((payment_type)::text = ANY ((ARRAY['CREDIT_CARD'::character varying, 'TRANSFER'::character varying, 'EWALLET'::character varying])::text[]))),
    CONSTRAINT payment_transaction_type_check CHECK (((transaction_type)::text = ANY ((ARRAY['LISTING_CREATION'::character varying, 'ITEM_PURCHASE'::character varying, 'ITEM_SALE'::character varying, 'REFUND'::character varying, 'EWALLET_DEPOSIT'::character varying, 'EWALLET_WITHDRAWAL'::character varying, 'EWALLET_PAYMENT_RECEIVED'::character varying, 'SHOWCASE_PAYMENT'::character varying])::text[])))
);


ALTER TABLE public.payment OWNER TO postgres;

--
-- Name: price_history; Type: TABLE; Schema: public; Owner: postgres
--

CREATE TABLE public.price_history (
    new_price numeric(10,2) NOT NULL,
    old_price numeric(10,2),
    percentage_change numeric(5,2),
    change_date timestamp(6) without time zone NOT NULL,
    id bigint NOT NULL,
    listing_id uuid NOT NULL,
    change_reason character varying(255),
    currency character varying(255) NOT NULL,
    CONSTRAINT price_history_currency_check CHECK (((currency)::text = ANY ((ARRAY['USD'::character varying, 'TRY'::character varying, 'EUR'::character varying])::text[])))
);


ALTER TABLE public.price_history OWNER TO postgres;

--
-- Name: price_history_id_seq; Type: SEQUENCE; Schema: public; Owner: postgres
--

ALTER TABLE public.price_history ALTER COLUMN id ADD GENERATED BY DEFAULT AS IDENTITY (
    SEQUENCE NAME public.price_history_id_seq
    START WITH 1
    INCREMENT BY 1
    NO MINVALUE
    NO MAXVALUE
    CACHE 1
);


--
-- Name: real_estate_ad_types; Type: TABLE; Schema: public; Owner: postgres
--

CREATE TABLE public.real_estate_ad_types (
    id uuid NOT NULL,
    label character varying(120) NOT NULL,
    name character varying(120) NOT NULL
);


ALTER TABLE public.real_estate_ad_types OWNER TO postgres;

--
-- Name: real_estate_listings; Type: TABLE; Schema: public; Owner: postgres
--

CREATE TABLE public.real_estate_listings (
    bathroom_count integer,
    building_age integer,
    floor integer,
    is_furnished boolean NOT NULL,
    room_count integer NOT NULL,
    square_meters integer NOT NULL,
    ad_type_id uuid NOT NULL,
    heating_type_id uuid,
    id uuid NOT NULL,
    owner_type_id uuid NOT NULL,
    real_estate_type_id uuid NOT NULL,
    zoning_status character varying(120)
);


ALTER TABLE public.real_estate_listings OWNER TO postgres;

--
-- Name: real_estate_types; Type: TABLE; Schema: public; Owner: postgres
--

CREATE TABLE public.real_estate_types (
    id uuid NOT NULL,
    label character varying(120) NOT NULL,
    name character varying(120) NOT NULL
);


ALTER TABLE public.real_estate_types OWNER TO postgres;

--
-- Name: reviews; Type: TABLE; Schema: public; Owner: postgres
--

CREATE TABLE public.reviews (
    id integer NOT NULL,
    rating integer NOT NULL,
    created_at timestamp(6) without time zone NOT NULL,
    order_item_id bigint NOT NULL,
    reviewed_user_id bigint NOT NULL,
    reviewer_id bigint NOT NULL,
    updated_at timestamp(6) without time zone,
    comment character varying(1000)
);


ALTER TABLE public.reviews OWNER TO postgres;

--
-- Name: reviews_id_seq; Type: SEQUENCE; Schema: public; Owner: postgres
--

ALTER TABLE public.reviews ALTER COLUMN id ADD GENERATED BY DEFAULT AS IDENTITY (
    SEQUENCE NAME public.reviews_id_seq
    START WITH 1
    INCREMENT BY 1
    NO MINVALUE
    NO MAXVALUE
    CACHE 1
);


--
-- Name: seller_follows; Type: TABLE; Schema: public; Owner: postgres
--

CREATE TABLE public.seller_follows (
    notify_on_new_listing boolean NOT NULL,
    created_at timestamp(6) without time zone NOT NULL,
    followed_id bigint NOT NULL,
    follower_id bigint NOT NULL,
    id bigint NOT NULL
);


ALTER TABLE public.seller_follows OWNER TO postgres;

--
-- Name: seller_follows_id_seq; Type: SEQUENCE; Schema: public; Owner: postgres
--

ALTER TABLE public.seller_follows ALTER COLUMN id ADD GENERATED BY DEFAULT AS IDENTITY (
    SEQUENCE NAME public.seller_follows_id_seq
    START WITH 1
    INCREMENT BY 1
    NO MINVALUE
    NO MAXVALUE
    CACHE 1
);


--
-- Name: shippings; Type: TABLE; Schema: public; Owner: postgres
--

CREATE TABLE public.shippings (
    created_at timestamp(6) without time zone NOT NULL,
    delivered_at timestamp(6) without time zone,
    id bigint NOT NULL,
    in_transit_at timestamp(6) without time zone,
    order_id bigint NOT NULL,
    updated_at timestamp(6) without time zone,
    status character varying(255) NOT NULL,
    CONSTRAINT shippings_status_check CHECK (((status)::text = ANY ((ARRAY['PENDING'::character varying, 'IN_TRANSIT'::character varying, 'DELIVERED'::character varying, 'CANCELLED'::character varying])::text[])))
);


ALTER TABLE public.shippings OWNER TO postgres;

--
-- Name: shippings_id_seq; Type: SEQUENCE; Schema: public; Owner: postgres
--

ALTER TABLE public.shippings ALTER COLUMN id ADD GENERATED BY DEFAULT AS IDENTITY (
    SEQUENCE NAME public.shippings_id_seq
    START WITH 1
    INCREMENT BY 1
    NO MINVALUE
    NO MAXVALUE
    CACHE 1
);


--
-- Name: showcases; Type: TABLE; Schema: public; Owner: postgres
--

CREATE TABLE public.showcases (
    daily_cost numeric(10,2) NOT NULL,
    total_cost numeric(10,2) NOT NULL,
    created_at timestamp(6) without time zone NOT NULL,
    end_date timestamp(6) without time zone NOT NULL,
    start_date timestamp(6) without time zone NOT NULL,
    updated_at timestamp(6) without time zone,
    user_id bigint NOT NULL,
    id uuid NOT NULL,
    listing_id uuid NOT NULL,
    status character varying(255) NOT NULL,
    CONSTRAINT showcases_status_check CHECK (((status)::text = ANY ((ARRAY['ACTIVE'::character varying, 'EXPIRED'::character varying, 'CANCELLED'::character varying])::text[])))
);


ALTER TABLE public.showcases OWNER TO postgres;

--
-- Name: sport_conditions; Type: TABLE; Schema: public; Owner: postgres
--

CREATE TABLE public.sport_conditions (
    id uuid NOT NULL,
    label character varying(120) NOT NULL,
    name character varying(120) NOT NULL
);


ALTER TABLE public.sport_conditions OWNER TO postgres;

--
-- Name: sport_disciplines; Type: TABLE; Schema: public; Owner: postgres
--

CREATE TABLE public.sport_disciplines (
    id uuid NOT NULL,
    label character varying(120) NOT NULL,
    name character varying(120) NOT NULL
);


ALTER TABLE public.sport_disciplines OWNER TO postgres;

--
-- Name: sport_equipment_types; Type: TABLE; Schema: public; Owner: postgres
--

CREATE TABLE public.sport_equipment_types (
    id uuid NOT NULL,
    label character varying(120) NOT NULL,
    name character varying(120) NOT NULL
);


ALTER TABLE public.sport_equipment_types OWNER TO postgres;

--
-- Name: sports_listings; Type: TABLE; Schema: public; Owner: postgres
--

CREATE TABLE public.sports_listings (
    id uuid NOT NULL,
    sport_condition_id uuid,
    sport_discipline_id uuid,
    sport_equipment_type_id uuid
);


ALTER TABLE public.sports_listings OWNER TO postgres;

--
-- Name: tokens; Type: TABLE; Schema: public; Owner: postgres
--

CREATE TABLE public.tokens (
    remember_me boolean DEFAULT false NOT NULL,
    created_at timestamp(6) without time zone NOT NULL,
    expires_at timestamp(6) without time zone NOT NULL,
    user_id bigint NOT NULL,
    family_id uuid,
    id uuid NOT NULL,
    parent_token_id uuid,
    token character varying(1000) NOT NULL,
    token_status character varying(255) NOT NULL,
    token_type character varying(255) NOT NULL,
    CONSTRAINT tokens_token_status_check CHECK (((token_status)::text = ANY ((ARRAY['EXPIRED'::character varying, 'REVOKED'::character varying, 'ACTIVE'::character varying])::text[]))),
    CONSTRAINT tokens_token_type_check CHECK (((token_type)::text = ANY ((ARRAY['ACCESS_TOKEN'::character varying, 'REFRESH_TOKEN'::character varying, 'EMAIL_VERIFICATION'::character varying, 'PASSWORD_RESET'::character varying])::text[])))
);


ALTER TABLE public.tokens OWNER TO postgres;

--
-- Name: user_agreements; Type: TABLE; Schema: public; Owner: postgres
--

CREATE TABLE public.user_agreements (
    accepted_date date,
    is_accepted_the_last_version boolean NOT NULL,
    user_id bigint NOT NULL,
    agreement_agreement_id uuid NOT NULL,
    user_agreement_id uuid NOT NULL,
    accepted_version character varying(50)
);


ALTER TABLE public.user_agreements OWNER TO postgres;

--
-- Name: user_memories; Type: TABLE; Schema: public; Owner: postgres
--

CREATE TABLE public.user_memories (
    user_id bigint NOT NULL,
    preferred_tone character varying(50),
    user_name character varying(200),
    second_hand_profile_json character varying(32600),
    summary_of_past_conversations character varying(32600),
    user_notes character varying(32600)
);


ALTER TABLE public.user_memories OWNER TO postgres;

--
-- Name: user_memory_interests; Type: TABLE; Schema: public; Owner: postgres
--

CREATE TABLE public.user_memory_interests (
    user_id bigint NOT NULL,
    interest character varying(200) NOT NULL
);


ALTER TABLE public.user_memory_interests OWNER TO postgres;

--
-- Name: users; Type: TABLE; Schema: public; Owner: postgres
--

CREATE TABLE public.users (
    acc_creation_date date,
    account_verified boolean NOT NULL,
    birthdate date,
    id bigint NOT NULL,
    last_login_date timestamp(6) without time zone,
    acc_status character varying(255) NOT NULL,
    email character varying(255) NOT NULL,
    gender character varying(255) NOT NULL,
    last_login_ip character varying(255),
    name character varying(255) NOT NULL,
    password character varying(255),
    phone character varying(255) NOT NULL,
    provider character varying(255),
    surname character varying(255) NOT NULL,
    CONSTRAINT users_acc_status_check CHECK (((acc_status)::text = ANY ((ARRAY['ACTIVE'::character varying, 'PENDING'::character varying, 'CLOSED'::character varying, 'BLOCKED'::character varying])::text[]))),
    CONSTRAINT users_gender_check CHECK (((gender)::text = ANY ((ARRAY['MALE'::character varying, 'FEMALE'::character varying, 'PREFER_NOT_TO_SAY'::character varying])::text[]))),
    CONSTRAINT users_provider_check CHECK (((provider)::text = ANY ((ARRAY['GOOGLE'::character varying, 'GITHUB'::character varying, 'LOCAL'::character varying, 'FACEBOOK'::character varying])::text[])))
);


ALTER TABLE public.users OWNER TO postgres;

--
-- Name: users_id_seq; Type: SEQUENCE; Schema: public; Owner: postgres
--

ALTER TABLE public.users ALTER COLUMN id ADD GENERATED BY DEFAULT AS IDENTITY (
    SEQUENCE NAME public.users_id_seq
    START WITH 1
    INCREMENT BY 1
    NO MINVALUE
    NO MAXVALUE
    CACHE 1
);


--
-- Name: vehicle_listings; Type: TABLE; Schema: public; Owner: postgres
--

CREATE TABLE public.vehicle_listings (
    accident_history boolean,
    engine_capacity integer,
    fuel_capacity integer,
    fuel_consumption integer,
    horse_power integer,
    inspection_valid_until date,
    kilometers_per_liter integer,
    mileage integer,
    swap boolean NOT NULL,
    wheels integer,
    year integer,
    car_brand_id uuid,
    id uuid NOT NULL,
    vehicle_model_id uuid,
    vehicle_type_id uuid,
    accident_details character varying(255),
    body_type character varying(255),
    color character varying(255),
    doors character varying(255),
    drivetrain character varying(255),
    fuel_type character varying(255),
    gearbox character varying(255),
    seat_count character varying(255),
    CONSTRAINT vehicle_listings_body_type_check CHECK (((body_type)::text = ANY ((ARRAY['SEDAN'::character varying, 'HATCHBACK'::character varying, 'SUV'::character varying, 'COUPE'::character varying, 'CONVERTIBLE'::character varying, 'WAGON'::character varying, 'PICKUP'::character varying, 'VAN'::character varying, 'OTHER'::character varying])::text[]))),
    CONSTRAINT vehicle_listings_color_check CHECK (((color)::text = ANY ((ARRAY['WHITE'::character varying, 'BLACK'::character varying, 'SILVER'::character varying, 'GRAY'::character varying, 'NARDO_GRAY'::character varying, 'GUNMETAL'::character varying, 'RED'::character varying, 'ROSSO_CORSA'::character varying, 'DEEP_BLACK'::character varying, 'PEARL_WHITE'::character varying, 'METALLIC_GRAY'::character varying, 'CANDY_RED'::character varying, 'FOREST_GREEN'::character varying, 'SUNSET_ORANGE'::character varying, 'ROYAL_PURPLE'::character varying, 'CHAMPAGNE_GOLD'::character varying, 'BLUE'::character varying, 'MIDNIGHT_BLUE'::character varying, 'ATLANTIC_BLUE'::character varying, 'BRITISH_RACING_GREEN'::character varying, 'GREEN'::character varying, 'YELLOW'::character varying, 'SUNBURST_YELLOW'::character varying, 'ORANGE'::character varying, 'LAVA_ORANGE'::character varying, 'BROWN'::character varying, 'BEIGE'::character varying, 'PURPLE_AMETHYST'::character varying, 'MATTE_BLACK'::character varying])::text[]))),
    CONSTRAINT vehicle_listings_doors_check CHECK (((doors)::text = ANY ((ARRAY['TWO'::character varying, 'FOUR'::character varying])::text[]))),
    CONSTRAINT vehicle_listings_drivetrain_check CHECK (((drivetrain)::text = ANY ((ARRAY['FWD'::character varying, 'RWD'::character varying, 'AWD'::character varying, 'FOUR_X_FOUR'::character varying])::text[]))),
    CONSTRAINT vehicle_listings_fuel_type_check CHECK (((fuel_type)::text = ANY ((ARRAY['HYBRID'::character varying, 'DIESEL'::character varying, 'GASOLINE'::character varying, 'ELECTRIC'::character varying, 'LPG'::character varying])::text[]))),
    CONSTRAINT vehicle_listings_gearbox_check CHECK (((gearbox)::text = ANY ((ARRAY['MANUAL'::character varying, 'AUTOMATIC'::character varying, 'SEMI_AUTOMATIC'::character varying, 'CVT'::character varying])::text[]))),
    CONSTRAINT vehicle_listings_seat_count_check CHECK (((seat_count)::text = ANY ((ARRAY['TWO'::character varying, 'FOUR'::character varying, 'FIVE'::character varying, 'SEVEN'::character varying, 'EIGHT'::character varying, 'NINE'::character varying, 'TEN'::character varying, 'MORE_THAN_TEN'::character varying])::text[])))
);


ALTER TABLE public.vehicle_listings OWNER TO postgres;

--
-- Name: vehicle_models; Type: TABLE; Schema: public; Owner: postgres
--

CREATE TABLE public.vehicle_models (
    car_brand_id uuid NOT NULL,
    id uuid NOT NULL,
    vehicle_type_id uuid,
    name character varying(160) NOT NULL
);


ALTER TABLE public.vehicle_models OWNER TO postgres;

--
-- Name: vehicle_types; Type: TABLE; Schema: public; Owner: postgres
--

CREATE TABLE public.vehicle_types (
    id uuid NOT NULL,
    label character varying(120) NOT NULL,
    name character varying(120) NOT NULL
);


ALTER TABLE public.vehicle_types OWNER TO postgres;

--
-- Name: verification_codes; Type: TABLE; Schema: public; Owner: postgres
--

CREATE TABLE public.verification_codes (
    is_verified boolean,
    verification_attempt_left integer,
    code_expires_at timestamp(6) without time zone,
    created_at timestamp(6) without time zone,
    user_id bigint NOT NULL,
    id uuid NOT NULL,
    code character varying(255),
    code_type character varying(255),
    CONSTRAINT verification_codes_code_type_check CHECK (((code_type)::text = ANY ((ARRAY['ACCOUNT_VERIFICATION'::character varying, 'PASSWORD_RESET'::character varying, 'PASSWORD_FORGOT'::character varying, 'EMAIL_UPDATE'::character varying, 'PHONE_UPDATE'::character varying, 'PAYMENT_VERIFICATION'::character varying])::text[])))
);


ALTER TABLE public.verification_codes OWNER TO postgres;

--
-- Data for Name: addresses; Type: TABLE DATA; Schema: public; Owner: postgres
--

COPY public.addresses (main_address, id, user_id, address_line, address_type, city, country, postal_code, state) FROM stdin;
t	1	3	Mock Address 1 , St George	HOME	İstanbul	Türkiye	34800	Beykoz
t	2	1	Mock Address 2 , Herhangi Bir Adres	HOME	Ankara	Türkiye	35132	State
t	3	2	Random Address Line, Mock Address 215	HOME	Florida	USA	92104	Washington
\.


--
-- Data for Name: agreement_requirements; Type: TABLE DATA; Schema: public; Owner: postgres
--

COPY public.agreement_requirements (active, created_date, display_order, updated_date, id, agreement_type, group_code) FROM stdin;
t	2026-04-09	1	2026-04-09	eaadfebc-a896-400e-99b6-1099be1b25c6	TERMS_OF_SERVICE	REGISTER
t	2026-04-09	2	2026-04-09	79e1d0a4-baa8-4a38-85af-139fbed4337e	PRIVACY_POLICY	REGISTER
t	2026-04-09	3	2026-04-09	51b1b45e-0b56-415b-b857-a4436ad4e992	KVKK	REGISTER
t	2026-04-09	1	2026-04-09	9760ecbb-30dc-4c13-a62a-b549194ce7f6	DISTANCE_SELLING	ONLINE_PAYMENT
t	2026-04-09	2	2026-04-09	6c48f4f3-6b0c-4872-a192-8cde155ecdef	PAYMENT_TERMS	ONLINE_PAYMENT
\.


--
-- Data for Name: agreement_update_events; Type: TABLE DATA; Schema: public; Owner: postgres
--

COPY public.agreement_update_events (detected_at, id, version, agreement_type) FROM stdin;
2026-04-09 00:07:14.675147	ff3ae12b-e4ad-4286-bf85-2ff4a6fac30f	1.0.0	TERMS_OF_SERVICE
2026-04-09 00:07:14.791874	fa8fa241-4fa6-4fc4-8cd4-6a6dd8fdca9d	1.0.0	PRIVACY_POLICY
2026-04-09 00:07:14.804557	cdc22b8f-c32b-4816-a832-6969c2cfbfde	1.0.0	KVKK
2026-04-09 00:07:14.817133	36d8a80a-67e3-4753-9983-d63b4f8caf61	1.0.0	DISTANCE_SELLING
2026-04-09 00:07:14.836992	058784d3-5cdb-4dfc-a875-2e15dd713c18	1.0.0	PAYMENT_TERMS
\.


--
-- Data for Name: agreements; Type: TABLE DATA; Schema: public; Owner: postgres
--

COPY public.agreements (created_date, updated_date, agreement_id, agreement_type, content, version) FROM stdin;
2026-04-09	2026-04-09	a4c062c3-fc7c-4a36-835c-aadad757a684	TERMS_OF_SERVICE	Welcome to SecondHand! By using our platform, you agree to the following terms of service: \n\n1. You must be at least 18 years old to create an account.\n2. You are responsible for maintaining the confidentiality of your account credentials.\n3. All items listed must comply with our prohibited items policy.\n4. Payments and transactions are subject to our platform rules.\n5. SecondHand is not liable for any disputes between users.\n6. We may update these terms at any time; continued use of the platform constitutes acceptance of the updated terms.\n\nThank you for using SecondHand!	1.0.0
2026-04-09	2026-04-09	e0c3f11d-aa76-4899-96a0-78795d5b4712	PRIVACY_POLICY	SecondHand Privacy Policy:\n\n1. We collect only necessary personal data.\n2. Data is used to improve platform services.\n3. We do not share personal data with third parties without consent.\n4. Users can request data deletion at any time.\n5. Continued use of the platform constitutes acceptance of this privacy policy.	1.0.0
2026-04-09	2026-04-09	83e3a642-a94c-4803-b314-2cb8ed91122c	KVKK	SecondHand KVKK Notice:\n\n1. Personal data is collected and processed according to Turkish KVKK regulations.\n2. Users have the right to access, correct, and delete their personal data.\n3. We ensure data security with appropriate technical and organizational measures.\n4. Users can contact our support for any data-related requests.\n5. Using the platform implies agreement to KVKK terms.	1.0.0
2026-04-09	2026-04-09	4042814a-613d-4bab-9133-1f07eff3dcfd	DISTANCE_SELLING	Distance Selling Agreement:\n\n1. This agreement applies to all sales transactions conducted through the SecondHand platform.\n2. The seller is responsible for providing accurate and truthful information regarding the product?s condition and features.\n3. The buyer has the right to withdraw from the purchase within 14 days of receiving the product.\n4. All payment transactions are processed through secure and certified payment systems.\n5. Delivery times and conditions are determined by the seller.\n6. The platform serves as an intermediary in case of any disputes between the seller and the buyer.\n7. By accepting this agreement, you acknowledge and agree to the terms of the distance selling policy.	1.0.0
2026-04-09	2026-04-09	a39e9430-f9c8-4f3b-b0b1-fda50f779092	PAYMENT_TERMS	\n\n1. All payment transactions are secured with SSL encryption.\n2. Your credit card details are stored in an encrypted format and never shared with third parties.\n3. Additional security measures (such as 3D Secure) may be required during the payment process.\n4. If a payment fails, the transaction will be canceled and no charges will be applied.\n5. Refunds are processed within 5?7 business days.\n6. The platform is not liable for any technical issues that may occur during payment processing.\n7. By proceeding with the payment, you acknowledge and agree to these terms.	1.0.0
\.


--
-- Data for Name: audit_logs; Type: TABLE DATA; Schema: public; Owner: postgres
--

COPY public.audit_logs (created_at, id, user_id, ip_address, user_agent, details, error_message, event_status, event_type, user_email) FROM stdin;
2026-04-09 00:12:16.47162	1	\N	0:0:0:0:0:0:0:1	Mozilla/5.0 (Macintosh; Intel Mac OS X 10_15_7) AppleWebKit/537.36 (KHTML, like Gecko) Chrome/146.0.0.0 Safari/537.36	Login failed	Bad credentials	FAILURE	LOGIN_FAILURE	serhathyesilbas@gmail.com
2026-04-09 00:20:38.161156	2	\N	0:0:0:0:0:0:0:1	Mozilla/5.0 (Macintosh; Intel Mac OS X 10_15_7) AppleWebKit/537.36 (KHTML, like Gecko) Chrome/146.0.0.0 Safari/537.36	User logged out successfully	\N	SUCCESS	LOGOUT	shyesilbas@gmail.com
2026-04-09 22:05:04.126996	3	\N	0:0:0:0:0:0:0:1	Mozilla/5.0 (Macintosh; Intel Mac OS X 10_15_7) AppleWebKit/537.36 (KHTML, like Gecko) Chrome/146.0.0.0 Safari/537.36	User logged out successfully	\N	SUCCESS	LOGOUT	serhathyesilbas@gmail.com
2026-04-09 22:07:11.252874	4	\N	0:0:0:0:0:0:0:1	Mozilla/5.0 (Macintosh; Intel Mac OS X 10_15_7) AppleWebKit/537.36 (KHTML, like Gecko) Chrome/146.0.0.0 Safari/537.36	Login successful	\N	SUCCESS	LOGIN_SUCCESS	victorw@gmail.com
2026-04-09 22:17:29.917682	5	\N	0:0:0:0:0:0:0:1	Mozilla/5.0 (Macintosh; Intel Mac OS X 10_15_7) AppleWebKit/537.36 (KHTML, like Gecko) Chrome/146.0.0.0 Safari/537.36	User logged out successfully	\N	SUCCESS	LOGOUT	victorw@gmail.com
2026-04-09 22:18:32.804132	6	\N	0:0:0:0:0:0:0:1	Mozilla/5.0 (Macintosh; Intel Mac OS X 10_15_7) AppleWebKit/537.36 (KHTML, like Gecko) Chrome/146.0.0.0 Safari/537.36	User logged out successfully	\N	SUCCESS	LOGOUT	shyesilbas@gmail.com
2026-04-09 22:18:36.586097	7	\N	0:0:0:0:0:0:0:1	Mozilla/5.0 (Macintosh; Intel Mac OS X 10_15_7) AppleWebKit/537.36 (KHTML, like Gecko) Chrome/146.0.0.0 Safari/537.36	Login successful	\N	SUCCESS	LOGIN_SUCCESS	victorw@gmail.com
2026-04-09 22:19:54.40101	8	\N	0:0:0:0:0:0:0:1	Mozilla/5.0 (Macintosh; Intel Mac OS X 10_15_7) AppleWebKit/537.36 (KHTML, like Gecko) Chrome/146.0.0.0 Safari/537.36	User logged out successfully	\N	SUCCESS	LOGOUT	victorw@gmail.com
2026-04-09 22:21:10.541328	9	\N	0:0:0:0:0:0:0:1	Mozilla/5.0 (Macintosh; Intel Mac OS X 10_15_7) AppleWebKit/537.36 (KHTML, like Gecko) Chrome/146.0.0.0 Safari/537.36	User logged out successfully	\N	SUCCESS	LOGOUT	shyesilbas@gmail.com
2026-04-09 22:24:03.5349	10	\N	0:0:0:0:0:0:0:1	Mozilla/5.0 (Macintosh; Intel Mac OS X 10_15_7) AppleWebKit/537.36 (KHTML, like Gecko) Chrome/146.0.0.0 Safari/537.36	User logged out successfully	\N	SUCCESS	LOGOUT	serhathyesilbas@gmail.com
2026-04-09 22:24:08.043371	11	\N	0:0:0:0:0:0:0:1	Mozilla/5.0 (Macintosh; Intel Mac OS X 10_15_7) AppleWebKit/537.36 (KHTML, like Gecko) Chrome/146.0.0.0 Safari/537.36	Login successful	\N	SUCCESS	LOGIN_SUCCESS	victorw@gmail.com
2026-04-09 22:30:29.620094	12	\N	0:0:0:0:0:0:0:1	Mozilla/5.0 (Macintosh; Intel Mac OS X 10_15_7) AppleWebKit/537.36 (KHTML, like Gecko) Chrome/146.0.0.0 Safari/537.36	User logged out successfully	\N	SUCCESS	LOGOUT	victorw@gmail.com
2026-04-09 23:02:59.999915	13	\N	0:0:0:0:0:0:0:1	Mozilla/5.0 (Macintosh; Intel Mac OS X 10_15_7) AppleWebKit/537.36 (KHTML, like Gecko) Chrome/146.0.0.0 Safari/537.36	User logged out successfully	\N	SUCCESS	LOGOUT	shyesilbas@gmail.com
2026-04-09 23:11:47.917815	14	\N	0:0:0:0:0:0:0:1	Mozilla/5.0 (Macintosh; Intel Mac OS X 10_15_7) AppleWebKit/537.36 (KHTML, like Gecko) Chrome/146.0.0.0 Safari/537.36	User logged out successfully	\N	SUCCESS	LOGOUT	serhathyesilbas@gmail.com
2026-04-09 23:11:52.887219	15	\N	0:0:0:0:0:0:0:1	Mozilla/5.0 (Macintosh; Intel Mac OS X 10_15_7) AppleWebKit/537.36 (KHTML, like Gecko) Chrome/146.0.0.0 Safari/537.36	Login failed	could not execute statement [ERROR: new row for relation "emails" violates check constraint "emails_email_type_check"\n  Ayrıntı: Failing row contains (2026-04-09 23:11:52.835158, null, 3, 8919280c-22c8-4b21-aacb-81671402d42a, “Distance Selling” was updated v1.0.0. Click to review and a..., AGREEMENT_UPDATED, null, victorw@gmail.com, secondhand@noreply.com, SecondHand: Agreement updated).] [insert into emails (content,created_at,email_type,error_message,read_at,recipient_email,sender_email,subject,user_id,id) values (?,?,?,?,?,?,?,?,?,?)]; SQL [insert into emails (content,created_at,email_type,error_message,read_at,recipient_email,sender_email,subject,user_id,id) values (?,?,?,?,?,?,?,?,?,?)]; constraint [emails_email_type_check]	FAILURE	LOGIN_FAILURE	victorw@gmail.com
2026-04-09 23:16:05.366565	16	\N	0:0:0:0:0:0:0:1	Mozilla/5.0 (Macintosh; Intel Mac OS X 10_15_7) AppleWebKit/537.36 (KHTML, like Gecko) Chrome/146.0.0.0 Safari/537.36	Login successful	\N	SUCCESS	LOGIN_SUCCESS	victorw@gmail.com
2026-04-09 23:16:22.798405	17	\N	0:0:0:0:0:0:0:1	Mozilla/5.0 (Macintosh; Intel Mac OS X 10_15_7) AppleWebKit/537.36 (KHTML, like Gecko) Chrome/146.0.0.0 Safari/537.36	User logged out successfully	\N	SUCCESS	LOGOUT	victorw@gmail.com
2026-04-09 23:16:26.436383	18	\N	0:0:0:0:0:0:0:1	Mozilla/5.0 (Macintosh; Intel Mac OS X 10_15_7) AppleWebKit/537.36 (KHTML, like Gecko) Chrome/146.0.0.0 Safari/537.36	Login successful	\N	SUCCESS	LOGIN_SUCCESS	victorw@gmail.com
2026-04-10 16:08:42.343692	19	\N	0:0:0:0:0:0:0:1	Mozilla/5.0 (Macintosh; Intel Mac OS X 10_15_7) AppleWebKit/537.36 (KHTML, like Gecko) Chrome/146.0.0.0 Safari/537.36	User logged out successfully	\N	SUCCESS	LOGOUT	victorw@gmail.com
2026-04-10 16:12:08.361274	20	\N	0:0:0:0:0:0:0:1	Mozilla/5.0 (Macintosh; Intel Mac OS X 10_15_7) AppleWebKit/537.36 (KHTML, like Gecko) Chrome/146.0.0.0 Safari/537.36	User logged out successfully	\N	SUCCESS	LOGOUT	shyesilbas@gmail.com
2026-04-10 16:12:53.146988	21	\N	0:0:0:0:0:0:0:1	Mozilla/5.0 (Macintosh; Intel Mac OS X 10_15_7) AppleWebKit/537.36 (KHTML, like Gecko) Chrome/146.0.0.0 Safari/537.36	User logged out successfully	\N	SUCCESS	LOGOUT	serhathyesilbas@gmail.com
2026-04-10 19:46:24.280903	22	\N	0:0:0:0:0:0:0:1	Mozilla/5.0 (Macintosh; Intel Mac OS X 10_15_7) AppleWebKit/537.36 (KHTML, like Gecko) Chrome/146.0.0.0 Safari/537.36	User logged out successfully	\N	SUCCESS	LOGOUT	shyesilbas@gmail.com
2026-04-10 19:54:47.685546	23	\N	0:0:0:0:0:0:0:1	Mozilla/5.0 (Macintosh; Intel Mac OS X 10_15_7) AppleWebKit/537.36 (KHTML, like Gecko) Chrome/146.0.0.0 Safari/537.36	User logged out successfully	\N	SUCCESS	LOGOUT	shyesilbas@gmail.com
2026-04-10 19:54:58.170478	24	\N	0:0:0:0:0:0:0:1	Mozilla/5.0 (Macintosh; Intel Mac OS X 10_15_7) AppleWebKit/537.36 (KHTML, like Gecko) Chrome/146.0.0.0 Safari/537.36	Login successful	\N	SUCCESS	LOGIN_SUCCESS	victorw@gmail.com
2026-04-10 22:24:32.259196	25	\N	0:0:0:0:0:0:0:1	Mozilla/5.0 (Macintosh; Intel Mac OS X 10_15_7) AppleWebKit/605.1.15 (KHTML, like Gecko) Version/26.3.1 Safari/605.1.15	Login successful	\N	SUCCESS	LOGIN_SUCCESS	victorw@gmail.com
2026-04-10 22:34:42.96082	26	\N	0:0:0:0:0:0:0:1	Mozilla/5.0 (Macintosh; Intel Mac OS X 10_15_7) AppleWebKit/537.36 (KHTML, like Gecko) Chrome/146.0.0.0 Safari/537.36	User logged out successfully	\N	SUCCESS	LOGOUT	victorw@gmail.com
2026-04-10 22:40:51.329374	27	\N	0:0:0:0:0:0:0:1	Mozilla/5.0 (Macintosh; Intel Mac OS X 10_15_7) AppleWebKit/605.1.15 (KHTML, like Gecko) Version/26.3.1 Safari/605.1.15	Login successful	\N	SUCCESS	LOGIN_SUCCESS	victorw@gmail.com
2026-04-11 19:31:34.167206	28	\N	0:0:0:0:0:0:0:1	Mozilla/5.0 (Macintosh; Intel Mac OS X 10_15_7) AppleWebKit/537.36 (KHTML, like Gecko) Chrome/147.0.0.0 Safari/537.36	User logged out successfully	\N	SUCCESS	LOGOUT	serhathyesilbas@gmail.com
2026-04-11 19:51:15.386513	29	\N	0:0:0:0:0:0:0:1	Mozilla/5.0 (Macintosh; Intel Mac OS X 10_15_7) AppleWebKit/537.36 (KHTML, like Gecko) Chrome/147.0.0.0 Safari/537.36	User logged out successfully	\N	SUCCESS	LOGOUT	shyesilbas@gmail.com
2026-04-11 19:51:19.862086	30	\N	0:0:0:0:0:0:0:1	Mozilla/5.0 (Macintosh; Intel Mac OS X 10_15_7) AppleWebKit/537.36 (KHTML, like Gecko) Chrome/147.0.0.0 Safari/537.36	Login successful	\N	SUCCESS	LOGIN_SUCCESS	victorw@gmail.com
\.


--
-- Data for Name: bank; Type: TABLE DATA; Schema: public; Owner: postgres
--

COPY public.bank (balance, created_at, to_user_id, version, id, iban) FROM stdin;
27500.00	2026-04-09 11:23:05.925206	2	1	eee63729-3f20-444f-b854-6e01f48fa2aa	TR4407562185578955
\.


--
-- Data for Name: book_conditions; Type: TABLE DATA; Schema: public; Owner: postgres
--

COPY public.book_conditions (id, name, label) FROM stdin;
d46c2422-e94f-4c94-8324-1418fe859b63	NEW	New
e35f9dfe-23f2-49d6-b5cf-aa983983ad0b	LIKE_NEW	Like New
4aa54b7f-7f58-4733-b64e-956afdfea65f	GOOD	Good
a5c11623-377d-4f70-ad1b-2c610d5cb252	FAIR	Fair
27bb4f21-b966-4324-ad7b-be8c99e26374	POOR	Poor
\.


--
-- Data for Name: book_formats; Type: TABLE DATA; Schema: public; Owner: postgres
--

COPY public.book_formats (id, name, label) FROM stdin;
3e5086f0-5360-45e2-8df9-d592eb0c9098	HARDCOVER	Hardcover
e4571939-d20c-49e8-b2f1-42237807c48b	PAPERBACK	Paperback
bbda8a38-e0c4-4ad0-ad8a-844a8e3f68c6	EBOOK	Ebook
aaa21c5a-56ec-422e-8857-f43ecc077f0a	SPIRAL	Spiral
4157b4fd-9d8b-4a27-86fa-9d19da227272	LARGE_PRINT	Large Print
8a16a6a8-45be-4dbd-950d-4d6886634655	POCKET	Pocket
\.


--
-- Data for Name: book_genres; Type: TABLE DATA; Schema: public; Owner: postgres
--

COPY public.book_genres (book_type_id, id, name, label) FROM stdin;
22e7b461-6365-48f2-8e70-0ddb12ba1300	4c88bfe1-e083-4c98-ade3-2101be0433a2	DERS_KITABI_MATEMATIK	Matematik
22e7b461-6365-48f2-8e70-0ddb12ba1300	8d000151-6001-4066-8c40-2e301eb02f29	DERS_KITABI_GEOMETRI	Geometri
22e7b461-6365-48f2-8e70-0ddb12ba1300	d1957b2a-0b3a-49f9-93da-709b0c14c36c	DERS_KITABI_FIZIK	Fizik
22e7b461-6365-48f2-8e70-0ddb12ba1300	12fa76a8-8b67-4019-a652-d63a4f87759c	DERS_KITABI_KIMYA	Kimya
22e7b461-6365-48f2-8e70-0ddb12ba1300	24ccd290-396c-49a9-b2bf-858c0d78dabf	DERS_KITABI_BIYOLOJI	Biyoloji
22e7b461-6365-48f2-8e70-0ddb12ba1300	2a90751d-e5da-4907-934a-2398b47aa313	DERS_KITABI_TARIH	Tarih
22e7b461-6365-48f2-8e70-0ddb12ba1300	aa7fb5f0-152b-4f85-8164-649329a009a3	DERS_KITABI_COGRAFYA	Coğrafya
22e7b461-6365-48f2-8e70-0ddb12ba1300	63b17da6-efe6-437b-a677-ded56eafc718	DERS_KITABI_TURKCE	Türkçe
22e7b461-6365-48f2-8e70-0ddb12ba1300	7a1c1ee1-155e-4b0b-b87e-e1cc7b9b67a9	DERS_KITABI_EDEBIYAT	Edebiyat
22e7b461-6365-48f2-8e70-0ddb12ba1300	6c98bc87-5877-46cc-af76-e07c923c53dd	DERS_KITABI_INGILIZCE	İngilizce
22e7b461-6365-48f2-8e70-0ddb12ba1300	fdb2dded-cb7a-405e-994c-0f89325d91d8	DERS_KITABI_ALMANCA	Almanca
22e7b461-6365-48f2-8e70-0ddb12ba1300	ed50fd9e-7e0c-4c39-8a72-4df5d83b3a11	DERS_KITABI_FRANSIZCA	Fransızca
22e7b461-6365-48f2-8e70-0ddb12ba1300	e1d89e01-4d86-4235-9bbe-443b2d0ae12e	DERS_KITABI_FELSEFE	Felsefe
22e7b461-6365-48f2-8e70-0ddb12ba1300	335e2be3-9779-4f51-9591-39fef2f9e114	DERS_KITABI_PSIKOLOJI	Psikoloji
22e7b461-6365-48f2-8e70-0ddb12ba1300	3854796a-8ba4-467a-841f-776b1a6dc6e2	DERS_KITABI_SOSYOLOJI	Sosyoloji
22e7b461-6365-48f2-8e70-0ddb12ba1300	8f78a53b-c4bb-4f84-8d3c-a09b7088e7a2	DERS_KITABI_EKONOMI	Ekonomi
22e7b461-6365-48f2-8e70-0ddb12ba1300	1b19e67c-fb69-4ce5-8b86-aae4b1b3e262	DERS_KITABI_BILGISAYAR_BILIMLERI	Bilgisayar Bilimleri
22e7b461-6365-48f2-8e70-0ddb12ba1300	ff184d6d-d372-46f2-ae46-eb93607b0ba5	DERS_KITABI_YAZILIM	Yazılım
22e7b461-6365-48f2-8e70-0ddb12ba1300	8c8b7bac-739d-4218-b5c6-2cc3b72022bb	DERS_KITABI_VERI_YAPILARI	Veri Yapıları
22e7b461-6365-48f2-8e70-0ddb12ba1300	2f443f0e-1367-4630-b287-e9e0d982f0a4	DERS_KITABI_ALGORITMALAR	Algoritmalar
22e7b461-6365-48f2-8e70-0ddb12ba1300	c57ce594-0976-4a7b-8438-e5efe701d1aa	DERS_KITABI_ELEKTRONIK	Elektronik
22e7b461-6365-48f2-8e70-0ddb12ba1300	091a8ce5-3a29-4ebe-9544-54a5f2251a3f	DERS_KITABI_MAKINE	Makine
22e7b461-6365-48f2-8e70-0ddb12ba1300	3e567953-82e0-465f-b00e-7961ffcd25bd	DERS_KITABI_INSAAT	İnşaat
b4bb5034-b952-4bdd-ae79-a59343497825	6e907da3-8573-42a0-803a-377d06f16681	TEST_KITABI_TYT	TYT
b4bb5034-b952-4bdd-ae79-a59343497825	51a840c8-db4f-404a-9215-4c60f60a7130	TEST_KITABI_AYT	AYT
b4bb5034-b952-4bdd-ae79-a59343497825	2cab0dce-b3dc-40ff-8872-5b4721839d6a	TEST_KITABI_LGS	LGS
b4bb5034-b952-4bdd-ae79-a59343497825	34b1114c-2fc0-4ebc-852e-3be47917b6ac	TEST_KITABI_KPSS	KPSS
b4bb5034-b952-4bdd-ae79-a59343497825	93e49e49-1105-4e0e-a602-9fc3bd467c30	TEST_KITABI_ALES	ALES
b4bb5034-b952-4bdd-ae79-a59343497825	334fb42a-ce99-40d8-a031-9bf25cd8f63b	TEST_KITABI_DGS	DGS
b4bb5034-b952-4bdd-ae79-a59343497825	b357ff09-a8ca-4c7e-9973-ec1a15606fc0	TEST_KITABI_YDS	YDS
b4bb5034-b952-4bdd-ae79-a59343497825	ff4a44a4-059c-415d-8ad5-67c9407c1475	TEST_KITABI_IELTS	IELTS
b4bb5034-b952-4bdd-ae79-a59343497825	b9cae97b-e0dd-4b9f-ad30-c73ef165a3de	TEST_KITABI_TOEFL	TOEFL
b4bb5034-b952-4bdd-ae79-a59343497825	aaee6c73-7d5d-4aa2-bc3e-8d389ec6d45f	TEST_KITABI_BRANS_DENEMELERI	Branş Denemeleri
b4bb5034-b952-4bdd-ae79-a59343497825	7b3e5397-c50c-42ea-8597-459a5072c3e0	TEST_KITABI_KONU_TARAMA	Konu Tarama
b4bb5034-b952-4bdd-ae79-a59343497825	233ced96-aa0e-4644-818e-54ffbd6bf1c8	TEST_KITABI_SORU_BANKASI	Soru Bankası
b4bb5034-b952-4bdd-ae79-a59343497825	e53f07d9-46c8-450f-b920-7ffc503e0c31	TEST_KITABI_DENEME_SINAVI	Deneme Sınavı
b4bb5034-b952-4bdd-ae79-a59343497825	40a93f7d-9013-48f5-b73e-5cc2e7ef28cd	TEST_KITABI_CIKMIS_SORULAR	Çıkmış Sorular
c2374d66-086e-4de3-8f12-0f93cb8d496f	42b33e4e-1b91-4060-8ce2-f17bb36f370b	OKUMA_KITABI_ROMAN	Roman
c2374d66-086e-4de3-8f12-0f93cb8d496f	b8a513f6-0709-417f-a9e0-0926cd235fe9	OKUMA_KITABI_HIKAYE	Hikâye
c2374d66-086e-4de3-8f12-0f93cb8d496f	e18cf183-4088-45ca-b7c0-d2cf822ead6e	OKUMA_KITABI_SIIR	Şiir
c2374d66-086e-4de3-8f12-0f93cb8d496f	38b212eb-f4ba-45fc-98e4-af3d9e9ede92	OKUMA_KITABI_KLASIKLER	Klasikler
c2374d66-086e-4de3-8f12-0f93cb8d496f	4b69e33e-2532-4f84-b5cf-2681d46e5121	OKUMA_KITABI_BILIMKURGU	Bilimkurgu
c2374d66-086e-4de3-8f12-0f93cb8d496f	77efc19d-0571-49b7-880a-18aa1237f908	OKUMA_KITABI_FANTASTIK	Fantastik
c2374d66-086e-4de3-8f12-0f93cb8d496f	3957f300-5017-4367-9ebb-9beb29659b1e	OKUMA_KITABI_POLISIYE	Polisiye
c2374d66-086e-4de3-8f12-0f93cb8d496f	ed3f6d4f-14de-4459-8337-b7eba7a2bc17	OKUMA_KITABI_GERILIM	Gerilim
c2374d66-086e-4de3-8f12-0f93cb8d496f	e339d1b0-388f-4854-8a8c-b082db55502c	OKUMA_KITABI_TARIHI_ROMAN	Tarihî Roman
c2374d66-086e-4de3-8f12-0f93cb8d496f	dec4f69d-d739-41e1-a974-2687f74dbe8d	OKUMA_KITABI_BIYOGRAFI	Biyografi
c2374d66-086e-4de3-8f12-0f93cb8d496f	dbf4d4ba-0cf1-431c-9b9b-f427897811c0	OKUMA_KITABI_ANI	Anı
c2374d66-086e-4de3-8f12-0f93cb8d496f	61dbfbb3-8f54-4a40-a9c7-f8a0b4b798c2	OKUMA_KITABI_DENEME	Deneme
c2374d66-086e-4de3-8f12-0f93cb8d496f	ffc1c38a-5222-4925-a671-43bf08aaa232	OKUMA_KITABI_GEZI	Gezi
c2374d66-086e-4de3-8f12-0f93cb8d496f	9ff39dfa-fe6b-4300-804b-29ee4b06c935	OKUMA_KITABI_MIZAH	Mizah
c2374d66-086e-4de3-8f12-0f93cb8d496f	826c7758-0aa1-46bf-990c-02d051756cd9	OKUMA_KITABI_DRAMA	Drama
c2374d66-086e-4de3-8f12-0f93cb8d496f	b4d0966f-4e00-435b-bcdf-fe7252cc4bc4	OKUMA_KITABI_ASK	Aşk
77f1cff6-1f88-42a8-890f-3d7dfb84fd27	bf14dbca-79b8-4160-9f2f-4fe0f90ba5ad	DINI_KITAPLAR_KUR_AN_I_KERIM	Kur'an-ı Kerim
77f1cff6-1f88-42a8-890f-3d7dfb84fd27	d9c6313a-cf22-440e-bba2-faad2cd1c93f	DINI_KITAPLAR_TEFSIR	Tefsir
77f1cff6-1f88-42a8-890f-3d7dfb84fd27	4271dea9-ec42-4f46-ab86-3aa6d96134e0	DINI_KITAPLAR_HADIS	Hadis
77f1cff6-1f88-42a8-890f-3d7dfb84fd27	396361aa-0dce-4824-9613-a0cdd5ab9385	DINI_KITAPLAR_SIYER	Siyer
77f1cff6-1f88-42a8-890f-3d7dfb84fd27	5f5ec958-c968-4075-a071-a5baa6d3ab36	DINI_KITAPLAR_ILMIHAL	İlmihal
77f1cff6-1f88-42a8-890f-3d7dfb84fd27	2ec2f2af-a7d6-44c0-9d85-0567f322a672	DINI_KITAPLAR_FIKIH	Fıkıh
77f1cff6-1f88-42a8-890f-3d7dfb84fd27	c8682cc9-99dc-4769-b5ee-d2a4f0f737cb	DINI_KITAPLAR_TASAVVUF	Tasavvuf
77f1cff6-1f88-42a8-890f-3d7dfb84fd27	1e4adcf6-96f7-46e1-86c8-815a132004cd	DINI_KITAPLAR_DUA_VE_ZIKIR	Dua ve Zikir
77f1cff6-1f88-42a8-890f-3d7dfb84fd27	adf86508-ae6f-4832-a28b-a00e27ad88aa	DINI_KITAPLAR_AHLAK	Ahlak
77f1cff6-1f88-42a8-890f-3d7dfb84fd27	eddd9f41-ba5c-4aac-999a-273c2461f0a5	DINI_KITAPLAR_ISLAM_TARIHI	İslam Tarihi
2cae773d-d3e6-4406-ad25-11fd87d38494	cb814aa3-605a-4e8b-b5fb-9bec7fcf3ca6	COCUK_KITAPLARI_MASAL	Masal
2cae773d-d3e6-4406-ad25-11fd87d38494	90be7bf2-22b4-45c1-ad99-fcd1959e0039	COCUK_KITAPLARI_ETKINLIK	Etkinlik
2cae773d-d3e6-4406-ad25-11fd87d38494	d4d9a58b-ecf7-4be6-8c6e-d819c75ea398	COCUK_KITAPLARI_BOYAMA	Boyama
2cae773d-d3e6-4406-ad25-11fd87d38494	8953fed5-1e15-4209-9e99-43b1ccba7941	COCUK_KITAPLARI_OKUMA_SETI	Okuma Seti
2cae773d-d3e6-4406-ad25-11fd87d38494	dda075b7-e97c-41e1-90e2-cb3b9212eb7d	COCUK_KITAPLARI_ILK_OKUMA	İlk Okuma
2cae773d-d3e6-4406-ad25-11fd87d38494	74005ba1-f873-4f19-b6ee-2bff3ab489a0	COCUK_KITAPLARI_EGITICI	Eğitici
2cae773d-d3e6-4406-ad25-11fd87d38494	0c4f6cd3-3444-4bdc-b3bc-01bcff005e40	COCUK_KITAPLARI_KAHRAMANLIK	Kahramanlık
2cae773d-d3e6-4406-ad25-11fd87d38494	c964c088-44cf-493a-b8e1-a9a1845ebd6b	COCUK_KITAPLARI_MACERA	Macera
3c356fd8-66dc-4335-8337-ba0d19f23b2d	cf280717-7b59-4eff-8ce1-a901ffc368f1	AKADEMIK_ARASTIRMA	Araştırma
3c356fd8-66dc-4335-8337-ba0d19f23b2d	93b51283-be3a-48a8-a19a-aca95975a8ff	AKADEMIK_TEZ	Tez
3c356fd8-66dc-4335-8337-ba0d19f23b2d	3008deac-0947-493c-b130-40372b8a1230	AKADEMIK_MAKALE_DERLEMESI	Makale Derlemesi
3c356fd8-66dc-4335-8337-ba0d19f23b2d	1122f255-68e0-4737-9902-96a434426250	AKADEMIK_REFERANS	Referans
3c356fd8-66dc-4335-8337-ba0d19f23b2d	81eb56f1-2a35-4c41-ac82-786079c63fa1	AKADEMIK_SOZLUK	Sözlük
3c356fd8-66dc-4335-8337-ba0d19f23b2d	a9196e74-cfb0-4fca-ab2b-6078cbc2f864	AKADEMIK_ANSIKLOPEDI	Ansiklopedi
52a06cd6-ce7f-49ed-a4c0-e9ec99ff1147	e856faf1-68b8-4800-8fe3-b3ad4a9bb03c	SINAV_HAZIRLIK_KONU_ANLATIMI	Konu Anlatımı
52a06cd6-ce7f-49ed-a4c0-e9ec99ff1147	2db656e2-536e-470d-86cc-1d88882d4382	SINAV_HAZIRLIK_HIZ_VE_RENK	Hız ve Renk
52a06cd6-ce7f-49ed-a4c0-e9ec99ff1147	ccfda3b1-1c5b-4add-b8fa-51cee36f4bc1	SINAV_HAZIRLIK_NOTLAR	Notlar
52a06cd6-ce7f-49ed-a4c0-e9ec99ff1147	bc8478bd-764e-4650-a67a-ed434d444c5f	SINAV_HAZIRLIK_OZET	Özet
52a06cd6-ce7f-49ed-a4c0-e9ec99ff1147	3bfa9712-d904-451a-b23e-2f6beef72c96	SINAV_HAZIRLIK_PRATIK	Pratik
52a06cd6-ce7f-49ed-a4c0-e9ec99ff1147	dbfe3c60-992e-4e10-8d3c-aa8e6db584c5	SINAV_HAZIRLIK_VIDEO_DESTEKLI	Video Destekli
8f152058-7c25-4bd8-bafe-29b41db4eec4	159ea042-d822-4bef-aa12-ada697af8040	KISISEL_GELISIM_MOTIVASYON	Motivasyon
8f152058-7c25-4bd8-bafe-29b41db4eec4	5614cad0-c35e-4975-9bc3-c4c074007591	KISISEL_GELISIM_ZAMAN_YONETIMI	Zaman Yönetimi
8f152058-7c25-4bd8-bafe-29b41db4eec4	8eca912c-0f0e-4d49-b433-e7edfba81c6b	KISISEL_GELISIM_ILETISIM	İletişim
8f152058-7c25-4bd8-bafe-29b41db4eec4	60709bc5-748e-4d05-ab53-8986d83b5452	KISISEL_GELISIM_LIDERLIK	Liderlik
8f152058-7c25-4bd8-bafe-29b41db4eec4	e16fe214-5bc5-44fc-9cb5-a74a0445550e	KISISEL_GELISIM_MINDFULNESS	Mindfulness
8f152058-7c25-4bd8-bafe-29b41db4eec4	1518854a-8766-47cb-89d8-559d401cb1b8	KISISEL_GELISIM_KARIYER	Kariyer
8f152058-7c25-4bd8-bafe-29b41db4eec4	6c9cf795-414b-4bb3-a904-7968c830d85f	KISISEL_GELISIM_FINANSAL_OKURYAZARLIK	Finansal Okuryazarlık
c2374d66-086e-4de3-8f12-0f93cb8d496f	c5d51f8d-c9a3-4032-861c-54732d05a252	OTHER	Other
\.


--
-- Data for Name: book_languages; Type: TABLE DATA; Schema: public; Owner: postgres
--

COPY public.book_languages (id, name, label) FROM stdin;
7f3ff471-29ca-4f92-b547-66465f270da7	TURKCE	Türkçe
7a2346a2-466c-43ab-8e3a-6d7323a75c7c	INGILIZCE	İngilizce
c83fa8f6-13d0-4df2-805e-74d903f1dc32	ALMANCA	Almanca
ef7a6569-b1a0-4d54-8ca3-a23385c33297	FRANSIZCA	Fransızca
5868c136-588d-4cce-bc39-ef942da86ee0	ISPANYOLCA	İspanyolca
b67d11f2-9167-4849-8d8a-9dfc632990df	ARAPCA	Arapça
3af695c1-88a8-4545-b8dc-2a438ab0ace7	RUSCA	Rusça
2df1de13-6ab9-4820-85fa-8d40662c0d5d	ITALYANCA	İtalyanca
2819d1c8-f585-470d-9f01-e8ece6473997	OTHER	Other
\.


--
-- Data for Name: book_types; Type: TABLE DATA; Schema: public; Owner: postgres
--

COPY public.book_types (id, name, label) FROM stdin;
22e7b461-6365-48f2-8e70-0ddb12ba1300	DERS_KITABI	Ders Kitabı
b4bb5034-b952-4bdd-ae79-a59343497825	TEST_KITABI	Test Kitabı
c2374d66-086e-4de3-8f12-0f93cb8d496f	OKUMA_KITABI	Okuma Kitabı
77f1cff6-1f88-42a8-890f-3d7dfb84fd27	DINI_KITAPLAR	Dini Kitaplar
2cae773d-d3e6-4406-ad25-11fd87d38494	COCUK_KITAPLARI	Çocuk Kitapları
3c356fd8-66dc-4335-8337-ba0d19f23b2d	AKADEMIK	Akademik
52a06cd6-ce7f-49ed-a4c0-e9ec99ff1147	SINAV_HAZIRLIK	Sınav Hazırlık
8f152058-7c25-4bd8-bafe-29b41db4eec4	KISISEL_GELISIM	Kişisel Gelişim
\.


--
-- Data for Name: books_listings; Type: TABLE DATA; Schema: public; Owner: postgres
--

COPY public.books_listings (page_count, publication_year, book_condition_id, book_format_id, book_genre_id, book_language_id, book_type_id, id, isbn, author) FROM stdin;
1024	2018	4aa54b7f-7f58-4733-b64e-956afdfea65f	e4571939-d20c-49e8-b2f1-42237807c48b	38b212eb-f4ba-45fc-98e4-af3d9e9ede92	7f3ff471-29ca-4f92-b547-66465f270da7	c2374d66-086e-4de3-8f12-0f93cb8d496f	72a911c9-b136-459e-84dc-23322b3d2c35	9786053608856	Lev Nikolayeviç Tolstoy
\.


--
-- Data for Name: campaign_eligible_listings; Type: TABLE DATA; Schema: public; Owner: postgres
--

COPY public.campaign_eligible_listings (campaign_id, listing_id) FROM stdin;
\.


--
-- Data for Name: campaign_eligible_types; Type: TABLE DATA; Schema: public; Owner: postgres
--

COPY public.campaign_eligible_types (campaign_id, listing_type) FROM stdin;
\.


--
-- Data for Name: campaigns; Type: TABLE DATA; Schema: public; Owner: postgres
--

COPY public.campaigns (active, apply_to_future_listings, value, created_at, ends_at, seller_id, starts_at, id, discount_kind, name) FROM stdin;
\.


--
-- Data for Name: car_brands; Type: TABLE DATA; Schema: public; Owner: postgres
--

COPY public.car_brands (id, label, name) FROM stdin;
ab403fc3-ae67-4a54-96a7-0d0a7106eb93	Audi	AUDI
deef708f-a43a-49c3-b417-fe0df4713050	BMW	BMW
df35b6d1-875c-4a4d-b3c9-c9ebb195275b	Mercedes-Benz	MERCEDES_BENZ
12372a61-7f56-41f6-9e2b-d2af0cb68898	Toyota	TOYOTA
c46cdbf2-f26d-4cdc-af79-fc55e43e7e00	Volkswagen	VOLKSWAGEN
1065e0cd-792e-47c6-8898-3f1ff63287d0	Hyundai	HYUNDAI
c7304179-717f-4d19-b714-a143c0360913	Peugeot	PEUGEOT
019c4a6a-316c-4596-8b31-90374e015a0a	Nissan	NISSAN
82433360-1213-426b-8303-aa5a0f08f633	Kia	KIA
d7c190a0-5b44-41c1-8da2-193ce2008298	Ford	FORD
15b28d7c-65f3-41df-b65d-c0da7956be3d	Suzuki	SUZUKI
6613ea24-acff-4495-8d8b-9e0642fc8356	TOGG	TOGG
f65906a5-99bb-43ab-a862-58d3625844f0	Renault	RENAULT
581e6c77-eab2-4d1d-ade7-2ef56e493503	Škoda	SKODA
bcc81f33-7fad-48f6-91cf-6e28dd8f4db0	SEAT	SEAT
401723e4-79d5-4ef4-aa3c-6371b0f2e87c	Cupra	CUPRA
60cf6b69-1738-4561-afb7-c39e68088735	Honda	HONDA
91356b95-d28c-45b9-8727-59bd437efd3e	Opel	OPEL
2ec71668-f935-4032-af23-03fdda36e44e	Tesla	TESLA
17325a3c-c8d5-4c64-ac0b-ae1c5be928df	Fiat	FIAT
fc41f466-d7ff-4c2f-a458-6fc869896c5c	Jeep	JEEP
15ee84b1-7c67-4bfd-a6b4-d92e2cb2918a	Volvo	VOLVO
f014ccd7-306b-4a4b-ae23-dcc9dbe1e168	Citroën	CITROEN
430f9ae7-7910-4f77-8fa7-2c7eee769cd5	Mazda	MAZDA
975114d1-3085-4421-a975-7a4c3e202edd	Mini	MINI
b78fe13b-2067-4d66-8aaa-56791cf09cd9	Porsche	PORSCHE
4252be75-64c4-4864-b3c5-3c07bd0a901d	Alfa Romeo	ALFA_ROMEO
b3005bcd-bdba-45a9-866c-9bfb96016b6f	Land Rover	LAND_ROVER
1b662419-52dd-488f-95bb-ba326dcd22fd	Dacia	DACIA
c1e64a1a-0ead-43cf-b13a-d9e17ff55e4e	Mitsubishi	MITSUBISHI
bc162dbd-9c13-43c2-9cb0-322f7088615c	Subaru	SUBARU
5799ad62-136a-443e-98ca-93a244caedde	Chevrolet	CHEVROLET
df396d97-b9c1-4406-9d29-e9ee08a2df4f	Lexus	LEXUS
d66a283b-0157-45b3-893d-938734493667	Chery	CHERY
ba2278ae-1d2d-438f-83e1-e609a2b638b3	MG	MG
6dda3fd3-9b8b-4de4-a6f2-e730b494d78b	BYD	BYD
744784c7-85cd-49b8-9406-e4ea9dc5bc52	Jaguar	JAGUAR
cd3fb67b-a2fa-4051-a919-c6e9c5668472	Infiniti	INFINITI
eb121c5e-f78f-4f9a-8273-86465728f4be	Yamaha	YAMAHA
3748fb34-22d8-4454-9627-47d85e1b017d	Kawasaki	KAWASAKI
ceaf6af0-1a31-44a4-b643-1e9cad2f032e	Ducati	DUCATI
87116170-98e7-4396-bf74-ebb5a4ef61e2	KTM	KTM
941b26e1-f286-45c5-8a73-b789cd083f7d	Vespa	VESPA
fd630a5c-121b-424c-b9eb-361b81c263d8	Harley-Davidson	HARLEY_DAVIDSON
98818daf-aa30-4cae-9ba3-b9a8a7803366	Triumph	TRIUMPH
\.


--
-- Data for Name: carts; Type: TABLE DATA; Schema: public; Owner: postgres
--

COPY public.carts (is_reserved, quantity, created_at, id, reservation_end_time, reserved_at, updated_at, user_id, listing_id, notes) FROM stdin;
\.


--
-- Data for Name: chat_messages; Type: TABLE DATA; Schema: public; Owner: postgres
--

COPY public.chat_messages (id, "timestamp", user_id, role, message) FROM stdin;
3	2026-04-10 23:10:53.202663+03	2	USER	17520
4	2026-04-10 23:10:53.247331+03	2	ASSISTANT	17521
27	2026-04-18 01:04:43.70764+03	3	USER	şöyle sportif , şık görünen bir araba istiyorum. bu ilan hakkında ne düşünüyorsun ?
28	2026-04-18 01:04:43.712556+03	3	ASSISTANT	Bu 2025 Audi A5 ilanı, sportif ve şık bir araç arayanlar için oldukça uygun görünüyor. S line donanımı, Matrix LED farları, spor koltukları ve 19 inç jantları ile aracın dinamik ve estetik bir duruşu olduğunu söyleyebiliriz.\n\nİlanda belirtilen "düşük kilometreli demo araç", "tam yetkili servis geçmişi" ve "fabrika garanti bakiyesi" gibi bilgiler, aracın bakımlı ve güvenilir olduğunu gösteriyor. Ayrıca "sigara içilmemiş" ve "boya yok" açıklamaları da iyi bir kondisyonda olduğunu düşündürüyor.\n\nAracın tam detaylarını görmek ve satıcıya sorularınızı iletmek için ilan sayfasına göz atabilirsiniz. Dilerseniz uygulamadan satıcıyla iletişime geçip aracı görmek için randevu talep edebilirsiniz.\nKaynak: aktif ilan
\.


--
-- Data for Name: chat_room_participants; Type: TABLE DATA; Schema: public; Owner: postgres
--

COPY public.chat_room_participants (chat_room_id, user_id) FROM stdin;
1	3
1	1
2	3
2	1
\.


--
-- Data for Name: chat_rooms; Type: TABLE DATA; Schema: public; Owner: postgres
--

COPY public.chat_rooms (created_at, id, last_message_sender_id, last_message_time, updated_at, last_message, listing_id, room_name, room_type) FROM stdin;
2026-04-13 22:12:43.64807	1	3	2026-04-13 22:25:21.74926	2026-04-13 22:25:21.804459	en son kaça gelir bu	adca4f2c-bef3-4337-86ed-f152ab316573	Chat about: Gs 99/00 İç Saha	LISTING
2026-04-18 01:20:29.410792	2	\N	\N	2026-04-18 01:20:29.410851	\N	189887a6-c226-4e7a-a250-05f4e69d4d9e	Chat about: 2025 Audi A5 45 TFSI quattro S line — Black	LISTING
\.


--
-- Data for Name: clothing_brands; Type: TABLE DATA; Schema: public; Owner: postgres
--

COPY public.clothing_brands (id, label, name) FROM stdin;
57b58205-84e1-4f14-91cd-74ee29cec2d1	Nike	NIKE
62d1b7a0-406e-48de-a667-20d82c3870b3	Adidas	ADIDAS
d7d02c5d-f51c-416d-aaf9-56c9cc79d827	Puma	PUMA
05e887be-6fb6-4f40-87e4-d5be8af3008a	Under Armour	UNDER_ARMOUR
fcf4da23-4d84-4e54-9323-77d0cdb78356	Reebok	REEBOK
ee6cfa6e-ab17-40b5-bfc8-af16d02386de	New Balance	NEW_BALANCE
79e63fbc-a6bf-4fab-8641-4d0fad3c95ae	Converse	CONVERSE
0ff66190-f720-4f6f-88d8-cae54688b82c	Vans	VANS
875c1957-6d6a-4b5b-a8f1-ae8b7ccd9b88	Asics	ASICS
d78d252c-b726-46ab-847c-e4db203d4882	Zara	ZARA
14ac9f52-4f6d-491b-ab6b-b65468c1473a	H&M	H_M
e34f312f-70d0-4ac8-9ae4-1c8a3d28b715	Uniqlo	UNIQLO
0689d899-17b6-4576-a110-c4d3bfd5d21e	GAP	GAP
0cb518a3-542e-42f2-8e72-fe36a63a2bee	Mango	MANGO
b999d665-2152-443c-9cf4-44c8af6da129	Bershka	BERSHKA
d36040d7-5d6c-4add-b943-872a3e8aae2f	Pull&Bear	PULL_BEAR
ddc39b06-c400-459f-b856-da23bc04fc57	Stradivarius	STRADIVARIUS
100688df-9e77-409e-8d39-8e5684b374cc	Massimo Dutti	MASSIMO_DUTTI
693e2723-0d37-4bca-998d-6b77d0ed5896	Tommy Hilfiger	TOMMY_HILFIGER
af6a9c14-954a-41b5-9a4a-eafad8c798de	Calvin Klein	CALVIN_KLEIN
eb0b5935-0ab6-4ca9-bbb2-c52c2d1b1a5d	Lacoste	LACOSTE
79ccb253-f758-4500-b17a-2bdd5c6c9d64	Ralph Lauren	RALPH_LAUREN
232de1f2-51e8-47a2-9ced-4894800a11f6	Levi's	LEVI_S
9d129b34-0178-4aa5-97db-09b88d18ce1d	Diesel	DIESEL
7cce75bb-c4c8-4fce-b44d-fa088af8f7d1	Armani	ARMANI
427279a7-7753-46ee-85c4-94cd59214132	The North Face	THE_NORTH_FACE
704a4eed-c66f-49ae-975b-749435822761	Columbia	COLUMBIA
84b1e176-d87f-4e3e-a6fa-1aba506783e5	Patagonia	PATAGONIA
b6741060-dcf4-4a21-abbb-c1f8aa840d04	Gucci	GUCCI
dfc3c0c7-508d-45a8-832c-c041ff7defd5	Prada	PRADA
1d088c12-d3fa-467f-815e-ecd9b6cd2797	Louis Vuitton	LOUIS_VUITTON
f9cb3248-1eb1-4d21-b99f-683e04699b13	Chanel	CHANEL
ea834642-49dc-460f-a33d-de706844cbf5	Hermès	HERMES
f395a444-0f73-4bf4-8638-e949a2bd1a53	Burberry	BURBERRY
820832a9-49ee-4106-9461-39d3bd55dad8	Decathlon	DECATHLON
3b818bed-808c-4491-bc53-e92005f047a0	Quechua	QUECHUA
857721e9-82ef-4f55-81ff-cdbc319d935e	Kipsta	KIPSTA
339d4033-f742-4670-8520-44da47ea04e0	Domyos	DOMYOS
6e3763cd-d93f-450d-8fef-a24b53a00e9c	Other	OTHER
\.


--
-- Data for Name: clothing_listings; Type: TABLE DATA; Schema: public; Owner: postgres
--

COPY public.clothing_listings (purchase_date, shoe_size_eu, clothing_brand_id, clothing_type_id, id, material, clothing_category, clothing_gender, color, condition, size) FROM stdin;
\.


--
-- Data for Name: clothing_types; Type: TABLE DATA; Schema: public; Owner: postgres
--

COPY public.clothing_types (id, label, name) FROM stdin;
0c5cbf39-e33a-489d-9d62-f92fa4678475	T-Shirt	T_SHIRT
c6894066-6314-4a3e-9411-df56db6a9c76	Shirt	SHIRT
82ca815f-09b1-4937-ae0c-ee7ab11308c4	Pants	PANTS
1e1d32f6-6857-4c74-ab90-9fa68c58f7d5	Jeans	JEANS
fccdcb86-8985-41bd-9ee2-6c5727bda4f1	Shorts	SHORTS
4c5cab0b-a925-4999-9922-4090cc00409a	Dress	DRESS
8dd17da9-a701-4170-b56b-907af7e8c5e0	Skirt	SKIRT
f5a8252f-46d5-45ba-b226-30cdd96d2226	Jacket	JACKET
d84bde90-fae4-4c37-a963-9f157051b71e	Coat	COAT
abf96663-2f2c-4e9b-b2a4-6165cd4629af	Sweater	SWEATER
e0224740-949b-4223-b63d-53eb25d3562e	Hoodie	HOODIE
8f60e41b-1040-4d83-a9be-527604cac611	Sweatshirt	SWEATSHIRT
4f5b8a2b-f155-403a-9e98-cb94c9d155bd	Suit	SUIT
c0407353-68c3-4fc5-9852-a706166ef3ba	Blazer	BLAZER
2b36e2ba-7369-401b-b6e8-21d32e949a58	Vest	VEST
68856023-c013-42ba-918f-87e7f8c8c0ef	Underwear	UNDERWEAR
f77c251a-277d-4577-bdbd-fd5b0cf0e089	Socks	SOCKS
24b2b8b0-ebd4-4a85-a65e-151329e65a78	Hat	HAT
5c04db8b-b142-4cc0-bc55-4c003cea34f7	Cap	CAP
14cd079a-c5a0-4b34-9e39-2b4a33b08b1a	Scarf	SCARF
e9ca3ca6-2e4e-4307-ac7f-fd0791ba921a	Gloves	GLOVES
708b84e4-e6cb-4d9b-b32f-68798241631c	Belt	BELT
6cfd172a-1ed5-4fce-a05e-23d4159d494a	Tie	TIE
a48d8750-f6e8-4a93-9edd-d49ca2e56167	Bag	BAG
8b333559-d7b0-49b1-96dc-1502c032c400	Shoes	SHOES
43f13974-dced-46ef-87d2-b58fab9401d3	Sneakers	SNEAKERS
e9b0b471-c807-4378-a05e-e07e86c65678	Boots	BOOTS
c033521c-35c4-4bef-9a03-db0c53c543a2	Sandals	SANDALS
892ed5b7-2630-4e74-8dbc-9d88eb6de46c	Heels	HEELS
bc9c1468-6eef-4ede-94b2-e2864ac2fbcf	Flats	FLATS
3981c084-9319-42df-b5fc-01f09869e875	Other	OTHER
\.


--
-- Data for Name: complaints; Type: TABLE DATA; Schema: public; Owner: postgres
--

COPY public.complaints (complained_user_id, complainer_id, created_at, resolved_at, resolved_by, updated_at, listing_id, admin_notes, description, id, reason, status) FROM stdin;
\.


--
-- Data for Name: coupon_eligible_types; Type: TABLE DATA; Schema: public; Owner: postgres
--

COPY public.coupon_eligible_types (coupon_id, listing_type) FROM stdin;
\.


--
-- Data for Name: coupon_redemptions; Type: TABLE DATA; Schema: public; Owner: postgres
--

COPY public.coupon_redemptions (order_id, redeemed_at, user_id, coupon_id, id) FROM stdin;
\.


--
-- Data for Name: coupons; Type: TABLE DATA; Schema: public; Owner: postgres
--

COPY public.coupons (active, max_discount, min_subtotal, usage_limit_global, usage_limit_per_user, value, created_at, ends_at, starts_at, id, code, discount_kind) FROM stdin;
\.


--
-- Data for Name: credit_card; Type: TABLE DATA; Schema: public; Owner: postgres
--

COPY public.credit_card (amount, credit_limit, expiry_month, expiry_year, card_holder_id, created_at, version, id, cvv, number, card_label) FROM stdin;
127724.20	431412.00	4	2031	1	2026-04-09 22:34:39.440636	5	222cb680-17b6-4bfc-b0da-15c237fb1d77	341	4148480745154152	\N
3999.00	500000.00	12	2030	2	2026-04-09 15:22:39.744588	1	a7805dda-02d4-43ad-95c7-7d5c3ee4d398	123	4539578763621486	VISA
4164.20	500000.00	12	2028	2	2026-04-09 15:02:50.959646	2	2b50083e-1415-4e7a-ad9c-2d0674464bb8	129	5269556442842015	\N
92998.00	8381283.00	4	2031	3	2026-04-09 23:33:42.608103	4	d647b792-3162-45eb-a86b-481c27f80252	239	4700237951261844	\N
\.


--
-- Data for Name: electronic_brands; Type: TABLE DATA; Schema: public; Owner: postgres
--

COPY public.electronic_brands (id, label, name) FROM stdin;
7c798d08-b6b5-4efe-85ab-afcd617b9a43	Apple	APPLE
ba45b94b-c7e2-4772-b2c0-d7fa18d5fc54	Samsung	SAMSUNG
691ce2f0-3031-45a0-8b2d-c6aa6ef8b32b	Xiaomi	XIAOMI
ed78f2a1-923c-40b0-b5a4-1c2d3b774eaa	Sony	SONY
6bd0c0e3-83bc-4fe1-80eb-3b87b3101b61	Asus	ASUS
9095646f-a5cf-459d-9d39-61ec47425769	Huawei	HUAWEI
2b10e0c3-04dc-4165-a9a4-4ae911588923	Dell	DELL
0fb2c7b4-65e0-4dee-b741-551f1cef1c06	HP	HP
948a80e7-9a0d-42e4-a945-1ebafb3e2c18	Lenovo	LENOVO
47978bee-bfc7-4ead-839e-0b5128038868	Microsoft	MICROSOFT
b4b74fae-fec0-4f35-81f7-eff2d59dabf3	Google	GOOGLE
c957fd28-7f79-4838-824b-dbfcf840a7de	LG	LG
897ddd9d-5d3e-4d7b-8ea7-c00b4ea6192f	Kodak	KODAK
e0862f31-29f8-4df9-bbca-e54e9b115748	Nikon	NIKON
1ad76cd4-2b18-4c91-958c-dfb25e53f44e	BenQ	BENQ
d1033664-186c-47a4-9cfc-81c32edab4fa	Philips	PHILIPS
5caa152d-531c-4ffa-b2ee-738040c566d0	Fujitsu	FUJITSU
1c647eb2-3adf-4c2d-9e3a-6984231e5e2c	Oki	OKI
6c906ebc-f319-4f2e-a3d6-c43b49e24ca2	JBL	JBL
ec72beb8-dd64-47fd-96a9-ca5d09f75146	Decathlon	DECATHLON
7ecc73c5-6b14-42d1-abe2-270ff48d5433	Other	OTHER
\.


--
-- Data for Name: electronic_listings; Type: TABLE DATA; Schema: public; Owner: postgres
--

COPY public.electronic_listings (battery_capacity_mah, battery_health_percent, battery_life_hours, camera_megapixels, dual_sim, has_microphone, has_nfc, noise_cancelling, ram, screen_size, storage, supports5g, warranty_proof, wireless, year, electronic_brand_id, electronic_model_id, electronic_type_id, id, color, connection_type, gpu_model, operating_system, origin, processor, storage_type) FROM stdin;
\N	92	\N	\N	\N	\N	\N	\N	24	13	256	\N	t	\N	2023	7c798d08-b6b5-4efe-85ab-afcd617b9a43	7f60136c-1848-4871-801d-54179179e9e8	6d044835-fdc2-4b5b-b0d9-01a83debf082	3c5df081-3d8c-4c0b-a364-74f0c5dcb6b2	GRAY	\N	\N	macOS	USA	APPLE_SILICON	HDD
\.


--
-- Data for Name: electronic_models; Type: TABLE DATA; Schema: public; Owner: postgres
--

COPY public.electronic_models (brand_id, id, type_id, name) FROM stdin;
7c798d08-b6b5-4efe-85ab-afcd617b9a43	03255297-b344-4fee-8dbd-ef50b7dba2f1	8900f2dd-3b7a-4be6-a6dd-38589b7d0605	iPhone 11
7c798d08-b6b5-4efe-85ab-afcd617b9a43	f916e2b1-3b89-40cd-81ac-9c2fe79745cd	8900f2dd-3b7a-4be6-a6dd-38589b7d0605	iPhone 12
7c798d08-b6b5-4efe-85ab-afcd617b9a43	3c11390d-f87b-4ea3-87ee-77ea0cb02ce8	8900f2dd-3b7a-4be6-a6dd-38589b7d0605	iPhone 13
7c798d08-b6b5-4efe-85ab-afcd617b9a43	c5aca038-8981-4fac-b80f-b3c357fcae22	8900f2dd-3b7a-4be6-a6dd-38589b7d0605	iPhone 14
7c798d08-b6b5-4efe-85ab-afcd617b9a43	d4bec28a-16aa-433f-a829-4a4dc41ed0d1	8900f2dd-3b7a-4be6-a6dd-38589b7d0605	iPhone 15
7c798d08-b6b5-4efe-85ab-afcd617b9a43	fda9eaa0-3219-4d83-ab7f-d62bcc0a8a1b	8900f2dd-3b7a-4be6-a6dd-38589b7d0605	iPhone 15 Pro
7c798d08-b6b5-4efe-85ab-afcd617b9a43	cf26f880-66c2-4f74-ab26-5c31d22926ce	8900f2dd-3b7a-4be6-a6dd-38589b7d0605	iPhone 15 Pro Max
7c798d08-b6b5-4efe-85ab-afcd617b9a43	339bb71a-fc35-46c2-ae3e-c1df562ba032	6d044835-fdc2-4b5b-b0d9-01a83debf082	MacBook Air M1
7c798d08-b6b5-4efe-85ab-afcd617b9a43	de4f8506-6dbf-4d67-8f43-a787d9f0f258	6d044835-fdc2-4b5b-b0d9-01a83debf082	MacBook Air M2
7c798d08-b6b5-4efe-85ab-afcd617b9a43	7f60136c-1848-4871-801d-54179179e9e8	6d044835-fdc2-4b5b-b0d9-01a83debf082	MacBook Air M3
7c798d08-b6b5-4efe-85ab-afcd617b9a43	f4e91a29-44db-467f-bae5-a1098d64e8ae	6d044835-fdc2-4b5b-b0d9-01a83debf082	MacBook Pro 14
7c798d08-b6b5-4efe-85ab-afcd617b9a43	66bc16e1-9d64-4397-b5d4-2ac3ad0b6b6d	6d044835-fdc2-4b5b-b0d9-01a83debf082	MacBook Pro 16
7c798d08-b6b5-4efe-85ab-afcd617b9a43	2a602fa6-43e9-433c-8cb6-d04032923673	ee5bb106-100f-4098-a65e-ed85322512e4	iPad 9
7c798d08-b6b5-4efe-85ab-afcd617b9a43	ed6d7368-45f7-484f-9b04-5d08ab959e57	ee5bb106-100f-4098-a65e-ed85322512e4	iPad 10
7c798d08-b6b5-4efe-85ab-afcd617b9a43	43a1e283-4151-49bd-9566-e963dab2c590	ee5bb106-100f-4098-a65e-ed85322512e4	iPad Air 5
7c798d08-b6b5-4efe-85ab-afcd617b9a43	c7c85203-04ad-409b-a321-c73e1d309cbf	ee5bb106-100f-4098-a65e-ed85322512e4	iPad Air 6
7c798d08-b6b5-4efe-85ab-afcd617b9a43	496cb923-01e5-4028-b621-8436109b6a6b	ee5bb106-100f-4098-a65e-ed85322512e4	iPad Mini 6
7c798d08-b6b5-4efe-85ab-afcd617b9a43	ffcbcb0a-8b59-4be9-86a8-d21e32a1573c	ee5bb106-100f-4098-a65e-ed85322512e4	iPad Pro 11
7c798d08-b6b5-4efe-85ab-afcd617b9a43	8890fcb2-56c4-4f04-ae0a-ecff43d01489	ee5bb106-100f-4098-a65e-ed85322512e4	iPad Pro 12.9
7c798d08-b6b5-4efe-85ab-afcd617b9a43	87ef122a-fa3c-4353-a590-c0c8f6b99217	0270bf1c-03b7-44c6-9383-3b4e6fd33746	AirPods 2
7c798d08-b6b5-4efe-85ab-afcd617b9a43	5a8804a4-060e-4fd5-aa96-539d95bad3a5	0270bf1c-03b7-44c6-9383-3b4e6fd33746	AirPods 3
7c798d08-b6b5-4efe-85ab-afcd617b9a43	1a5f000e-14dc-4f3f-bb62-bffc76387dc5	0270bf1c-03b7-44c6-9383-3b4e6fd33746	AirPods Pro 2
7c798d08-b6b5-4efe-85ab-afcd617b9a43	97526680-9109-45f1-9344-61d9220d645b	0270bf1c-03b7-44c6-9383-3b4e6fd33746	AirPods Max
ba45b94b-c7e2-4772-b2c0-d7fa18d5fc54	9b720405-5381-4ffb-9fd6-acad08e13fc8	8900f2dd-3b7a-4be6-a6dd-38589b7d0605	Galaxy S21
ba45b94b-c7e2-4772-b2c0-d7fa18d5fc54	81ebd459-a6db-4380-9818-38d837147aa2	8900f2dd-3b7a-4be6-a6dd-38589b7d0605	Galaxy S22
ba45b94b-c7e2-4772-b2c0-d7fa18d5fc54	6fe45764-2ae9-482c-986c-411028c7fd5c	8900f2dd-3b7a-4be6-a6dd-38589b7d0605	Galaxy S23
ba45b94b-c7e2-4772-b2c0-d7fa18d5fc54	49e6732a-4682-4fef-86fa-b4a9470eea04	8900f2dd-3b7a-4be6-a6dd-38589b7d0605	Galaxy S24
ba45b94b-c7e2-4772-b2c0-d7fa18d5fc54	5ae280d9-3129-45f9-a147-d0ea3adeefa5	8900f2dd-3b7a-4be6-a6dd-38589b7d0605	Galaxy A54
ba45b94b-c7e2-4772-b2c0-d7fa18d5fc54	b8e0d1ec-88fa-476d-858d-1af46ae6ca58	8900f2dd-3b7a-4be6-a6dd-38589b7d0605	Galaxy A55
ba45b94b-c7e2-4772-b2c0-d7fa18d5fc54	ffa095a1-41e3-4a6f-9bc4-908487b97a7f	8900f2dd-3b7a-4be6-a6dd-38589b7d0605	Galaxy Z Flip 5
ba45b94b-c7e2-4772-b2c0-d7fa18d5fc54	ab5cbdde-dfa0-42fc-9063-9e2ee09d767e	8900f2dd-3b7a-4be6-a6dd-38589b7d0605	Galaxy Z Fold 5
ba45b94b-c7e2-4772-b2c0-d7fa18d5fc54	f3bbabe0-57ac-42cd-b9ad-635c9e29fab1	6d044835-fdc2-4b5b-b0d9-01a83debf082	Galaxy Book 2
ba45b94b-c7e2-4772-b2c0-d7fa18d5fc54	deddc81f-c565-499a-8226-84c35d4707f8	6d044835-fdc2-4b5b-b0d9-01a83debf082	Galaxy Book 3
ba45b94b-c7e2-4772-b2c0-d7fa18d5fc54	fff7f3b9-5e19-4784-a113-bbf7634f3304	6d044835-fdc2-4b5b-b0d9-01a83debf082	Galaxy Book 4
ba45b94b-c7e2-4772-b2c0-d7fa18d5fc54	55896e92-9a72-4f85-9a3b-f6c5795fb440	6d044835-fdc2-4b5b-b0d9-01a83debf082	Galaxy Book Pro
ba45b94b-c7e2-4772-b2c0-d7fa18d5fc54	dc40eeab-4b77-4797-92c0-ab7fe13278d7	ee5bb106-100f-4098-a65e-ed85322512e4	Galaxy Tab S8
ba45b94b-c7e2-4772-b2c0-d7fa18d5fc54	d82016e0-17f5-46b8-9c2a-f6d453e739d1	ee5bb106-100f-4098-a65e-ed85322512e4	Galaxy Tab S9
ba45b94b-c7e2-4772-b2c0-d7fa18d5fc54	4eed1a29-f64b-4220-935c-c9305100714d	ee5bb106-100f-4098-a65e-ed85322512e4	Galaxy Tab A8
ba45b94b-c7e2-4772-b2c0-d7fa18d5fc54	91b1aab7-bb31-4915-b0a1-a8770756fc2a	0270bf1c-03b7-44c6-9383-3b4e6fd33746	Galaxy Buds 2
ba45b94b-c7e2-4772-b2c0-d7fa18d5fc54	8959deb4-8a45-42de-ad0e-e983b5b3fe25	0270bf1c-03b7-44c6-9383-3b4e6fd33746	Galaxy Buds 2 Pro
ba45b94b-c7e2-4772-b2c0-d7fa18d5fc54	d4f86f64-4cb3-4600-b7e9-c73c3855eac7	0270bf1c-03b7-44c6-9383-3b4e6fd33746	Galaxy Buds FE
ba45b94b-c7e2-4772-b2c0-d7fa18d5fc54	d7432ba0-fb74-4f6e-af5e-7322fa94ce55	df6c7ef0-a058-4973-98e1-24a8df42cfce	55Q60C
ba45b94b-c7e2-4772-b2c0-d7fa18d5fc54	c3118e97-315f-49a1-a49e-7d145afcddc9	57e25e36-ffc9-4b3c-8a0f-33f52c8d8c7f	Smart MW7000K
691ce2f0-3031-45a0-8b2d-c6aa6ef8b32b	b9da40a8-262b-4dad-91de-76ef24ff8c9b	8900f2dd-3b7a-4be6-a6dd-38589b7d0605	Xiaomi 12
691ce2f0-3031-45a0-8b2d-c6aa6ef8b32b	92cf4271-ca29-408e-9f73-ff5c8740ada5	8900f2dd-3b7a-4be6-a6dd-38589b7d0605	Xiaomi 13
691ce2f0-3031-45a0-8b2d-c6aa6ef8b32b	49db18d8-5dbe-4bf2-9cd7-57c5b4bbdfb6	8900f2dd-3b7a-4be6-a6dd-38589b7d0605	Xiaomi 14
691ce2f0-3031-45a0-8b2d-c6aa6ef8b32b	be3b9103-2759-4c4f-8f0a-154634350387	8900f2dd-3b7a-4be6-a6dd-38589b7d0605	Xiaomi 13 Pro
691ce2f0-3031-45a0-8b2d-c6aa6ef8b32b	2b2ee89f-1865-4a12-8abb-fb24ec4ec32f	8900f2dd-3b7a-4be6-a6dd-38589b7d0605	Redmi Note 12
691ce2f0-3031-45a0-8b2d-c6aa6ef8b32b	9f94d1dd-dc8e-4073-8fda-85ed77f44c41	8900f2dd-3b7a-4be6-a6dd-38589b7d0605	Redmi Note 13
691ce2f0-3031-45a0-8b2d-c6aa6ef8b32b	7ae36570-37f4-41e3-8371-939df4914de0	8900f2dd-3b7a-4be6-a6dd-38589b7d0605	POCO X5
691ce2f0-3031-45a0-8b2d-c6aa6ef8b32b	b6cade9b-33a7-40aa-97b1-4f60ffd37b63	8900f2dd-3b7a-4be6-a6dd-38589b7d0605	POCO X6
691ce2f0-3031-45a0-8b2d-c6aa6ef8b32b	d8c71a7f-cf60-45a1-ba20-4e9ec32788fb	ee5bb106-100f-4098-a65e-ed85322512e4	Xiaomi Pad 5
691ce2f0-3031-45a0-8b2d-c6aa6ef8b32b	99bcdd8d-a94e-4194-8b6c-3e7a81203554	ee5bb106-100f-4098-a65e-ed85322512e4	Xiaomi Pad 6
691ce2f0-3031-45a0-8b2d-c6aa6ef8b32b	5613ffda-f3a3-466d-900f-c5fa3f738a4f	0270bf1c-03b7-44c6-9383-3b4e6fd33746	Redmi Buds 4
691ce2f0-3031-45a0-8b2d-c6aa6ef8b32b	c15b93af-8dc3-4937-92f4-3b288f2b1c82	0270bf1c-03b7-44c6-9383-3b4e6fd33746	Redmi Buds 5
691ce2f0-3031-45a0-8b2d-c6aa6ef8b32b	00ab7d95-d1a2-45ad-bf7b-3d75b5a84db2	0b109717-96b6-49e1-b6fb-a3d4b7f4d6e5	Mi Smart Speaker
ed78f2a1-923c-40b0-b5a4-1c2d3b774eaa	45dd0edc-ff39-48e4-ae4c-5abf4388b88f	ed53336d-b5fc-4f74-92ce-a772df70ed8e	PlayStation 4
ed78f2a1-923c-40b0-b5a4-1c2d3b774eaa	e165fff6-afde-4c5d-b614-5763dd1faf9e	ed53336d-b5fc-4f74-92ce-a772df70ed8e	PlayStation 4 Pro
ed78f2a1-923c-40b0-b5a4-1c2d3b774eaa	2546ceaa-3595-4d1b-bb8a-c787a786d3f8	ed53336d-b5fc-4f74-92ce-a772df70ed8e	PlayStation 5
ed78f2a1-923c-40b0-b5a4-1c2d3b774eaa	ed30c1a9-09f4-444f-b56e-758bfb87d44f	ed53336d-b5fc-4f74-92ce-a772df70ed8e	PlayStation 5 Slim
ed78f2a1-923c-40b0-b5a4-1c2d3b774eaa	1bfd9fd5-80fd-4946-976a-369cc2b81ba4	ed53336d-b5fc-4f74-92ce-a772df70ed8e	PlayStation VR
ed78f2a1-923c-40b0-b5a4-1c2d3b774eaa	e6487e89-0e7b-4da8-808f-c0d8d9d37ab5	0270bf1c-03b7-44c6-9383-3b4e6fd33746	WH-1000XM4
ed78f2a1-923c-40b0-b5a4-1c2d3b774eaa	1ea5af2b-e00c-472e-be2b-151e851a49c2	0270bf1c-03b7-44c6-9383-3b4e6fd33746	WH-1000XM5
ed78f2a1-923c-40b0-b5a4-1c2d3b774eaa	338a410b-865c-447b-8708-dd235caef6c6	0270bf1c-03b7-44c6-9383-3b4e6fd33746	WF-1000XM4
ed78f2a1-923c-40b0-b5a4-1c2d3b774eaa	826a12de-43a9-417b-a552-bf9c50b1762f	0270bf1c-03b7-44c6-9383-3b4e6fd33746	WF-1000XM5
ed78f2a1-923c-40b0-b5a4-1c2d3b774eaa	776f3948-a541-4e67-8f91-02d587566a92	8900f2dd-3b7a-4be6-a6dd-38589b7d0605	Xperia 1 V
ed78f2a1-923c-40b0-b5a4-1c2d3b774eaa	751e096a-0598-4064-a6dc-0991f64b7cfa	8900f2dd-3b7a-4be6-a6dd-38589b7d0605	Xperia 5 V
ed78f2a1-923c-40b0-b5a4-1c2d3b774eaa	6c304db3-f6a0-463c-82c4-1f9f9e6e9ed3	df6c7ef0-a058-4973-98e1-24a8df42cfce	BRAVIA 43
ed78f2a1-923c-40b0-b5a4-1c2d3b774eaa	3a66777b-2f50-4cff-bd66-4a2e3a6089e3	df6c7ef0-a058-4973-98e1-24a8df42cfce	BRAVIA XR 55
ed78f2a1-923c-40b0-b5a4-1c2d3b774eaa	8e062e29-5e34-40ec-9999-cf3303658ca2	8c483c0c-5077-44e7-b7a4-79d4065feb64	ZV-E10
ed78f2a1-923c-40b0-b5a4-1c2d3b774eaa	7a2c974f-0745-41b5-8c15-030648bce8db	8c483c0c-5077-44e7-b7a4-79d4065feb64	Alpha 6400
ed78f2a1-923c-40b0-b5a4-1c2d3b774eaa	aa5ce936-f5c0-4597-9cab-f5726ddafb01	6f53b5e9-52b7-498a-b3cd-80e61bdb3508	UWP-D22
6bd0c0e3-83bc-4fe1-80eb-3b87b3101b61	4e582fc9-8d2d-46f9-908c-2961494692cb	6d044835-fdc2-4b5b-b0d9-01a83debf082	ZenBook 14
6bd0c0e3-83bc-4fe1-80eb-3b87b3101b61	d0a3a2cf-2c80-4c57-9ff4-ddc649440421	6d044835-fdc2-4b5b-b0d9-01a83debf082	VivoBook 15
6bd0c0e3-83bc-4fe1-80eb-3b87b3101b61	28e86cdb-23d1-406f-9782-8b070abe79c8	6d044835-fdc2-4b5b-b0d9-01a83debf082	ROG Zephyrus G14
6bd0c0e3-83bc-4fe1-80eb-3b87b3101b61	9dc50ce1-4a37-4b07-8f90-b300620988e2	6d044835-fdc2-4b5b-b0d9-01a83debf082	ROG Zephyrus G15
6bd0c0e3-83bc-4fe1-80eb-3b87b3101b61	a6bcb292-cba8-4a80-ab71-3a74e6ffbf47	6d044835-fdc2-4b5b-b0d9-01a83debf082	TUF Gaming F15
6bd0c0e3-83bc-4fe1-80eb-3b87b3101b61	4bf2e2eb-864f-40c3-9503-3c1cb8a83469	6d044835-fdc2-4b5b-b0d9-01a83debf082	TUF Gaming
6bd0c0e3-83bc-4fe1-80eb-3b87b3101b61	f34507b5-6613-4cf4-ab70-c6b65dc2dd11	0270bf1c-03b7-44c6-9383-3b4e6fd33746	TUF H3
6bd0c0e3-83bc-4fe1-80eb-3b87b3101b61	79efc46b-8e3b-41cc-9787-9e4e48e48c5a	ee5bb106-100f-4098-a65e-ed85322512e4	Pad 10
6bd0c0e3-83bc-4fe1-80eb-3b87b3101b61	2421d5d4-321c-4df6-b25a-26b8f984773e	ee5bb106-100f-4098-a65e-ed85322512e4	Pad 11
9095646f-a5cf-459d-9d39-61ec47425769	aaffa798-d110-485c-9d83-acd2c86b2ad6	8900f2dd-3b7a-4be6-a6dd-38589b7d0605	P40
9095646f-a5cf-459d-9d39-61ec47425769	83ddb346-9d2d-4cc2-9682-1b3a470a81ed	8900f2dd-3b7a-4be6-a6dd-38589b7d0605	P50
9095646f-a5cf-459d-9d39-61ec47425769	0574fdb8-2000-420e-a567-7865053ac1bf	8900f2dd-3b7a-4be6-a6dd-38589b7d0605	Mate 50
9095646f-a5cf-459d-9d39-61ec47425769	227194db-c83b-405b-ab28-83ca45548269	6d044835-fdc2-4b5b-b0d9-01a83debf082	MateBook D14
9095646f-a5cf-459d-9d39-61ec47425769	9eab58c6-b0e9-46bb-87ba-16dd2adadb2b	6d044835-fdc2-4b5b-b0d9-01a83debf082	MateBook D15
9095646f-a5cf-459d-9d39-61ec47425769	35972f6e-5b34-44aa-96cd-f099b674b42d	6d044835-fdc2-4b5b-b0d9-01a83debf082	MateBook D16
9095646f-a5cf-459d-9d39-61ec47425769	ddc72f65-abec-4cd9-9bbe-02b3ba1c5b6b	6d044835-fdc2-4b5b-b0d9-01a83debf082	MateBook X Pro
9095646f-a5cf-459d-9d39-61ec47425769	3012d0aa-c80c-4b57-acdc-3f613460b41c	ee5bb106-100f-4098-a65e-ed85322512e4	MatePad 11
9095646f-a5cf-459d-9d39-61ec47425769	c7a5cdd8-3503-463d-9467-bab047a8c0dd	ee5bb106-100f-4098-a65e-ed85322512e4	MatePad Pro
9095646f-a5cf-459d-9d39-61ec47425769	9a1159c2-e475-487e-b0e5-5754f6e8db0d	0270bf1c-03b7-44c6-9383-3b4e6fd33746	FreeBuds 5i
2b10e0c3-04dc-4165-a9a4-4ae911588923	75c336ca-b992-4d3f-97c4-faf727cd3ca5	6d044835-fdc2-4b5b-b0d9-01a83debf082	Inspiron 15
2b10e0c3-04dc-4165-a9a4-4ae911588923	dc601e95-0c64-4af3-ae21-6825dd6b7127	6d044835-fdc2-4b5b-b0d9-01a83debf082	XPS 13
2b10e0c3-04dc-4165-a9a4-4ae911588923	c67498d1-de2f-4cd8-bb67-5e242395127c	6d044835-fdc2-4b5b-b0d9-01a83debf082	XPS 15
2b10e0c3-04dc-4165-a9a4-4ae911588923	587a7212-aca2-45df-aa0c-245939ae2a9d	6d044835-fdc2-4b5b-b0d9-01a83debf082	Latitude 5440
0fb2c7b4-65e0-4dee-b741-551f1cef1c06	b45fbd0d-f749-48c8-9eb5-cff912f2c2cd	6d044835-fdc2-4b5b-b0d9-01a83debf082	Pavilion 15
0fb2c7b4-65e0-4dee-b741-551f1cef1c06	d201a2ac-c60e-40a5-9641-71e5438a78d2	6d044835-fdc2-4b5b-b0d9-01a83debf082	Envy 13
0fb2c7b4-65e0-4dee-b741-551f1cef1c06	06d5a087-3626-4aca-b807-7afbbad77d88	6d044835-fdc2-4b5b-b0d9-01a83debf082	Spectre x360
0fb2c7b4-65e0-4dee-b741-551f1cef1c06	f37d6761-599a-4eec-baef-4247b44bf411	6d044835-fdc2-4b5b-b0d9-01a83debf082	Victus 16
948a80e7-9a0d-42e4-a945-1ebafb3e2c18	54858aea-bc47-4865-bd9f-11bbc4284dac	6d044835-fdc2-4b5b-b0d9-01a83debf082	IdeaPad 3
948a80e7-9a0d-42e4-a945-1ebafb3e2c18	1d728f3e-2d5e-4367-98e4-7b553b66a335	6d044835-fdc2-4b5b-b0d9-01a83debf082	IdeaPad 5
948a80e7-9a0d-42e4-a945-1ebafb3e2c18	fb4fcab6-ffbd-4759-828c-0c3ab02f3dbc	6d044835-fdc2-4b5b-b0d9-01a83debf082	ThinkPad E14
948a80e7-9a0d-42e4-a945-1ebafb3e2c18	75de8a24-5d84-4ac8-baf6-8728b00fc97a	6d044835-fdc2-4b5b-b0d9-01a83debf082	ThinkPad X1 Carbon
948a80e7-9a0d-42e4-a945-1ebafb3e2c18	65a114e4-b966-4951-8e5d-bf52222a5456	6d044835-fdc2-4b5b-b0d9-01a83debf082	Legion 5
47978bee-bfc7-4ead-839e-0b5128038868	70a7b284-ba0f-4af7-bed9-78ca01194c0a	6d044835-fdc2-4b5b-b0d9-01a83debf082	Surface Laptop 4
47978bee-bfc7-4ead-839e-0b5128038868	701932dc-2360-4228-a6a7-392b0666c863	6d044835-fdc2-4b5b-b0d9-01a83debf082	Surface Laptop Studio
47978bee-bfc7-4ead-839e-0b5128038868	bf75addc-1740-4693-bb71-b12438250679	ee5bb106-100f-4098-a65e-ed85322512e4	Surface Pro 9
47978bee-bfc7-4ead-839e-0b5128038868	38a57dcd-9961-4ead-9b2b-c976080bd261	ee5bb106-100f-4098-a65e-ed85322512e4	Surface Go 3
47978bee-bfc7-4ead-839e-0b5128038868	b8f2d71b-e3c7-4a16-af64-777ded6139c7	ed53336d-b5fc-4f74-92ce-a772df70ed8e	Xbox Series X
47978bee-bfc7-4ead-839e-0b5128038868	cd22a4ee-981a-4b6f-86f3-b08366d4d2c6	ed53336d-b5fc-4f74-92ce-a772df70ed8e	Xbox Series S
b4b74fae-fec0-4f35-81f7-eff2d59dabf3	4544f0a8-4879-419e-8845-7632eae08fc5	8900f2dd-3b7a-4be6-a6dd-38589b7d0605	Pixel 7 Pro
b4b74fae-fec0-4f35-81f7-eff2d59dabf3	9dacbc98-a802-47f7-9bd2-5b33088f1712	8900f2dd-3b7a-4be6-a6dd-38589b7d0605	Pixel 8
b4b74fae-fec0-4f35-81f7-eff2d59dabf3	03debbe7-1fe8-4971-9238-0e789e096af4	8900f2dd-3b7a-4be6-a6dd-38589b7d0605	Pixel 8 Pro
b4b74fae-fec0-4f35-81f7-eff2d59dabf3	b10b3b7b-6767-4ccf-a744-a883b583f720	ee5bb106-100f-4098-a65e-ed85322512e4	Pixel Tablet
b4b74fae-fec0-4f35-81f7-eff2d59dabf3	a5a82b15-e49b-48b1-ac09-706d2897fc45	0b109717-96b6-49e1-b6fb-a3d4b7f4d6e5	Nest Audio
c957fd28-7f79-4838-824b-dbfcf840a7de	f6adb93a-5800-4beb-ad8f-bf3752fdf5c6	df6c7ef0-a058-4973-98e1-24a8df42cfce	LG OLED 55
c957fd28-7f79-4838-824b-dbfcf840a7de	533d4726-23e1-4122-8703-d619b0eb6caf	df6c7ef0-a058-4973-98e1-24a8df42cfce	65UP8100
c957fd28-7f79-4838-824b-dbfcf840a7de	b0639bee-56d3-42ff-a7fb-887fc917c3ec	df6c7ef0-a058-4973-98e1-24a8df42cfce	WebOs
c957fd28-7f79-4838-824b-dbfcf840a7de	42d02499-ad2a-40f9-93ef-817373f53a2a	50bcfaf7-f45d-4775-b4e0-3bb5478b73c6	TurboWash 9kg
c957fd28-7f79-4838-824b-dbfcf840a7de	2cbb2b28-62bd-4348-a528-a0aa74a58b01	50bcfaf7-f45d-4775-b4e0-3bb5478b73c6	LG Washing Machine 10kg
c957fd28-7f79-4838-824b-dbfcf840a7de	27168553-efe3-46e9-8580-8c5cfb39d554	b4410613-6677-4622-9047-dfd48511ff91	Standard
d1033664-186c-47a4-9cfc-81c32edab4fa	79988459-67e8-4e4d-a3c7-00d27de4d90f	4e2963e0-8aea-4d5f-ac55-741027c43f3e	TV Box 4K
d1033664-186c-47a4-9cfc-81c32edab4fa	7a9f3738-3ab7-4fe2-8e5b-c9b22a60c629	57e25e36-ffc9-4b3c-8a0f-33f52c8d8c7f	HR3573
d1033664-186c-47a4-9cfc-81c32edab4fa	7764f654-bfb9-45fd-90c4-e994efea29e5	b4410613-6677-4622-9047-dfd48511ff91	Standard
d1033664-186c-47a4-9cfc-81c32edab4fa	e53ddcd5-95af-448e-ad60-e56b15f6fc8d	0270bf1c-03b7-44c6-9383-3b4e6fd33746	Standard
897ddd9d-5d3e-4d7b-8ea7-c00b4ea6192f	ad2ddde8-11a7-477b-8752-dc9e4e3a19e1	8c483c0c-5077-44e7-b7a4-79d4065feb64	EasyShare C1530
897ddd9d-5d3e-4d7b-8ea7-c00b4ea6192f	f26c9bf4-473f-466e-9f1b-d58fa60dc95b	8c483c0c-5077-44e7-b7a4-79d4065feb64	Standard
e0862f31-29f8-4df9-bbca-e54e9b115748	b58d4caf-3962-4f6e-b953-2ec5e031f6f9	8c483c0c-5077-44e7-b7a4-79d4065feb64	D7500
e0862f31-29f8-4df9-bbca-e54e9b115748	81145c94-e491-4c94-be58-b47504988898	8c483c0c-5077-44e7-b7a4-79d4065feb64	Standard
1ad76cd4-2b18-4c91-958c-dfb25e53f44e	3fa23f92-55fc-4d00-a3a5-ad7375f8665a	a9e441d6-66e3-40bc-9f3e-4e0646dc5465	W1070+
1ad76cd4-2b18-4c91-958c-dfb25e53f44e	a4f5c31b-0a2d-48f9-b2d4-08ddb1498d6e	df6c7ef0-a058-4973-98e1-24a8df42cfce	40 inch
1ad76cd4-2b18-4c91-958c-dfb25e53f44e	e75c5ea5-f5c5-4b78-8ff5-e61860dd9df5	df6c7ef0-a058-4973-98e1-24a8df42cfce	44 inch
1ad76cd4-2b18-4c91-958c-dfb25e53f44e	8ffd437d-a0c7-473c-911e-2d465d9b0ac4	df6c7ef0-a058-4973-98e1-24a8df42cfce	53 inch
5caa152d-531c-4ffa-b2ee-738040c566d0	9d62acea-47dd-4b1f-aea3-428a9cfc914c	b4410613-6677-4622-9047-dfd48511ff91	12K Inverter
1c647eb2-3adf-4c2d-9e3a-6984231e5e2c	9b6e5a28-dbc1-4e33-869f-f661ded3d7a6	df6c7ef0-a058-4973-98e1-24a8df42cfce	41 inch
1c647eb2-3adf-4c2d-9e3a-6984231e5e2c	209b58a0-7748-4085-862e-82aa435a01dc	df6c7ef0-a058-4973-98e1-24a8df42cfce	59 inch
6c906ebc-f319-4f2e-a3d6-c43b49e24ca2	f59350fb-9dcc-43b7-b2ed-2ee3d06d761b	0b109717-96b6-49e1-b6fb-a3d4b7f4d6e5	JBL Flip 6
7ecc73c5-6b14-42d1-abe2-270ff48d5433	d27b3c6d-4644-494f-ac41-1588b9dadbbd	0b109717-96b6-49e1-b6fb-a3d4b7f4d6e5	Standard
7ecc73c5-6b14-42d1-abe2-270ff48d5433	cfe7a0a8-352e-4af2-a847-ca5a4b4f7248	df6c7ef0-a058-4973-98e1-24a8df42cfce	Standard
\.


--
-- Data for Name: electronic_types; Type: TABLE DATA; Schema: public; Owner: postgres
--

COPY public.electronic_types (id, label, name) FROM stdin;
8900f2dd-3b7a-4be6-a6dd-38589b7d0605	Mobile Phone	MOBILE_PHONE
6d044835-fdc2-4b5b-b0d9-01a83debf082	Laptop	LAPTOP
ee5bb106-100f-4098-a65e-ed85322512e4	Tablet	TABLET
ed53336d-b5fc-4f74-92ce-a772df70ed8e	Game Console	GAME_CONSOLE
0270bf1c-03b7-44c6-9383-3b4e6fd33746	Headphones	HEADPHONES
df6c7ef0-a058-4973-98e1-24a8df42cfce	TV	TV
4e2963e0-8aea-4d5f-ac55-741027c43f3e	TV STB	TV_STB
0b109717-96b6-49e1-b6fb-a3d4b7f4d6e5	Speaker	SPEAKER
8c483c0c-5077-44e7-b7a4-79d4065feb64	Camera	CAMERA
6f53b5e9-52b7-498a-b3cd-80e61bdb3508	Microphone	MICROPHONE
b4410613-6677-4622-9047-dfd48511ff91	Air Conditioner	AIR_CONDITIONER
50bcfaf7-f45d-4775-b4e0-3bb5478b73c6	Washing Machine	WASHING_MACHINE
57e25e36-ffc9-4b3c-8a0f-33f52c8d8c7f	Kitchenary	KITCHENARY
a9e441d6-66e3-40bc-9f3e-4e0646dc5465	Video Player	VIDEO_PLAYER
4f16f565-0201-482e-8dca-d28e8d2282fe	Other	OTHER
\.


--
-- Data for Name: emails; Type: TABLE DATA; Schema: public; Owner: postgres
--

COPY public.emails (created_at, read_at, user_id, id, content, email_type, error_message, recipient_email, sender_email, subject) FROM stdin;
2026-04-09 00:21:29.660533	2026-04-09 00:21:33.650976	2	816955db-e8aa-4e2d-9b63-68f834098b78	Hello Serhat,Welcome to SecondHand! Your account has been successfully created. You can now: Sell your second-hand items Purchase items you like Communicate safely with other users Happy shopping! SecondHand Team	WELCOME	\N	serhathyesilbas@gmail.com	secondhand@noreply.com	Welcome to SecondHand!
2026-04-09 11:34:30.669103	2026-04-09 11:34:30.730471	2	a5457206-ee5d-4796-b88d-e2bec4795011	Hello Serhat, your payment verification code is 242105. This code is valid for 3 minutes.\n\n\nPayment Details:\nService: LISTING CREATION\nListing: Macbook Air M3\nAmount: 59.00 TRY\nDate: 2026-04-09T11:34:30.632708\n	PAYMENT_VERIFICATION	\N	serhathyesilbas@gmail.com	secondhand@noreply.com	SecondHand - Payment Verification
2026-04-09 11:36:15.378129	2026-04-09 11:36:15.40717	2	6c11ffa0-26c4-4f27-bd93-a3f3b3e688f6	Hello Serhat, your payment verification code is 125965. This code is valid for 3 minutes.\n\n\nPayment Details:\nService: LISTING CREATION\nListing: Macbook Air M3\nAmount: 59.00 TRY\nDate: 2026-04-09T11:36:15.376668\n	PAYMENT_VERIFICATION	\N	serhathyesilbas@gmail.com	secondhand@noreply.com	SecondHand - Payment Verification
2026-04-09 11:38:15.168955	2026-04-09 11:38:15.196037	2	472fc964-971e-4df5-8424-ed078cd49639	Hello Serhat, your payment verification code is 654794. This code is valid for 3 minutes.\n\n\nPayment Details:\nService: LISTING CREATION\nListing: Macbook Air M3\nAmount: 59.00 TRY\nDate: 2026-04-09T11:38:15.168125\n	PAYMENT_VERIFICATION	\N	serhathyesilbas@gmail.com	secondhand@noreply.com	SecondHand - Payment Verification
2026-04-09 11:41:40.134671	2026-04-09 11:41:40.192647	2	eb54bc07-9209-4424-a768-a616d36c0c83	Hello Serhat, your payment verification code is 545376. This code is valid for 3 minutes.\n\n\nPayment Details:\nService: LISTING CREATION\nListing: Macbook Air M3\nAmount: 59.00 TRY\nDate: 2026-04-09T11:41:40.100550\n	PAYMENT_VERIFICATION	\N	serhathyesilbas@gmail.com	secondhand@noreply.com	SecondHand - Payment Verification
2026-04-09 11:41:50.516063	2026-04-09 14:36:18.310263	2	e2f48132-f430-4b2d-9903-af0cea3e90d6	Hello Serhat,\nYour payment for the listing titled "Macbook Air M3" has been successfully processed.\nPayment Details:\nAmount: 59.00\nTransaction Type: LISTING_CREATION\nThank you for using SecondHand!\nBest regards,\nSecondHand Team	NOTIFICATION	\N	serhathyesilbas@gmail.com	secondhand@noreply.com	SecondHand - Payment Successful
2026-04-09 22:06:56.245599	2026-04-09 22:07:20.651695	3	3390d69a-425f-4ea9-821a-c476f4e9999a	Hello Victor,Welcome to SecondHand! Your account has been successfully created. You can now: Sell your second-hand items Purchase items you like Communicate safely with other users Happy shopping! SecondHand Team	WELCOME	\N	victorw@gmail.com	secondhand@noreply.com	Welcome to SecondHand!
2026-04-09 22:22:14.206977	2026-04-09 22:22:14.224884	2	f425c02c-b401-4161-bce0-72158d2c1e8b	Hello Serhat, your payment verification code is 221763. This code is valid for 3 minutes.\n\n\nPayment Details:\nService: SHOWCASE PAYMENT\nListing: Macbook Air M3\nAmount: 165.20000000000002 TRY\nDays: 14\nDate: 2026-04-09T22:22:14.205305\n	PAYMENT_VERIFICATION	\N	serhathyesilbas@gmail.com	secondhand@noreply.com	SecondHand - Payment Verification
2026-04-09 22:34:56.482392	2026-04-09 22:34:56.499383	1	d76eef65-1721-4199-9d56-9cb62035f4db	Hello Serhat, your payment verification code is 858543. This code is valid for 3 minutes.\n\n\nPayment Details:\nService: ITEM PURCHASE\nOrder Summary:\nTotal: 0 TRY\nDate: 2026-04-09T22:34:56.481362\n	PAYMENT_VERIFICATION	\N	shyesilbas@gmail.com	secondhand@noreply.com	SecondHand - Payment Verification
2026-04-09 22:35:06.432426	2026-04-09 22:37:05.713494	1	90a687d2-2556-4f5f-9cd5-e0b181ca961c	Hello Serhat,\nYour payment for the listing titled "Macbook Air M3" has been successfully processed.\nPayment Details:\nAmount: 42500.00\nTransaction Type: ITEM_PURCHASE\nThank you for using SecondHand!\nBest regards,\nSecondHand Team	NOTIFICATION	\N	shyesilbas@gmail.com	secondhand@noreply.com	SecondHand - Payment Successful
2026-04-09 22:35:06.489514	2026-04-09 22:37:05.713494	1	5bad4310-eccb-4de7-955a-8cf84fa5ffbd	Hello Serhat,\n\nThank you for your purchase! Your order has been confirmed.\n\nOrder Number: ORD-1775763306353-CB872C25\nStatus: CONFIRMED\nPayment Status: PAID\nTotal: 42500.00 TRY\n\nShipping Address:\nMock Address 2 , Herhangi Bir Adres\nAnkara State 35132\nTürkiye\n\nItems:\n- Macbook Air M3 x1 — 42500.00 TRY\nPayment Reference: 202fbd6f-285f-4afd-9101-a71ffb815804\n\nBest regards,\nSecondHand Team\n	NOTIFICATION	\N	shyesilbas@gmail.com	secondhand@noreply.com	SecondHand - Order Confirmation
2026-04-09 22:38:53.834224	2026-04-09 22:38:53.854793	1	7175667d-cf88-49db-b7c5-ea5fc9b3bc51	Hello Serhat, your payment verification code is 445219. This code is valid for 3 minutes.\n\n\nPayment Details:\nService: ITEM PURCHASE\nOrder Summary:\nTotal: 0 TRY\nDate: 2026-04-09T22:38:53.832173\n	PAYMENT_VERIFICATION	\N	shyesilbas@gmail.com	secondhand@noreply.com	SecondHand - Payment Verification
2026-04-09 22:22:23.847446	2026-04-09 23:04:49.094449	2	0c509650-211e-4913-a3e4-42ec4c02a1c2	Hello Serhat,\nYour payment for the listing titled "Payment" has been successfully processed.\nPayment Details:\nAmount: 165.20\nTransaction Type: SHOWCASE_PAYMENT\nThank you for using SecondHand!\nBest regards,\nSecondHand Team	NOTIFICATION	\N	serhathyesilbas@gmail.com	secondhand@noreply.com	SecondHand - Payment Successful
2026-04-09 22:35:06.496012	2026-04-09 23:04:49.094449	2	4e6b10af-b6c0-4e0d-872b-127393828a38	Hello Serhat,\n\nGreat news! Your item(s) have been sold!\n\nOrder Number: ORD-1775763306353-CB872C25\nTotal Amount: 42500.00 TRY\n\nSold Items:\n- Macbook Air M3 x1 — 42500.00 TRY\n\nShipping Address:\nMock Address 2 , Herhangi Bir Adres\nAnkara State 35132\nTürkiye\n\nPlease prepare the item(s) for shipping and contact the buyer if needed.\nThank you for using SecondHand!\n\nBest regards,\nSecondHand Team\n	NOTIFICATION	\N	serhathyesilbas@gmail.com	secondhand@noreply.com	SecondHand - Your Item Has Been Sold!
2026-04-09 22:19:02.563095	2026-04-09 23:16:07.62982	3	0423a7f6-d061-4064-86af-78b574048dc3	Hello Victor,Please use the following code to verify your SecondHand account: Verification Code: 461348 This code is valid for 15 minutes.If you did not request this verification, please ignore this email. Best regards, SecondHand Team	VERIFICATION_CODE	\N	victorw@gmail.com	secondhand@noreply.com	SecondHand - Account Verification Code
2026-04-09 22:39:04.064212	2026-04-09 22:41:17.364487	1	188ddfd9-d71c-4454-aa52-27281680d5e3	Hello Serhat,\nYour payment for the listing titled "Macbook Air M3" has been successfully processed.\nPayment Details:\nAmount: 42500.00\nTransaction Type: ITEM_PURCHASE\nThank you for using SecondHand!\nBest regards,\nSecondHand Team	NOTIFICATION	\N	shyesilbas@gmail.com	secondhand@noreply.com	SecondHand - Payment Successful
2026-04-09 22:39:04.079424	2026-04-09 22:41:17.364487	1	997a3b8c-bb6c-42c4-ad6e-5979dc9d4810	Hello Serhat,\n\nThank you for your purchase! Your order has been confirmed.\n\nOrder Number: ORD-1775763544035-91A4EBCE\nStatus: CONFIRMED\nPayment Status: PAID\nTotal: 42500.00 TRY\n\nShipping Address:\nMock Address 2 , Herhangi Bir Adres\nAnkara State 35132\nTürkiye\n\nItems:\n- Macbook Air M3 x1 — 42500.00 TRY\nPayment Reference: 4cfb76f1-9ff7-494c-840d-f14e6141e48a\n\nBest regards,\nSecondHand Team\n	NOTIFICATION	\N	shyesilbas@gmail.com	secondhand@noreply.com	SecondHand - Order Confirmation
2026-04-09 22:39:04.085008	2026-04-09 23:04:49.094449	2	a7dde8e8-3af7-4bb0-86d8-12f28e8baa96	Hello Serhat,\n\nGreat news! Your item(s) have been sold!\n\nOrder Number: ORD-1775763544035-91A4EBCE\nTotal Amount: 42500.00 TRY\n\nSold Items:\n- Macbook Air M3 x1 — 42500.00 TRY\n\nShipping Address:\nMock Address 2 , Herhangi Bir Adres\nAnkara State 35132\nTürkiye\n\nPlease prepare the item(s) for shipping and contact the buyer if needed.\nThank you for using SecondHand!\n\nBest regards,\nSecondHand Team\n	NOTIFICATION	\N	serhathyesilbas@gmail.com	secondhand@noreply.com	SecondHand - Your Item Has Been Sold!
2026-04-09 23:16:05.344187	2026-04-09 23:16:07.62982	3	e4e1a0e7-67c4-4ce4-9c0a-80cfa6630bc1	“Distance Selling” was updated v1.0.0. Click to review and accept.\n\nOpen Agreements in your account: Profile → Agreements (or /agreements/all).	AGREEMENT_UPDATED	\N	victorw@gmail.com	secondhand@noreply.com	SecondHand: Agreement updated
2026-04-09 23:33:59.673659	2026-04-09 23:35:34.507866	3	6709a168-5505-4bb7-84a1-a2f47b29cbb3	Hello Victor, your payment verification code is 244438. This code is valid for 3 minutes.\n\n\nPayment Details:\nService: ITEM PURCHASE\nOrder Summary:\nTotal: 0 TRY\nDate: 2026-04-09T23:33:59.668865\n	PAYMENT_VERIFICATION	\N	victorw@gmail.com	secondhand@noreply.com	SecondHand - Payment Verification
2026-04-09 23:34:12.509347	2026-04-09 23:35:37.793294	3	33a71dfb-2289-4de4-8900-0508324ef39e	Hello Victor,\nYour payment for the listing titled "Macbook Air M3" has been successfully processed.\nPayment Details:\nAmount: 42500.00\nTransaction Type: ITEM_PURCHASE\nThank you for using SecondHand!\nBest regards,\nSecondHand Team	NOTIFICATION	\N	victorw@gmail.com	secondhand@noreply.com	SecondHand - Payment Successful
2026-04-09 23:34:12.554809	2026-04-09 23:35:38.945833	3	df270e07-80d7-4595-a187-566f1cf59199	Hello Victor,\n\nThank you for your purchase! Your order has been confirmed.\n\nOrder Number: ORD-1775766852431-4C50B4C7\nStatus: CONFIRMED\nPayment Status: PAID\nTotal: 42500.00 TRY\n\nShipping Address:\nMock Address 1 , St George\nİstanbul Beykoz 34800\nTürkiye\n\nItems:\n- Macbook Air M3 x1 — 42500.00 TRY\nPayment Reference: 601b83f8-d7c6-49ca-97ce-3e71c58cbfb4\n\nBest regards,\nSecondHand Team\n	NOTIFICATION	\N	victorw@gmail.com	secondhand@noreply.com	SecondHand - Order Confirmation
2026-04-09 23:36:07.536379	2026-04-09 23:36:21.69784	3	4e2c8976-9ba0-4071-b9ce-4bd423de8280	Hello ,\n\nYour order ORD-1775766852431-4C50B4C7 has been cancelled.\n	NOTIFICATION	\N	victorw@gmail.com	secondhand@noreply.com	SecondHand - Order Cancelled
2026-04-09 23:34:12.56206	2026-04-10 16:12:20.033345	2	c0f29114-9dae-4832-8cb7-849e4a58d3ff	Hello Serhat,\n\nGreat news! Your item(s) have been sold!\n\nOrder Number: ORD-1775766852431-4C50B4C7\nTotal Amount: 42500.00 TRY\n\nSold Items:\n- Macbook Air M3 x1 — 42500.00 TRY\n\nShipping Address:\nMock Address 1 , St George\nİstanbul Beykoz 34800\nTürkiye\n\nPlease prepare the item(s) for shipping and contact the buyer if needed.\nThank you for using SecondHand!\n\nBest regards,\nSecondHand Team\n	NOTIFICATION	\N	serhathyesilbas@gmail.com	secondhand@noreply.com	SecondHand - Your Item Has Been Sold!
2026-04-10 16:15:11.908713	2026-04-10 16:15:37.035374	1	69e48ddd-9c07-44ca-98e2-b06920716bab	Hello ,\n\nYour order ORD-1775763544035-91A4EBCE has been completed.\n	NOTIFICATION	\N	shyesilbas@gmail.com	secondhand@noreply.com	SecondHand - Order Completed
2026-04-10 16:10:07.937738	2026-04-10 16:15:38.312541	1	35d181dd-d464-45ec-b067-8f8440273b55	Hello ,\n\nYour order ORD-1775763306353-CB872C25 has been completed.\n	NOTIFICATION	\N	shyesilbas@gmail.com	secondhand@noreply.com	SecondHand - Order Completed
2026-04-10 16:40:27.652811	2026-04-10 16:48:56.094741	1	0c3d1e98-2199-455d-b763-b47461cacb5d	Hello Serhat, your payment verification code is 247583. This code is valid for 3 minutes.\n\n\nPayment Details:\nService: ITEM PURCHASE\nOrder Summary:\nTotal: 0 TRY\nDate: 2026-04-10T16:40:27.648120\n	PAYMENT_VERIFICATION	\N	shyesilbas@gmail.com	secondhand@noreply.com	SecondHand - Payment Verification
2026-04-10 16:40:37.147492	2026-04-10 16:49:00.141715	1	568c2be3-4758-40fd-93c0-5210dfdbc350	Hello Serhat,\nYour payment for the listing titled "Macbook Air M3" has been successfully processed.\nPayment Details:\nAmount: 42500.00\nTransaction Type: ITEM_PURCHASE\nThank you for using SecondHand!\nBest regards,\nSecondHand Team	NOTIFICATION	\N	shyesilbas@gmail.com	secondhand@noreply.com	SecondHand - Payment Successful
2026-04-10 16:40:37.209529	2026-04-10 16:49:01.342148	1	51a7e243-8c49-46f7-a622-4b16ea4f21aa	Hello Serhat,\n\nThank you for your purchase! Your order has been confirmed.\n\nOrder Number: ORD-1775828437018-6E8E8105\nStatus: CONFIRMED\nPayment Status: PAID\nTotal: 42500.00 TRY\n\nShipping Address:\nMock Address 2 , Herhangi Bir Adres\nAnkara State 35132\nTürkiye\n\nItems:\n- Macbook Air M3 x1 — 42500.00 TRY\nPayment Reference: 50956105-3100-4696-821d-dcc4c5ae7749\n\nBest regards,\nSecondHand Team\n	NOTIFICATION	\N	shyesilbas@gmail.com	secondhand@noreply.com	SecondHand - Order Confirmation
2026-04-10 17:27:04.312257	2026-04-10 17:28:59.547942	1	93bdc6f1-dd79-4d58-97a4-55f19c4693c1	Hello ,\n\nYour order ORD-1775828437018-6E8E8105 has been completed.\n	NOTIFICATION	\N	shyesilbas@gmail.com	secondhand@noreply.com	SecondHand - Order Completed
2026-04-10 18:03:56.837033	2026-04-10 18:04:08.401558	1	0a756316-5cad-48bb-9db1-61f61f892ea2	Hello Serhat,\nYour payment for the listing titled "Gs 99/00 İç Saha" has been successfully processed.\nPayment Details:\nAmount: 59.00\nTransaction Type: LISTING_CREATION\nThank you for using SecondHand!\nBest regards,\nSecondHand Team	NOTIFICATION	\N	shyesilbas@gmail.com	secondhand@noreply.com	SecondHand - Payment Successful
2026-04-10 18:03:47.306801	2026-04-10 18:06:50.333131	1	4a753bfd-9703-4d0c-b804-c29c6ad42a6a	Hello Serhat, your payment verification code is 815375. This code is valid for 3 minutes.\n\n\nPayment Details:\nService: LISTING CREATION\nListing: Gs 99/00 İç Saha\nAmount: 59.00 TRY\nDate: 2026-04-10T18:03:47.264238\n	PAYMENT_VERIFICATION	\N	shyesilbas@gmail.com	secondhand@noreply.com	SecondHand - Payment Verification
2026-04-10 16:40:37.220108	2026-04-10 22:35:36.166381	2	69a46b18-9dc5-4ebe-8dda-c90e6abc63fa	Hello Serhat,\n\nGreat news! Your item(s) have been sold!\n\nOrder Number: ORD-1775828437018-6E8E8105\nTotal Amount: 42500.00 TRY\n\nSold Items:\n- Macbook Air M3 x1 — 42500.00 TRY\n\nShipping Address:\nMock Address 2 , Herhangi Bir Adres\nAnkara State 35132\nTürkiye\n\nPlease prepare the item(s) for shipping and contact the buyer if needed.\nThank you for using SecondHand!\n\nBest regards,\nSecondHand Team\n	NOTIFICATION	\N	serhathyesilbas@gmail.com	secondhand@noreply.com	SecondHand - Your Item Has Been Sold!
2026-04-10 18:10:01.892777	2026-04-10 18:10:08.617006	1	42db9167-c490-4d90-853e-611f2efe558c	Hello Serhat,\nYour payment for the listing titled "Payment" has been successfully processed.\nPayment Details:\nAmount: 165.20\nTransaction Type: SHOWCASE_PAYMENT\nThank you for using SecondHand!\nBest regards,\nSecondHand Team	NOTIFICATION	\N	shyesilbas@gmail.com	secondhand@noreply.com	SecondHand - Payment Successful
2026-04-10 18:09:55.033791	2026-04-10 18:15:13.235047	1	b95b5b85-41ef-4b55-92b8-c278063122f6	Hello Serhat, your payment verification code is 777981. This code is valid for 3 minutes.\n\n\nPayment Details:\nService: SHOWCASE PAYMENT\nListing: Gs 99/00 İç Saha\nAmount: 165.20000000000002 TRY\nDays: 14\nDate: 2026-04-10T18:09:55.013674\n	PAYMENT_VERIFICATION	\N	shyesilbas@gmail.com	secondhand@noreply.com	SecondHand - Payment Verification
2026-04-10 22:29:57.648646	\N	1	537e2fa5-52c7-45c9-a61b-92f86e1a5ec6	Hello Serhat,\n\nGreat news! Your item(s) have been sold!\n\nOrder Number: ORD-1775849397523-46D08629\nTotal Amount: 3999.00 TRY\n\nSold Items:\n- Gs 99/00 İç Saha x1 — 3999.00 TRY\n\nShipping Address:\nMock Address 1 , St George\nİstanbul Beykoz 34800\nTürkiye\n\nPlease prepare the item(s) for shipping and contact the buyer if needed.\nThank you for using SecondHand!\n\nBest regards,\nSecondHand Team\n	NOTIFICATION	\N	shyesilbas@gmail.com	secondhand@noreply.com	SecondHand - Your Item Has Been Sold!
2026-04-10 22:29:32.705926	2026-04-10 22:31:49.831009	3	52e6892a-986a-4b4a-bfff-e19b007c8503	Hello Victor, your payment verification code is 494078. This code is valid for 3 minutes.\n\n\nPayment Details:\nService: ITEM PURCHASE\nOrder Summary:\nTotal: 0 TRY\nDate: 2026-04-10T22:29:32.691502\n	PAYMENT_VERIFICATION	\N	victorw@gmail.com	secondhand@noreply.com	SecondHand - Payment Verification
2026-04-10 22:29:57.641567	2026-04-10 22:31:55.756365	3	4347cd6a-4bb7-43cc-90c6-127637e12973	Hello Victor,\n\nThank you for your purchase! Your order has been confirmed.\n\nOrder Number: ORD-1775849397523-46D08629\nStatus: CONFIRMED\nPayment Status: PAID\nTotal: 46499.00 TRY\n\nShipping Address:\nMock Address 1 , St George\nİstanbul Beykoz 34800\nTürkiye\n\nItems:\n- Macbook Air M3 x1 — 42500.00 TRY\n- Gs 99/00 İç Saha x1 — 3999.00 TRY\nPayment Reference: 3380f1ef-e6f9-49d2-aff6-d14631605257\n\nBest regards,\nSecondHand Team\n	NOTIFICATION	\N	victorw@gmail.com	secondhand@noreply.com	SecondHand - Order Confirmation
2026-04-10 22:29:57.60372	2026-04-10 22:31:58.836219	3	7778f59e-8eea-4849-93a3-8e91a2a83219	Hello Victor,\nYour payment for the listing titled "Macbook Air M3" has been successfully processed.\nPayment Details:\nAmount: 42500.00\nTransaction Type: ITEM_PURCHASE\nThank you for using SecondHand!\nBest regards,\nSecondHand Team	NOTIFICATION	\N	victorw@gmail.com	secondhand@noreply.com	SecondHand - Payment Successful
2026-04-10 22:29:57.58588	2026-04-10 22:32:04.320117	3	23da5494-f4b9-4dcd-86e4-5d2363974c73	Hello Victor,\nYour payment for the listing titled "Gs 99/00 İç Saha" has been successfully processed.\nPayment Details:\nAmount: 3999.00\nTransaction Type: ITEM_PURCHASE\nThank you for using SecondHand!\nBest regards,\nSecondHand Team	NOTIFICATION	\N	victorw@gmail.com	secondhand@noreply.com	SecondHand - Payment Successful
2026-04-10 22:29:57.652819	2026-04-10 22:35:42.811418	2	e0f9db0a-dc8d-418e-b7e0-b6487b801e75	Hello Serhat,\n\nGreat news! Your item(s) have been sold!\n\nOrder Number: ORD-1775849397523-46D08629\nTotal Amount: 42500.00 TRY\n\nSold Items:\n- Macbook Air M3 x1 — 42500.00 TRY\n\nShipping Address:\nMock Address 1 , St George\nİstanbul Beykoz 34800\nTürkiye\n\nPlease prepare the item(s) for shipping and contact the buyer if needed.\nThank you for using SecondHand!\n\nBest regards,\nSecondHand Team\n	NOTIFICATION	\N	serhathyesilbas@gmail.com	secondhand@noreply.com	SecondHand - Your Item Has Been Sold!
2026-04-10 22:41:18.362242	2026-04-10 22:49:26.572691	2	ff8130b2-038f-418e-84e2-16789290b604	Hello,\n\nYou received a new offer.\n\nListing: Macbook Air M3 (Z4ZW3EQZ)\nQuantity: 1\nTotal price: 36500\nUnit price: 36500.00\nExpires at: 2026-04-11T22:41:18.328257\n\nBest regards,\nSecondHand Team\n	OFFER_RECEIVED	\N	serhathyesilbas@gmail.com	secondhand@noreply.com	SecondHand - New Offer Received
2026-04-11 13:53:29.823744	\N	2	6d7e676c-1d10-4de1-b972-57346e03b78e	Hello Serhat, your payment verification code is 294523. This code is valid for 3 minutes.\n\n\nPayment Details:\nService: ITEM PURCHASE\nOrder Summary:\nTotal: 0 TRY\nDate: 2026-04-11T13:53:29.816916\n	PAYMENT_VERIFICATION	\N	serhathyesilbas@gmail.com	secondhand@noreply.com	SecondHand - Payment Verification
2026-04-11 13:53:42.880062	\N	2	a23ff27b-cf77-4882-b158-60c791062e43	Hello Serhat,\nYour payment for the listing titled "Gs 99/00 İç Saha" has been successfully processed.\nPayment Details:\nAmount: 3999.00\nTransaction Type: ITEM_PURCHASE\nThank you for using SecondHand!\nBest regards,\nSecondHand Team	NOTIFICATION	\N	serhathyesilbas@gmail.com	secondhand@noreply.com	SecondHand - Payment Successful
2026-04-11 13:53:42.942954	\N	1	43216408-27fd-4b5b-9313-0b9761559222	Hello Serhat,\n\nGreat news! Your item(s) have been sold!\n\nOrder Number: ORD-1775904822772-77DF8748\nTotal Amount: 3999.00 TRY\n\nSold Items:\n- Gs 99/00 İç Saha x1 — 3999.00 TRY\n\nShipping Address:\nRandom Address Line, Mock Address 215\nFlorida Washington 92104\nUSA\n\nPlease prepare the item(s) for shipping and contact the buyer if needed.\nThank you for using SecondHand!\n\nBest regards,\nSecondHand Team\n	NOTIFICATION	\N	shyesilbas@gmail.com	secondhand@noreply.com	SecondHand - Your Item Has Been Sold!
2026-04-11 13:53:42.935734	2026-04-11 13:55:53.672062	2	500e22d2-91ac-4b41-9e44-49a5814a5fe5	Hello Serhat,\n\nThank you for your purchase! Your order has been confirmed.\n\nOrder Number: ORD-1775904822772-77DF8748\nStatus: CONFIRMED\nPayment Status: PAID\nTotal: 3999.00 TRY\n\nShipping Address:\nRandom Address Line, Mock Address 215\nFlorida Washington 92104\nUSA\n\nItems:\n- Gs 99/00 İç Saha x1 — 3999.00 TRY\nPayment Reference: eeb7be43-5bbd-4265-a7cb-bffd1b5201b4\n\nBest regards,\nSecondHand Team\n	NOTIFICATION	\N	serhathyesilbas@gmail.com	secondhand@noreply.com	SecondHand - Order Confirmation
2026-04-11 14:05:37.725652	\N	2	4acea656-e12b-4a73-b393-4436a0c7c281	Hello Serhat, your payment verification code is 262337. This code is valid for 3 minutes.\n\n\nPayment Details:\nService: ITEM PURCHASE\nOrder Summary:\nTotal: 0 TRY\nDate: 2026-04-11T14:05:37.722575\n	PAYMENT_VERIFICATION	\N	serhathyesilbas@gmail.com	secondhand@noreply.com	SecondHand - Payment Verification
2026-04-11 14:05:46.967522	\N	2	3e9606d0-bb9a-48f1-9f0d-a1c817fa5326	Hello Serhat,\nYour payment for the listing titled 'Gs 99/00 İç Saha' has been successfully processed.\nPayment Details:\nAmount: 3999.00\nTransaction Type: ITEM_PURCHASE\nThank you for using SecondHand!\nBest regards,\nSecondHand Team	NOTIFICATION	\N	serhathyesilbas@gmail.com	secondhand@noreply.com	SecondHand - Payment Successful
2026-04-11 14:05:47.012268	\N	2	3872ef9e-2db1-4e3d-9a85-72b9097e93a1	Hello Serhat,\n\nThank you for your purchase! Your order has been confirmed.\n\nOrder Number: ORD-1775905546905-5F7904E9\nStatus: CONFIRMED\nPayment Status: PAID\nTotal: 3999.00 TRY\n\nShipping Address:\nRandom Address Line, Mock Address 215\nFlorida Washington 92104\nUSA\n\nItems:\n- Gs 99/00 İç Saha x1 - 3999.00 TRY\nPayment Reference: 81b861fd-5719-484c-a7fe-eb0eb3a22b22\n\nBest regards,\nSecondHand Team\n	NOTIFICATION	\N	serhathyesilbas@gmail.com	secondhand@noreply.com	SecondHand - Order Confirmation
2026-04-11 14:05:47.019429	\N	1	fa8709a4-e992-48d1-ae73-1ca979645a86	Hello Serhat,\n\nGreat news! Your item(s) have been sold!\n\nOrder Number: ORD-1775905546905-5F7904E9\nTotal Amount: 3999.00 TRY\n\nSold Items:\n- Gs 99/00 İç Saha x1 - 3999.00 TRY\n\nShipping Address:\nRandom Address Line, Mock Address 215\nFlorida Washington 92104\nUSA\n\nPlease prepare the item(s) for shipping and contact the buyer if needed.\nThank you for using SecondHand!\n\nBest regards,\nSecondHand Team\n	NOTIFICATION	\N	shyesilbas@gmail.com	secondhand@noreply.com	SecondHand - Your Item Has Been Sold!
2026-04-11 19:24:13.391379	2026-04-11 19:25:10.930773	2	c1205a3b-4958-4d2b-9ae2-69fda78d2c95	Hello ,\n\nYour order ORD-1775905546905-5F7904E9 has been completed.\n	NOTIFICATION	\N	serhathyesilbas@gmail.com	secondhand@noreply.com	SecondHand - Order Completed
2026-04-11 19:24:11.150476	2026-04-11 19:25:19.616321	2	3ab4418a-ce40-4d0c-8cd3-cc4ab7489e80	Hello ,\n\nYour order ORD-1775904822772-77DF8748 has been completed.\n	NOTIFICATION	\N	serhathyesilbas@gmail.com	secondhand@noreply.com	SecondHand - Order Completed
2026-04-11 19:38:22.078096	\N	1	9c2bb230-7dcb-4d98-8c58-41f2e539a112	Hello Serhat, your payment verification code is 517812. This code is valid for 3 minutes.\n\n\nPayment Details:\nService: SHOWCASE PAYMENT\nListing: 2025 Audi A5 45 TFSI quattro S line — Black\nAmount: 354 TRY\nDays: 30\nDate: 2026-04-11T19:38:22.075772\n	PAYMENT_VERIFICATION	\N	shyesilbas@gmail.com	secondhand@noreply.com	SecondHand - Payment Verification
2026-04-11 19:38:28.60645	2026-04-11 19:39:07.190447	1	3e8b11d3-ee04-48df-acc8-dce77637bbcc	Hello Serhat,\nYour payment for the listing titled 'Payment' has been successfully processed.\nPayment Details:\nAmount: 354.00\nTransaction Type: SHOWCASE_PAYMENT\nThank you for using SecondHand!\nBest regards,\nSecondHand Team	NOTIFICATION	\N	shyesilbas@gmail.com	secondhand@noreply.com	SecondHand - Payment Successful
2026-04-11 19:50:55.059667	\N	1	0bec2e19-8795-4c39-a936-3ca4a4ec196a	Hello Serhat, your payment verification code is 903823. This code is valid for 3 minutes.\n\n\nPayment Details:\nService: SHOWCASE PAYMENT\nListing: Anna Karenina — Lev Nikolayeviç Tolstoy (Türkçe, klasik)\nAmount: 354 TRY\nDays: 30\nDate: 2026-04-11T19:50:55.055408\n	PAYMENT_VERIFICATION	\N	shyesilbas@gmail.com	secondhand@noreply.com	SecondHand - Payment Verification
2026-04-11 19:50:59.876855	\N	1	3a526cee-6b45-42f6-8fd8-f04b2d65db94	Hello Serhat,\nYour payment for the listing titled 'Payment' has been successfully processed.\nPayment Details:\nAmount: 354.00\nTransaction Type: SHOWCASE_PAYMENT\nThank you for using SecondHand!\nBest regards,\nSecondHand Team	NOTIFICATION	\N	shyesilbas@gmail.com	secondhand@noreply.com	SecondHand - Payment Successful
2026-04-11 19:51:58.739416	2026-04-11 19:53:13.749886	3	b074bcaa-bcdb-417f-b01f-94a717233d8c	Hello ,\n\nYour order ORD-1775849397523-46D08629 has been completed.\n	NOTIFICATION	\N	victorw@gmail.com	secondhand@noreply.com	SecondHand - Order Completed
2026-04-13 21:54:00.146554	\N	2	677d5405-3f57-4b4e-9ec4-b7f862f580b1	Hello,\n\nAn offer has expired.\n\nListing: Macbook Air M3 (Z4ZW3EQZ)\nQuantity: 1\nTotal price: 36500.00\nUnit price: 36500.00\nExpires at: 2026-04-11T22:41:18.328257\n\nBest regards,\nSecondHand Team\n	OFFER_EXPIRED	\N	serhathyesilbas@gmail.com	secondhand@noreply.com	SecondHand - Offer Expired
2026-04-13 21:54:00.069183	2026-04-13 21:56:40.476411	3	1fae9fd4-5aa3-4de5-bfbc-f7f76f6d23f2	Hello,\n\nAn offer has expired.\n\nListing: Macbook Air M3 (Z4ZW3EQZ)\nQuantity: 1\nTotal price: 36500.00\nUnit price: 36500.00\nExpires at: 2026-04-11T22:41:18.328257\n\nBest regards,\nSecondHand Team\n	OFFER_EXPIRED	\N	victorw@gmail.com	secondhand@noreply.com	SecondHand - Offer Expired
2026-04-13 22:27:29.217564	\N	1	3033c28f-511d-49a9-a347-e4a0bb24e06a	Hello Serhat,\n\nGreat news! Your item(s) have been sold!\n\nOrder Number: ORD-1776108449036-2B87BDB1\nTotal Amount: 3999.00 TRY\n\nSold Items:\n- Gs 99/00 İç Saha x1 - 3999.00 TRY\n\nShipping Address:\nMock Address 1 , St George\nİstanbul Beykoz 34800\nTürkiye\n\nPlease prepare the item(s) for shipping and contact the buyer if needed.\nThank you for using SecondHand!\n\nBest regards,\nSecondHand Team\n	NOTIFICATION	\N	shyesilbas@gmail.com	secondhand@noreply.com	SecondHand - Your Item Has Been Sold!
2026-04-13 22:27:29.204002	2026-04-13 22:27:55.491068	3	9614ca7b-da8b-4680-a219-5b6f2913a952	Hello Victor,\n\nThank you for your purchase! Your order has been confirmed.\n\nOrder Number: ORD-1776108449036-2B87BDB1\nStatus: CONFIRMED\nPayment Status: PAID\nTotal: 3999.00 TRY\n\nShipping Address:\nMock Address 1 , St George\nİstanbul Beykoz 34800\nTürkiye\n\nItems:\n- Gs 99/00 İç Saha x1 - 3999.00 TRY\nPayment Reference: 4ec07d6b-f0ba-4837-86f9-e30627b50b62\n\nBest regards,\nSecondHand Team\n	NOTIFICATION	\N	victorw@gmail.com	secondhand@noreply.com	SecondHand - Order Confirmation
2026-04-13 22:27:29.1389	2026-04-18 23:11:14.428339	3	8efc7a34-f77a-491c-b383-99a582d0d812	Hello Victor,\nYour payment for the listing titled 'Gs 99/00 İç Saha' has been successfully processed.\nPayment Details:\nAmount: 3999.00\nTransaction Type: ITEM_PURCHASE\nThank you for using SecondHand!\nBest regards,\nSecondHand Team	NOTIFICATION	\N	victorw@gmail.com	secondhand@noreply.com	SecondHand - Payment Successful
2026-04-13 22:27:16.632627	2026-04-18 23:11:17.123115	3	e0ab05b8-f49a-4999-8c39-9500e52bd05d	Hello Victor, your payment verification code is 480537. This code is valid for 3 minutes.\n\n\nPayment Details:\nService: ITEM PURCHASE\nOrder Summary:\nTotal: 0 TRY\nDate: 2026-04-13T22:27:16.629452\n	PAYMENT_VERIFICATION	\N	victorw@gmail.com	secondhand@noreply.com	SecondHand - Payment Verification
\.


--
-- Data for Name: ewallet; Type: TABLE DATA; Schema: public; Owner: postgres
--

COPY public.ewallet (balance, spending_warning_limit, wallet_limit, created_at, updated_at, user_id, version, id) FROM stdin;
42500.00	\N	10000.00	2026-04-09 23:36:07.4917	2026-04-09 23:36:07.499779	3	1	ae824fd4-502b-4557-abec-d70ca850b6af
142500.00	200.00	1500000.00	2026-04-09 11:25:25.037103	2026-04-11 19:51:58.691501	2	6	ea22ab98-2f40-47a5-935a-1f687a5c2e08
15288.00	200.00	1000000.00	2026-04-09 22:44:07.400278	2026-04-18 00:50:26.893075	1	7	5790fd3f-7c95-42fa-a7ce-4400e70dc4da
\.


--
-- Data for Name: favorite_list_items; Type: TABLE DATA; Schema: public; Owner: postgres
--

COPY public.favorite_list_items (added_at, favorite_list_id, id, listing_id, note) FROM stdin;
\.


--
-- Data for Name: favorite_list_likes; Type: TABLE DATA; Schema: public; Owner: postgres
--

COPY public.favorite_list_likes (created_at, favorite_list_id, id, user_id) FROM stdin;
\.


--
-- Data for Name: favorite_lists; Type: TABLE DATA; Schema: public; Owner: postgres
--

COPY public.favorite_lists (is_public, created_at, id, updated_at, user_id, name, description, cover_image_url) FROM stdin;
\.


--
-- Data for Name: favorites; Type: TABLE DATA; Schema: public; Owner: postgres
--

COPY public.favorites (created_at, id, user_id, listing_id) FROM stdin;
2026-04-09 22:37:00.319187	1	1	3c5df081-3d8c-4c0b-a364-74f0c5dcb6b2
2026-04-18 01:31:22.616096	2	3	adca4f2c-bef3-4337-86ed-f152ab316573
\.


--
-- Data for Name: forum_comment; Type: TABLE DATA; Schema: public; Owner: postgres
--

COPY public.forum_comment (created_at, id, parent_comment_id, thread_id, total_dislikes, total_likes, updated_at, user_id, version, author_visibility, author_display_name, content) FROM stdin;
\.


--
-- Data for Name: forum_comment_reaction; Type: TABLE DATA; Schema: public; Owner: postgres
--

COPY public.forum_comment_reaction (comment_id, created_at, id, user_id, reaction) FROM stdin;
\.


--
-- Data for Name: forum_thread; Type: TABLE DATA; Schema: public; Owner: postgres
--

COPY public.forum_thread (created_at, id, total_dislikes, total_likes, updated_at, user_id, version, author_visibility, category, status, author_display_name, title, description, keywords) FROM stdin;
\.


--
-- Data for Name: forum_thread_reaction; Type: TABLE DATA; Schema: public; Owner: postgres
--

COPY public.forum_thread_reaction (created_at, id, thread_id, user_id, reaction) FROM stdin;
\.


--
-- Data for Name: heating_types; Type: TABLE DATA; Schema: public; Owner: postgres
--

COPY public.heating_types (id, label, name) FROM stdin;
cb8386af-8ef6-4326-aa36-9e86d8e37b92	None	NONE
3730af34-74b7-4703-9c04-03f2ecfdfcd0	Stove	STOVE
3c90837c-c6e3-48be-aa0f-abe13c48b3ef	Natural Gas	NATURAL_GAS
d2cf9c71-5259-4307-9b4f-e814809b656f	Central System	CENTRAL_SYSTEM
257219ce-e637-4699-a50b-07a71717817c	Combi Boiler	COMBI_BOILER
273ec4e0-c8e0-4175-939a-ae6e743f9616	Air Conditioner	AIR_CONDITIONER
512ca0dd-0152-4463-b85e-6df7542860ce	Geothermal	GEOTHERMAL
4325b46b-ce03-4a7e-92d5-6ab4affb2846	Floor Heating	FLOOR_HEATING
6d3bdea2-9808-46db-b946-0d780a08862b	Solar	SOLAR
208f5a78-098f-4569-806b-dcf0d6c6aad5	Other	OTHER
\.


--
-- Data for Name: listing_owner_types; Type: TABLE DATA; Schema: public; Owner: postgres
--

COPY public.listing_owner_types (id, label, name) FROM stdin;
79f679df-5511-4abf-8865-16f77ab9afd6	Owner	OWNER
0a014be9-b810-4671-b057-b16e54d91fe9	Agency	AGENCY
8db88f94-ae22-49e5-a07e-f14223ebe7f8	Builder	BUILDER
\.


--
-- Data for Name: listing_views; Type: TABLE DATA; Schema: public; Owner: postgres
--

COPY public.listing_views (user_id, viewed_at, id, listing_id, ip_hash, user_agent, session_id) FROM stdin;
3	2026-04-09 22:08:51.450529	d6b50ceb-faa9-42b5-8f26-0769a0bcc6dc	3c5df081-3d8c-4c0b-a364-74f0c5dcb6b2	b6cf5bd6081fb775fc3f89927e582d7e945f955c35b73a07879d75bb4ea96a01	Mozilla/5.0 (Macintosh; Intel Mac OS X 10_15_7) AppleWebKit/537.36 (KHTML, like Gecko) Chrome/146.0.0.0 Safari/537.36	02a695e2-b3a9-4ab6-a031-8c0c4f8f13a2
1	2026-04-10 16:21:59.417429	d3715b6d-5957-4b52-b5ba-47f45e6168a3	3c5df081-3d8c-4c0b-a364-74f0c5dcb6b2	b6cf5bd6081fb775fc3f89927e582d7e945f955c35b73a07879d75bb4ea96a01	Mozilla/5.0 (Macintosh; Intel Mac OS X 10_15_7) AppleWebKit/537.36 (KHTML, like Gecko) Chrome/146.0.0.0 Safari/537.36	02a695e2-b3a9-4ab6-a031-8c0c4f8f13a2
3	2026-04-10 22:18:35.183048	f86ca839-a72e-455b-9080-24c19c8b0462	adca4f2c-bef3-4337-86ed-f152ab316573	b6cf5bd6081fb775fc3f89927e582d7e945f955c35b73a07879d75bb4ea96a01	Mozilla/5.0 (Macintosh; Intel Mac OS X 10_15_7) AppleWebKit/537.36 (KHTML, like Gecko) Chrome/146.0.0.0 Safari/537.36	02a695e2-b3a9-4ab6-a031-8c0c4f8f13a2
3	2026-04-10 22:33:43.409378	dee339c7-7de6-4991-b11f-44a3f22e8138	3c5df081-3d8c-4c0b-a364-74f0c5dcb6b2	b6cf5bd6081fb775fc3f89927e582d7e945f955c35b73a07879d75bb4ea96a01	Mozilla/5.0 (Macintosh; Intel Mac OS X 10_15_7) AppleWebKit/537.36 (KHTML, like Gecko) Chrome/146.0.0.0 Safari/537.36	02a695e2-b3a9-4ab6-a031-8c0c4f8f13a2
2	2026-04-11 19:26:14.889668	d437168d-1a49-42d6-9474-262ccf20e619	adca4f2c-bef3-4337-86ed-f152ab316573	b6cf5bd6081fb775fc3f89927e582d7e945f955c35b73a07879d75bb4ea96a01	Mozilla/5.0 (Macintosh; Intel Mac OS X 10_15_7) AppleWebKit/537.36 (KHTML, like Gecko) Chrome/147.0.0.0 Safari/537.36	02a695e2-b3a9-4ab6-a031-8c0c4f8f13a2
2	2026-04-11 19:31:28.16592	6940221d-3aba-4ad4-bea2-b883231e2051	189887a6-c226-4e7a-a250-05f4e69d4d9e	b6cf5bd6081fb775fc3f89927e582d7e945f955c35b73a07879d75bb4ea96a01	Mozilla/5.0 (Macintosh; Intel Mac OS X 10_15_7) AppleWebKit/537.36 (KHTML, like Gecko) Chrome/147.0.0.0 Safari/537.36	02a695e2-b3a9-4ab6-a031-8c0c4f8f13a2
3	2026-04-13 21:55:43.136183	c32e5940-548c-4466-887c-6f4c1bfef9a4	72a911c9-b136-459e-84dc-23322b3d2c35	b6cf5bd6081fb775fc3f89927e582d7e945f955c35b73a07879d75bb4ea96a01	Mozilla/5.0 (Macintosh; Intel Mac OS X 10_15_7) AppleWebKit/537.36 (KHTML, like Gecko) Chrome/147.0.0.0 Safari/537.36	02a695e2-b3a9-4ab6-a031-8c0c4f8f13a2
3	2026-04-13 22:07:10.100486	b67b7c43-7eac-4e0a-a545-e37fbe2ee59a	adca4f2c-bef3-4337-86ed-f152ab316573	b6cf5bd6081fb775fc3f89927e582d7e945f955c35b73a07879d75bb4ea96a01	Mozilla/5.0 (Macintosh; Intel Mac OS X 10_15_7) AppleWebKit/537.36 (KHTML, like Gecko) Chrome/147.0.0.0 Safari/537.36	02a695e2-b3a9-4ab6-a031-8c0c4f8f13a2
3	2026-04-13 22:38:39.063972	52d29ec7-755b-4cb8-a544-769acd743672	189887a6-c226-4e7a-a250-05f4e69d4d9e	b6cf5bd6081fb775fc3f89927e582d7e945f955c35b73a07879d75bb4ea96a01	Mozilla/5.0 (Macintosh; Intel Mac OS X 10_15_7) AppleWebKit/537.36 (KHTML, like Gecko) Chrome/147.0.0.0 Safari/537.36	02a695e2-b3a9-4ab6-a031-8c0c4f8f13a2
3	2026-04-13 22:39:46.274952	13ad1a74-7f40-4829-b9c8-46a4f5b70bc3	3c5df081-3d8c-4c0b-a364-74f0c5dcb6b2	b6cf5bd6081fb775fc3f89927e582d7e945f955c35b73a07879d75bb4ea96a01	Mozilla/5.0 (Macintosh; Intel Mac OS X 10_15_7) AppleWebKit/537.36 (KHTML, like Gecko) Chrome/147.0.0.0 Safari/537.36	02a695e2-b3a9-4ab6-a031-8c0c4f8f13a2
3	2026-04-18 00:51:22.786232	96560c4f-21a6-4ff3-8b06-a36586aa21f3	3c5df081-3d8c-4c0b-a364-74f0c5dcb6b2	b6cf5bd6081fb775fc3f89927e582d7e945f955c35b73a07879d75bb4ea96a01	Mozilla/5.0 (Macintosh; Intel Mac OS X 10_15_7) AppleWebKit/537.36 (KHTML, like Gecko) Chrome/147.0.0.0 Safari/537.36	02a695e2-b3a9-4ab6-a031-8c0c4f8f13a2
3	2026-04-18 01:03:59.477345	b75867ca-88de-443b-9db4-e331b62f2f81	189887a6-c226-4e7a-a250-05f4e69d4d9e	b6cf5bd6081fb775fc3f89927e582d7e945f955c35b73a07879d75bb4ea96a01	Mozilla/5.0 (Macintosh; Intel Mac OS X 10_15_7) AppleWebKit/537.36 (KHTML, like Gecko) Chrome/147.0.0.0 Safari/537.36	02a695e2-b3a9-4ab6-a031-8c0c4f8f13a2
3	2026-04-18 01:15:30.340681	5b256758-625f-4a05-982c-ea13a7d07c54	72a911c9-b136-459e-84dc-23322b3d2c35	b6cf5bd6081fb775fc3f89927e582d7e945f955c35b73a07879d75bb4ea96a01	Mozilla/5.0 (Macintosh; Intel Mac OS X 10_15_7) AppleWebKit/537.36 (KHTML, like Gecko) Chrome/147.0.0.0 Safari/537.36	02a695e2-b3a9-4ab6-a031-8c0c4f8f13a2
3	2026-04-18 01:23:48.362709	efb05406-9e3f-4858-905b-f752d4256e4d	adca4f2c-bef3-4337-86ed-f152ab316573	b6cf5bd6081fb775fc3f89927e582d7e945f955c35b73a07879d75bb4ea96a01	Mozilla/5.0 (Macintosh; Intel Mac OS X 10_15_7) AppleWebKit/537.36 (KHTML, like Gecko) Chrome/147.0.0.0 Safari/537.36	02a695e2-b3a9-4ab6-a031-8c0c4f8f13a2
\.


--
-- Data for Name: listings; Type: TABLE DATA; Schema: public; Owner: postgres
--

COPY public.listings (is_listing_fee_paid, price, quantity, created_at, listing_no, seller_id, updated_at, version, id, city, currency, description, district, image_url, listing_type, status, title) FROM stdin;
t	2450000.00	\N	2026-04-11 16:31:15.123691	A5BLK25Q	1	2026-04-11 19:36:05.294518	1	189887a6-c226-4e7a-a250-05f4e69d4d9e	Istanbul	TRY	Low mileage demonstrator. Full Audi service history, factory warranty balance. Matrix LED, virtual cockpit, B&O sound, sport seats, 19" wheels. Non-smoker, no paintwork.	Besiktas	https://res.cloudinary.com/ddq2v5kvr/image/upload/v1775925356/secondhand-listings/pcaugcnuvsnehupqmmg2.png	VEHICLE	ACTIVE	2025 Audi A5 45 TFSI quattro S line — Black
t	185.00	1	2026-04-11 16:47:35.454075	AK1877V2	1	2026-04-11 19:48:57.490121	1	72a911c9-b136-459e-84dc-23322b3d2c35	Ankara	TRY	İş Bankası Kültür Yayınları. Hafif sararma; içerik temiz.	Cankaya	https://res.cloudinary.com/ddq2v5kvr/image/upload/v1775926133/secondhand-listings/dpdi8cdhnjpgu4yn99qx.webp	BOOKS	ACTIVE	Anna Karenina — Lev Nikolayeviç Tolstoy (Türkçe, klasik)
t	3999.00	22	2026-04-10 18:03:13.931081	3HL9PMZA	1	2026-04-13 22:27:29.182812	6	adca4f2c-bef3-4337-86ed-f152ab316573	İstanbul	TRY	Koleksiyonluk forma. sadece 1 kez giyildi. Hiçbir sıkıntısı yok.	Beyoğlu	https://res.cloudinary.com/ddq2v5kvr/image/upload/v1775833261/secondhand-listings/tpt39ybzvw7ayr0c5log.webp	SPORTS	ACTIVE	Gs 99/00 İç Saha
t	44500.00	17	2026-04-09 11:20:49.460719	Z4ZW3EQZ	2	2026-04-11 14:03:25.063145	7	3c5df081-3d8c-4c0b-a364-74f0c5dcb6b2	İstanbul	TRY	Clean Used macbook.	Beykoz	https://res.cloudinary.com/ddq2v5kvr/image/upload/v1775722832/secondhand-listings/topsq7btvocaqkrjsxtt.jpg	ELECTRONICS	ACTIVE	Macbook Air M3
\.


--
-- Data for Name: messages; Type: TABLE DATA; Schema: public; Owner: postgres
--

COPY public.messages (is_read, chat_room_id, created_at, id, recipient_id, sender_id, content, message_type) FROM stdin;
f	1	2026-04-13 22:25:21.74926	2	1	3	en son kaça gelir bu	TEXT
\.


--
-- Data for Name: notification_event_reads; Type: TABLE DATA; Schema: public; Owner: postgres
--

COPY public.notification_event_reads (read_at, user_id, event_id, id) FROM stdin;
2026-04-09 00:23:21.608637	2	e13258c0-bd0a-4b06-aecf-24e50dfb4bfd	2a3dd885-9670-4878-8c5e-56f70bf8fb56
2026-04-09 11:18:01.860252	2	535a5155-06e4-459a-b15f-65dcd0963de0	6b52f669-21e9-4a88-a617-92dad500a38f
2026-04-09 11:21:15.887938	2	d24f82ea-b747-4e57-91c4-8baf74e7d835	673b63a6-7317-471f-98f9-7e0e8f1e3056
2026-04-09 11:21:17.565671	2	549d941c-afd2-4a90-8b95-d8c26ccdb76c	1b47dd84-f028-4aef-ad4e-45e25ef10a7d
2026-04-09 11:21:18.768929	2	aec175c1-41a5-4a73-8dc3-56050c4b4794	de2ffea6-f8de-4904-ab74-c89d8c63ec9c
2026-04-09 22:17:20.60573	3	535a5155-06e4-459a-b15f-65dcd0963de0	620d4536-25a9-4e2d-b9e0-197127a84cde
\.


--
-- Data for Name: notification_events; Type: TABLE DATA; Schema: public; Owner: postgres
--

COPY public.notification_events (created_at, id, type, title, action_url, message, metadata) FROM stdin;
2026-04-09 00:07:14.715754	aec175c1-41a5-4a73-8dc3-56050c4b4794	AGREEMENT_UPDATED	Agreement updated	/agreements/all	“Terms Of Service” was updated v1.0.0. Click to review and accept.	{"version": "1.0.0", "agreementType": "TERMS_OF_SERVICE"}
2026-04-09 00:07:14.79241	549d941c-afd2-4a90-8b95-d8c26ccdb76c	AGREEMENT_UPDATED	Agreement updated	/agreements/all	“Privacy Policy” was updated v1.0.0. Click to review and accept.	{"version": "1.0.0", "agreementType": "PRIVACY_POLICY"}
2026-04-09 00:07:14.805244	d24f82ea-b747-4e57-91c4-8baf74e7d835	AGREEMENT_UPDATED	Agreement updated	/agreements/all	“Kvkk” was updated v1.0.0. Click to review and accept.	{"version": "1.0.0", "agreementType": "KVKK"}
2026-04-09 00:07:14.81776	535a5155-06e4-459a-b15f-65dcd0963de0	AGREEMENT_UPDATED	Agreement updated	/agreements/all	“Distance Selling” was updated v1.0.0. Click to review and accept.	{"version": "1.0.0", "agreementType": "DISTANCE_SELLING"}
2026-04-09 00:07:14.83769	e13258c0-bd0a-4b06-aecf-24e50dfb4bfd	AGREEMENT_UPDATED	Agreement updated	/agreements/all	“Payment Terms” was updated v1.0.0. Click to review and accept.	{"version": "1.0.0", "agreementType": "PAYMENT_TERMS"}
\.


--
-- Data for Name: notifications; Type: TABLE DATA; Schema: public; Owner: postgres
--

COPY public.notifications (is_read, created_at, read_at, user_id, id, type, title, action_url, message, metadata) FROM stdin;
t	2026-04-09 22:07:11.255664	2026-04-09 22:07:19.049527	3	a3c5b0be-1ae7-40d3-88f0-12ca327cbc95	AGREEMENT_UPDATED	Agreement updated	/agreements/all	“Distance Selling” was updated v1.0.0. Click to review and accept.	{"version": "1.0.0", "agreementType": "DISTANCE_SELLING"}
t	2026-04-09 22:18:36.588454	2026-04-09 23:35:47.436801	3	39c751a4-dfca-4856-936a-f26f896a5e23	AGREEMENT_UPDATED	Agreement updated	/agreements/all	“Distance Selling” was updated v1.0.0. Click to review and accept.	{"version": "1.0.0", "agreementType": "DISTANCE_SELLING"}
t	2026-04-09 22:07:11.255664	2026-04-09 22:07:19.049535	3	7fdc5f38-0b47-472a-a489-c304faca8cce	AGREEMENT_UPDATED	Agreement updated	/agreements/all	“Payment Terms” was updated v1.0.0. Click to review and accept.	{"version": "1.0.0", "agreementType": "PAYMENT_TERMS"}
t	2026-04-09 22:35:06.491312	2026-04-09 22:37:14.021056	1	b442860b-80ee-4636-a939-cb7c7b6789ac	ORDER_CREATED	Order placed	/profile/orders	Your order #ORD-1775763306353-CB872C25 was placed successfully.	{"orderId": "1", "orderNumber": "ORD-1775763306353-CB872C25"}
t	2026-04-09 22:39:04.080695	2026-04-09 22:41:21.336184	1	82072dbe-9e65-4410-add0-062ad9ad5ffc	ORDER_CREATED	Order placed	/profile/orders	Your order #ORD-1775763544035-91A4EBCE was placed successfully.	{"orderId": "2", "orderNumber": "ORD-1775763544035-91A4EBCE"}
t	2026-04-09 22:48:25.236403	2026-04-09 22:48:29.316858	1	e0929dca-6605-4df6-99f0-d5167079121a	ORDER_STATUS_CHANGED	Order status updated	/profile/orders	Order #ORD-1775763544035-91A4EBCE is now Processing.	{"orderId": "2", "newStatus": "PROCESSING", "oldStatus": "CONFIRMED", "orderNumber": "ORD-1775763544035-91A4EBCE"}
t	2026-04-09 22:53:25.21344	2026-04-09 22:54:56.256329	1	43785da5-a365-4316-bcde-15a6d347f241	ORDER_STATUS_CHANGED	Order status updated	/profile/orders	Order #ORD-1775763306353-CB872C25 is now Shipped.	{"orderId": "1", "newStatus": "SHIPPED", "oldStatus": "PROCESSING", "orderNumber": "ORD-1775763306353-CB872C25"}
t	2026-04-09 22:58:25.243925	2026-04-09 23:02:30.202315	1	4b748fb5-e0bb-4fb4-975f-861b56012790	ORDER_STATUS_CHANGED	Order status updated	/profile/orders	Order #ORD-1775763544035-91A4EBCE is now Shipped.	{"orderId": "2", "newStatus": "SHIPPED", "oldStatus": "PROCESSING", "orderNumber": "ORD-1775763544035-91A4EBCE"}
t	2026-04-09 22:43:25.225224	2026-04-09 23:02:30.20232	1	26ef4230-a959-49fa-919f-e861310875ee	ORDER_STATUS_CHANGED	Order status updated	/profile/orders	Order #ORD-1775763306353-CB872C25 is now Processing.	{"orderId": "1", "newStatus": "PROCESSING", "oldStatus": "CONFIRMED", "orderNumber": "ORD-1775763306353-CB872C25"}
t	2026-04-09 22:39:04.086724	2026-04-09 23:05:39.805311	2	28250d89-496c-49e6-b8a1-feb7d3f2deb1	ORDER_RECEIVED	New order received	/profile/i-sold	You received a new order for “Macbook Air M3” (order #ORD-1775763544035-91A4EBCE).	{"orderId": "2", "listingId": "3c5df081-3d8c-4c0b-a364-74f0c5dcb6b2", "orderNumber": "ORD-1775763544035-91A4EBCE", "listingTitle": "Macbook Air M3"}
t	2026-04-09 22:37:00.339601	2026-04-09 23:05:39.805316	2	76fe80f8-afaa-407e-84be-e2b133fd20e3	LISTING_FAVORITED	Listing favorited	/listings/3c5df081-3d8c-4c0b-a364-74f0c5dcb6b2	Serhat Yeşilbaş favorited "Macbook Air M3".	{"listingId": "3c5df081-3d8c-4c0b-a364-74f0c5dcb6b2", "actorUserId": "1", "listingTitle": "Macbook Air M3"}
t	2026-04-09 22:35:06.503226	2026-04-09 23:05:39.805317	2	76eef409-4669-41e8-bf5f-e9ad673dd74c	ORDER_RECEIVED	New order received	/profile/i-sold	You received a new order for “Macbook Air M3” (order #ORD-1775763306353-CB872C25).	{"orderId": "1", "listingId": "3c5df081-3d8c-4c0b-a364-74f0c5dcb6b2", "orderNumber": "ORD-1775763306353-CB872C25", "listingTitle": "Macbook Air M3"}
t	2026-04-09 23:34:12.561256	2026-04-09 23:35:47.436795	3	21178867-95df-4fa7-9f5a-aaea139b60eb	ORDER_CREATED	Order placed	/profile/orders	Your order #ORD-1775766852431-4C50B4C7 was placed successfully.	{"orderId": "3", "orderNumber": "ORD-1775766852431-4C50B4C7"}
t	2026-04-09 22:18:36.588453	2026-04-09 23:35:47.436801	3	6b69cd7a-df88-4892-bae7-af63f98f5c80	AGREEMENT_UPDATED	Agreement updated	/agreements/all	“Payment Terms” was updated v1.0.0. Click to review and accept.	{"version": "1.0.0", "agreementType": "PAYMENT_TERMS"}
t	2026-04-09 23:36:07.538245	2026-04-09 23:36:16.015928	3	e6df35b1-6efd-4c16-8bf2-69ddf4814030	ORDER_CANCELLED	Order cancelled	/profile/orders	Order #ORD-1775766852431-4C50B4C7 was cancelled.	{"orderId": "3", "orderNumber": "ORD-1775766852431-4C50B4C7"}
t	2026-04-09 23:07:10.799713	2026-04-10 16:08:55.281876	1	9339a0e9-7352-4d18-a146-837e4e2136ea	ORDER_STATUS_CHANGED	Order status updated	/profile/orders	Order #ORD-1775763544035-91A4EBCE is now Delivered.	{"orderId": "2", "newStatus": "DELIVERED", "oldStatus": "SHIPPED", "orderNumber": "ORD-1775763544035-91A4EBCE"}
t	2026-04-09 23:03:25.211493	2026-04-10 16:10:39.057642	1	669f21fa-22a8-4bf8-b218-6c2c9b97670c	ORDER_STATUS_CHANGED	Order status updated	/profile/orders	Order #ORD-1775763306353-CB872C25 is now Delivered.	{"orderId": "1", "newStatus": "DELIVERED", "oldStatus": "SHIPPED", "orderNumber": "ORD-1775763306353-CB872C25"}
t	2026-04-09 23:34:12.580229	2026-04-10 16:12:27.105831	2	c2a38f25-8151-4aa7-914d-69e7f3657740	ORDER_RECEIVED	New order received	/profile/i-sold	You received a new order for “Macbook Air M3” (order #ORD-1775766852431-4C50B4C7).	{"orderId": "3", "listingId": "3c5df081-3d8c-4c0b-a364-74f0c5dcb6b2", "orderNumber": "ORD-1775766852431-4C50B4C7", "listingTitle": "Macbook Air M3"}
t	2026-04-10 16:10:29.322419	2026-04-10 16:12:43.120216	2	32874c0a-da46-4839-8c14-9c6c95508279	REVIEW_RECEIVED	New review received	/users/2/reviews	You received a new review for “Macbook Air M3” (5/5).	{"rating": "5", "userId": "2", "reviewId": "1", "listingId": "3c5df081-3d8c-4c0b-a364-74f0c5dcb6b2", "orderItemId": "1", "listingTitle": "Macbook Air M3"}
t	2026-04-10 16:47:55.5683	2026-04-10 16:53:05.531556	1	f193f345-c325-4910-abc6-d1de7945abf9	ORDER_STATUS_CHANGED	Order status updated	/profile/orders	Order #ORD-1775828437018-6E8E8105 is now Processing.	{"orderId": "4", "newStatus": "PROCESSING", "oldStatus": "CONFIRMED", "orderNumber": "ORD-1775828437018-6E8E8105"}
t	2026-04-10 16:40:37.219787	2026-04-10 16:53:05.531562	1	ef642987-9dd8-4c12-9241-85ddb101d225	ORDER_CREATED	Order placed	/profile/orders	Your order #ORD-1775828437018-6E8E8105 was placed successfully.	{"orderId": "4", "orderNumber": "ORD-1775828437018-6E8E8105"}
t	2026-04-10 17:05:55.848424	2026-04-10 17:58:41.262558	1	9294db83-4a98-445f-ab20-cacca56288e9	ORDER_STATUS_CHANGED	Order status updated	/profile/orders	Order #ORD-1775828437018-6E8E8105 is now Delivered.	{"orderId": "4", "newStatus": "DELIVERED", "oldStatus": "SHIPPED", "orderNumber": "ORD-1775828437018-6E8E8105"}
t	2026-04-10 16:55:56.045442	2026-04-10 17:58:41.262576	1	1e5d7e7f-23e8-4dab-9530-ff2e9c242bff	ORDER_STATUS_CHANGED	Order status updated	/profile/orders	Order #ORD-1775828437018-6E8E8105 is now Shipped.	{"orderId": "4", "newStatus": "SHIPPED", "oldStatus": "PROCESSING", "orderNumber": "ORD-1775828437018-6E8E8105"}
f	2026-04-10 22:29:57.693893	\N	1	75526b45-e8f5-433d-89ce-80d8ce2ed538	ORDER_RECEIVED	New order received	/profile/i-sold	You received a new order for “Gs 99/00 İç Saha” (order #ORD-1775849397523-46D08629).	{"orderId": "6", "listingId": "adca4f2c-bef3-4337-86ed-f152ab316573", "orderNumber": "ORD-1775849397523-46D08629", "listingTitle": "Gs 99/00 İç Saha"}
t	2026-04-10 22:29:57.644994	2026-04-10 22:30:48.766223	3	6e07bbf6-6a0f-40ea-bc0d-b3c1aa12200f	ORDER_CREATED	Order placed	/profile/orders	Your order #ORD-1775849397523-46D08629 was placed successfully.	{"orderId": "6", "orderNumber": "ORD-1775849397523-46D08629"}
t	2026-04-10 22:29:57.700245	2026-04-10 22:35:32.828434	2	db4caf45-be6c-4c25-8f16-d6028d0d39f6	ORDER_RECEIVED	New order received	/profile/i-sold	You received a new order for “Macbook Air M3” (order #ORD-1775849397523-46D08629).	{"orderId": "6", "listingId": "3c5df081-3d8c-4c0b-a364-74f0c5dcb6b2", "orderNumber": "ORD-1775849397523-46D08629", "listingTitle": "Macbook Air M3"}
t	2026-04-10 16:40:37.24213	2026-04-10 22:35:32.828437	2	1b06dead-3ab3-4f14-9c6b-3cd324adaf65	ORDER_RECEIVED	New order received	/profile/i-sold	You received a new order for “Macbook Air M3” (order #ORD-1775828437018-6E8E8105).	{"orderId": "4", "listingId": "3c5df081-3d8c-4c0b-a364-74f0c5dcb6b2", "orderNumber": "ORD-1775828437018-6E8E8105", "listingTitle": "Macbook Air M3"}
t	2026-04-10 16:15:32.537789	2026-04-10 22:35:32.828438	2	9e420533-582f-4225-a13a-f6ff357f3f47	REVIEW_RECEIVED	New review received	/users/2/reviews	You received a new review for “Macbook Air M3” (5/5).	{"rating": "5", "userId": "2", "reviewId": "2", "listingId": "3c5df081-3d8c-4c0b-a364-74f0c5dcb6b2", "orderItemId": "2", "listingTitle": "Macbook Air M3"}
t	2026-04-10 22:36:29.100075	2026-04-10 22:43:15.916749	3	af2c2746-6352-4435-bbef-1233bfa3dc21	ORDER_STATUS_CHANGED	Order status updated	/profile/orders	Order #ORD-1775849397523-46D08629 is now Processing.	{"orderId": "6", "newStatus": "PROCESSING", "oldStatus": "CONFIRMED", "orderNumber": "ORD-1775849397523-46D08629"}
t	2026-04-10 22:41:18.404878	2026-04-10 22:52:09.072608	2	6d6339b8-537f-4342-aead-b0c076fb5867	OFFER_RECEIVED	New offer received	/offers	You received a new offer for “Macbook Air M3”.	{"offerId": "1e0076ae-ffb2-42a0-9b2a-af41e8cd526e", "listingId": "3c5df081-3d8c-4c0b-a364-74f0c5dcb6b2", "listingTitle": "Macbook Air M3"}
f	2026-04-11 13:53:42.959086	\N	1	d6c10a65-ce83-48cf-9902-408dd1b7b250	ORDER_RECEIVED	New order received	/profile/i-sold	You received a new order for “Gs 99/00 İç Saha” (order #ORD-1775904822772-77DF8748).	{"orderId": "7", "listingId": "adca4f2c-bef3-4337-86ed-f152ab316573", "orderNumber": "ORD-1775904822772-77DF8748", "listingTitle": "Gs 99/00 İç Saha"}
t	2026-04-11 13:53:42.94124	2026-04-11 13:54:40.911592	2	196742be-a1a1-4729-89ac-e7f839bb2ad2	ORDER_CREATED	Order placed	/profile/orders	Your order #ORD-1775904822772-77DF8748 was placed successfully.	{"orderId": "7", "orderNumber": "ORD-1775904822772-77DF8748"}
f	2026-04-11 14:05:47.027659	\N	1	4893142e-d862-46ee-b060-baf9a93366a7	ORDER_RECEIVED	New order received	/profile/i-sold	You received a new order for “Gs 99/00 İç Saha” (order #ORD-1775905546905-5F7904E9).	{"orderId": "8", "listingId": "adca4f2c-bef3-4337-86ed-f152ab316573", "orderNumber": "ORD-1775905546905-5F7904E9", "listingTitle": "Gs 99/00 İç Saha"}
t	2026-04-11 19:09:56.418664	2026-04-11 19:10:13.190426	2	23546416-cefd-4ed2-b243-48faf90cec29	ORDER_STATUS_CHANGED	Order status updated	/profile/orders	Order #ORD-1775905546905-5F7904E9 is now Shipped.	{"orderId": "8", "newStatus": "SHIPPED", "oldStatus": "PROCESSING", "orderNumber": "ORD-1775905546905-5F7904E9"}
t	2026-04-11 19:09:56.418664	2026-04-11 19:10:13.190455	2	baa9c05c-e3de-4360-94ef-9065f3cf7cb7	ORDER_STATUS_CHANGED	Order status updated	/profile/orders	Order #ORD-1775904822772-77DF8748 is now Delivered.	{"orderId": "7", "newStatus": "DELIVERED", "oldStatus": "SHIPPED", "orderNumber": "ORD-1775904822772-77DF8748"}
t	2026-04-11 14:13:01.113246	2026-04-11 19:10:13.190461	2	d47c32a8-9feb-493f-ac75-b3e213009a4c	ORDER_STATUS_CHANGED	Order status updated	/profile/orders	Order #ORD-1775905546905-5F7904E9 is now Processing.	{"orderId": "8", "newStatus": "PROCESSING", "oldStatus": "CONFIRMED", "orderNumber": "ORD-1775905546905-5F7904E9"}
t	2026-04-11 14:13:01.113217	2026-04-11 19:10:13.190465	2	59510ada-8aa3-442b-bf58-99b2fa894abb	ORDER_STATUS_CHANGED	Order status updated	/profile/orders	Order #ORD-1775904822772-77DF8748 is now Shipped.	{"orderId": "7", "newStatus": "SHIPPED", "oldStatus": "PROCESSING", "orderNumber": "ORD-1775904822772-77DF8748"}
t	2026-04-11 14:05:47.013981	2026-04-11 19:10:13.190467	2	65a7e0b3-565f-4596-90f9-f369b51db3f1	ORDER_CREATED	Order placed	/profile/orders	Your order #ORD-1775905546905-5F7904E9 was placed successfully.	{"orderId": "8", "orderNumber": "ORD-1775905546905-5F7904E9"}
t	2026-04-11 14:03:01.376098	2026-04-11 19:10:13.190472	2	89eaea89-6734-4134-bd50-de3012d4bc74	ORDER_STATUS_CHANGED	Order status updated	/profile/orders	Order #ORD-1775904822772-77DF8748 is now Processing.	{"orderId": "7", "newStatus": "PROCESSING", "oldStatus": "CONFIRMED", "orderNumber": "ORD-1775904822772-77DF8748"}
t	2026-04-11 19:19:56.219969	2026-04-11 19:20:54.694144	2	a22f079a-b0be-48bd-b167-6ef298966350	ORDER_STATUS_CHANGED	Order status updated	/profile/orders	Order #ORD-1775905546905-5F7904E9 is now Delivered.	{"orderId": "8", "newStatus": "DELIVERED", "oldStatus": "SHIPPED", "orderNumber": "ORD-1775905546905-5F7904E9"}
f	2026-04-11 19:24:40.282969	\N	1	87ed54f2-5224-403a-a7af-dd765947c46f	REVIEW_RECEIVED	New review received	/users/1/reviews	You received a new review for “Gs 99/00 İç Saha” (5/5).	{"rating": "5", "userId": "1", "reviewId": "3", "listingId": "adca4f2c-bef3-4337-86ed-f152ab316573", "orderItemId": "10", "listingTitle": "Gs 99/00 İç Saha"}
f	2026-04-11 19:25:02.205489	\N	1	0bf30f99-4b68-45fa-919e-2aead37bce7d	REVIEW_RECEIVED	New review received	/users/1/reviews	You received a new review for “Gs 99/00 İç Saha” (5/5).	{"rating": "5", "userId": "1", "reviewId": "4", "listingId": "adca4f2c-bef3-4337-86ed-f152ab316573", "orderItemId": "9", "listingTitle": "Gs 99/00 İç Saha"}
t	2026-04-10 22:51:38.456811	2026-04-11 19:51:44.973304	3	78f70bfb-abad-4ebc-bf78-5009240d6f52	ORDER_STATUS_CHANGED	Order status updated	/profile/orders	Order #ORD-1775849397523-46D08629 is now Delivered.	{"orderId": "6", "newStatus": "DELIVERED", "oldStatus": "SHIPPED", "orderNumber": "ORD-1775849397523-46D08629"}
f	2026-04-11 19:52:19.235291	\N	2	4683d769-b4f7-4a88-8921-3c5d322e5e1b	REVIEW_RECEIVED	New review received	/users/2/reviews	You received a new review for “Macbook Air M3” (5/5).	{"rating": "5", "userId": "2", "reviewId": "5", "listingId": "3c5df081-3d8c-4c0b-a364-74f0c5dcb6b2", "orderItemId": "7", "listingTitle": "Macbook Air M3"}
f	2026-04-11 19:52:38.225738	\N	1	c7f75a09-03b4-4c37-aa00-91ebbfcc32bd	REVIEW_RECEIVED	New review received	/users/1/reviews	You received a new review for “Gs 99/00 İç Saha” (5/5).	{"rating": "5", "userId": "1", "reviewId": "6", "listingId": "adca4f2c-bef3-4337-86ed-f152ab316573", "orderItemId": "8", "listingTitle": "Gs 99/00 İç Saha"}
t	2026-04-10 22:46:29.125647	2026-04-11 19:53:04.79529	3	425dd2c4-e3cf-4356-888e-b5263374f562	ORDER_STATUS_CHANGED	Order status updated	/profile/orders	Order #ORD-1775849397523-46D08629 is now Shipped.	{"orderId": "6", "newStatus": "SHIPPED", "oldStatus": "PROCESSING", "orderNumber": "ORD-1775849397523-46D08629"}
f	2026-04-13 21:54:00.154087	\N	2	f80ab59e-c76f-417f-9533-045ced5c0d63	OFFER_EXPIRED	Offer expired	/offers	An offer for “Macbook Air M3” has expired.	{"offerId": "1e0076ae-ffb2-42a0-9b2a-af41e8cd526e", "listingId": "3c5df081-3d8c-4c0b-a364-74f0c5dcb6b2", "listingTitle": "Macbook Air M3"}
f	2026-04-13 22:25:21.819764	\N	1	007177d8-8003-40b5-ad3e-30541d1007fd	CHAT_MESSAGE_RECEIVED	New message	/chat?room=1	Victor Wembenyama: en son kaça gelir bu	{"senderId": "3", "messageId": "2", "chatRoomId": "1"}
f	2026-04-13 22:27:29.221754	\N	1	8915d43d-a5cd-410b-8773-e2beaa035397	ORDER_RECEIVED	New order received	/profile/i-sold	You received a new order for “Gs 99/00 İç Saha” (order #ORD-1776108449036-2B87BDB1).	{"orderId": "9", "listingId": "adca4f2c-bef3-4337-86ed-f152ab316573", "orderNumber": "ORD-1776108449036-2B87BDB1", "listingTitle": "Gs 99/00 İç Saha"}
t	2026-04-13 22:49:11.970821	2026-04-18 01:09:09.271096	3	be175c5a-91d8-40ac-9450-4e200e0c6e73	ORDER_STATUS_CHANGED	Order status updated	/profile/orders	Order #ORD-1776108449036-2B87BDB1 is now Delivered.	{"orderId": "9", "newStatus": "DELIVERED", "oldStatus": "SHIPPED", "orderNumber": "ORD-1776108449036-2B87BDB1"}
f	2026-04-18 01:09:31.09618	\N	1	b4936642-a890-4d96-8d24-85f0378a463e	REVIEW_RECEIVED	New review received	/users/1/reviews	You received a new review for “Gs 99/00 İç Saha” (5/5).	{"rating": "5", "userId": "1", "reviewId": "7", "listingId": "adca4f2c-bef3-4337-86ed-f152ab316573", "orderItemId": "11", "listingTitle": "Gs 99/00 İç Saha"}
t	2026-04-18 00:50:26.979155	2026-04-18 01:30:29.465922	3	fd9a3f84-fe6b-46ca-84f3-0723e40aeadb	ORDER_STATUS_CHANGED	Order status updated	/profile/orders	Order #ORD-1776108449036-2B87BDB1 is now Completed.	{"orderId": "9", "newStatus": "COMPLETED", "oldStatus": "DELIVERED", "orderNumber": "ORD-1776108449036-2B87BDB1"}
t	2026-04-13 22:39:36.038295	2026-04-18 01:30:29.465943	3	ec116983-392d-4c80-b636-8c44628b8900	ORDER_STATUS_CHANGED	Order status updated	/profile/orders	Order #ORD-1776108449036-2B87BDB1 is now Shipped.	{"orderId": "9", "newStatus": "SHIPPED", "oldStatus": "PROCESSING", "orderNumber": "ORD-1776108449036-2B87BDB1"}
t	2026-04-13 22:32:53.071391	2026-04-18 01:30:29.465946	3	4b1d0254-9b11-4388-a021-30942e6704a2	ORDER_STATUS_CHANGED	Order status updated	/profile/orders	Order #ORD-1776108449036-2B87BDB1 is now Processing.	{"orderId": "9", "newStatus": "PROCESSING", "oldStatus": "CONFIRMED", "orderNumber": "ORD-1776108449036-2B87BDB1"}
t	2026-04-13 22:27:29.206075	2026-04-18 01:30:29.465947	3	484e9dae-a606-4946-907c-03095f588b8f	ORDER_CREATED	Order placed	/profile/orders	Your order #ORD-1776108449036-2B87BDB1 was placed successfully.	{"orderId": "9", "orderNumber": "ORD-1776108449036-2B87BDB1"}
t	2026-04-13 21:54:00.14651	2026-04-18 01:30:29.465949	3	648bc6ca-3e6c-41f7-b829-5f8cbcfc1d66	OFFER_EXPIRED	Offer expired	/offers	Your offer for “Macbook Air M3” has expired.	{"offerId": "1e0076ae-ffb2-42a0-9b2a-af41e8cd526e", "listingId": "3c5df081-3d8c-4c0b-a364-74f0c5dcb6b2", "listingTitle": "Macbook Air M3"}
f	2026-04-18 01:31:22.643592	\N	1	b7c8b50a-ce14-4748-abc4-07fb032772f5	LISTING_FAVORITED	Listing favorited	/listings/adca4f2c-bef3-4337-86ed-f152ab316573	Victor Wembenyama favorited "Gs 99/00 İç Saha".	{"listingId": "adca4f2c-bef3-4337-86ed-f152ab316573", "actorUserId": "3", "listingTitle": "Gs 99/00 İç Saha"}
\.


--
-- Data for Name: offers; Type: TABLE DATA; Schema: public; Owner: postgres
--

COPY public.offers (quantity, total_price, buyer_id, created_at, expires_at, seller_id, updated_at, id, listing_id, parent_offer_id, created_by, status) FROM stdin;
1	36500.00	3	2026-04-10 22:41:18.336587	2026-04-11 22:41:18.328257	2	2026-04-13 21:54:00.023353	1e0076ae-ffb2-42a0-9b2a-af41e8cd526e	3c5df081-3d8c-4c0b-a364-74f0c5dcb6b2	\N	BUYER	EXPIRED
\.


--
-- Data for Name: order_item_cancels; Type: TABLE DATA; Schema: public; Owner: postgres
--

COPY public.order_item_cancels (cancelled_quantity, refund_amount, created_at, id, order_item_id, reason_text, reason) FROM stdin;
1	42500.00	2026-04-09 23:36:07.425615	1	3	\N	CHANGED_MIND
\.


--
-- Data for Name: order_item_escrows; Type: TABLE DATA; Schema: public; Owner: postgres
--

COPY public.order_item_escrows (amount, created_at, id, order_id, order_item_id, seller_id, updated_at, status) FROM stdin;
42500.00	2026-04-09 23:34:12.517234	3	3	3	2	2026-04-09 23:36:07.499685	CANCELLED
42500.00	2026-04-09 22:35:06.447968	1	1	1	2	2026-04-10 16:10:07.905413	COMPLETED
42500.00	2026-04-09 22:39:04.068145	2	2	2	2	2026-04-10 16:15:11.817422	COMPLETED
42500.00	2026-04-10 16:40:37.158189	4	4	4	2	2026-04-10 17:27:04.249302	COMPLETED
3999.00	2026-04-11 13:53:42.891531	7	7	9	1	2026-04-11 19:24:11.078128	COMPLETED
3999.00	2026-04-11 14:05:46.974299	8	8	10	1	2026-04-11 19:24:13.374462	COMPLETED
42500.00	2026-04-10 22:29:57.610356	5	6	7	2	2026-04-11 19:51:58.690125	COMPLETED
3999.00	2026-04-10 22:29:57.621759	6	6	8	1	2026-04-11 19:51:58.720259	COMPLETED
3999.00	2026-04-13 22:27:29.152483	9	9	11	1	2026-04-18 00:50:26.890567	COMPLETED
\.


--
-- Data for Name: order_item_refunds; Type: TABLE DATA; Schema: public; Owner: postgres
--

COPY public.order_item_refunds (refund_amount, refunded_quantity, created_at, id, order_item_id, reason_text, reason) FROM stdin;
\.


--
-- Data for Name: order_items; Type: TABLE DATA; Schema: public; Owner: postgres
--

COPY public.order_items (currency, quantity, total_price, unit_price, created_at, id, order_id, seller_id, listing_id, notes, listing_type) FROM stdin;
TRY	1	42500.00	42500.00	2026-04-09 22:35:06.383022	1	1	2	3c5df081-3d8c-4c0b-a364-74f0c5dcb6b2		ELECTRONICS
TRY	1	42500.00	42500.00	2026-04-09 22:39:04.038588	2	2	2	3c5df081-3d8c-4c0b-a364-74f0c5dcb6b2		ELECTRONICS
TRY	1	42500.00	42500.00	2026-04-09 23:34:12.451423	3	3	2	3c5df081-3d8c-4c0b-a364-74f0c5dcb6b2		ELECTRONICS
TRY	1	42500.00	42500.00	2026-04-10 16:40:37.048263	4	4	2	3c5df081-3d8c-4c0b-a364-74f0c5dcb6b2		ELECTRONICS
TRY	1	42500.00	42500.00	2026-04-10 22:29:43.448741	5	5	2	3c5df081-3d8c-4c0b-a364-74f0c5dcb6b2		ELECTRONICS
TRY	1	3999.00	3999.00	2026-04-10 22:29:43.460822	6	5	1	adca4f2c-bef3-4337-86ed-f152ab316573		SPORTS
TRY	1	42500.00	42500.00	2026-04-10 22:29:57.526533	7	6	2	3c5df081-3d8c-4c0b-a364-74f0c5dcb6b2		ELECTRONICS
TRY	1	3999.00	3999.00	2026-04-10 22:29:57.529536	8	6	1	adca4f2c-bef3-4337-86ed-f152ab316573		SPORTS
TRY	1	3999.00	3999.00	2026-04-11 13:53:42.803481	9	7	1	adca4f2c-bef3-4337-86ed-f152ab316573		SPORTS
TRY	1	3999.00	3999.00	2026-04-11 14:05:46.913478	10	8	1	adca4f2c-bef3-4337-86ed-f152ab316573		SPORTS
TRY	1	3999.00	3999.00	2026-04-13 22:27:29.060434	11	9	1	adca4f2c-bef3-4337-86ed-f152ab316573		SPORTS
\.


--
-- Data for Name: orders; Type: TABLE DATA; Schema: public; Owner: postgres
--

COPY public.orders (campaign_discount, coupon_discount, currency, discount_total, subtotal, total_amount, billing_address_id, created_at, id, shipping_address_id, updated_at, user_id, version, name, notes, coupon_code, order_number, payment_method, payment_reference, payment_status, status) FROM stdin;
0.00	0.00	TRY	0.00	42500.00	42500.00	1	2026-04-09 23:34:12.439541	3	1	2026-04-09 23:36:07.499432	3	2	\N	\N	\N	ORD-1775766852431-4C50B4C7	CREDIT_CARD	601b83f8-d7c6-49ca-97ce-3e71c58cbfb4	REFUNDED	CANCELLED
0.00	0.00	TRY	0.00	42500.00	42500.00	2	2026-04-09 22:35:06.364725	1	2	2026-04-10 16:10:07.890594	1	6	My First Order	\N	\N	ORD-1775763306353-CB872C25	CREDIT_CARD	202fbd6f-285f-4afd-9101-a71ffb815804	PAID	COMPLETED
0.00	0.00	TRY	0.00	42500.00	42500.00	2	2026-04-09 22:39:04.035891	2	2	2026-04-10 16:15:11.771387	1	6	My Second Order	\N	\N	ORD-1775763544035-91A4EBCE	CREDIT_CARD	4cfb76f1-9ff7-494c-840d-f14e6141e48a	PAID	COMPLETED
0.00	0.00	TRY	0.00	42500.00	42500.00	2	2026-04-10 16:40:37.025901	4	2	2026-04-10 17:27:04.181277	1	5	Test Order	\N	\N	ORD-1775828437018-6E8E8105	CREDIT_CARD	50956105-3100-4696-821d-dcc4c5ae7749	PAID	COMPLETED
0.00	0.00	TRY	0.00	46499.00	46499.00	1	2026-04-10 22:29:43.424032	5	1	2026-04-10 22:29:43.529953	3	1	\N	\N	\N	ORD-1775849383414-A14991E1	\N	\N	FAILED	CANCELLED
0.00	0.00	TRY	0.00	3999.00	3999.00	3	2026-04-11 13:53:42.781019	7	3	2026-04-11 19:24:11.076538	2	5	\N	\N	\N	ORD-1775904822772-77DF8748	CREDIT_CARD	eeb7be43-5bbd-4265-a7cb-bffd1b5201b4	PAID	COMPLETED
0.00	0.00	TRY	0.00	3999.00	3999.00	3	2026-04-11 14:05:46.908779	8	3	2026-04-11 19:24:13.373943	2	5	\N	\N	\N	ORD-1775905546905-5F7904E9	CREDIT_CARD	81b861fd-5719-484c-a7fe-eb0eb3a22b22	PAID	COMPLETED
0.00	0.00	TRY	0.00	46499.00	46499.00	1	2026-04-10 22:29:57.523732	6	1	2026-04-11 19:51:58.719048	3	5	\N	\N	\N	ORD-1775849397523-46D08629	CREDIT_CARD	3380f1ef-e6f9-49d2-aff6-d14631605257	PAID	COMPLETED
0.00	0.00	TRY	0.00	3999.00	3999.00	1	2026-04-13 22:27:29.04247	9	1	2026-04-18 00:50:26.879073	3	5	\N	\N	\N	ORD-1776108449036-2B87BDB1	CREDIT_CARD	4ec07d6b-f0ba-4837-86f9-e30627b50b62	PAID	COMPLETED
\.


--
-- Data for Name: payment; Type: TABLE DATA; Schema: public; Owner: postgres
--

COPY public.payment (amount, is_success, from_user_id, processed_at, to_user_id, version, id, listing_id, idempotency_key, payment_direction, payment_type, transaction_type) FROM stdin;
59.00	t	2	2026-04-09 11:41:50.451791	\N	0	7719ed97-229a-4545-989e-c01f6fafa914	3c5df081-3d8c-4c0b-a364-74f0c5dcb6b2	payment-2-59.00-3c5df081-3d8c-4c0b-a364-74f0c5dcb6b2-CREDIT_CARD	OUTGOING	CREDIT_CARD	LISTING_CREATION
165.20	t	2	2026-04-09 22:22:23.822713	\N	0	75992d22-d445-48ca-bcc7-92f4018ffb06	3c5df081-3d8c-4c0b-a364-74f0c5dcb6b2	showcase-3c5df081-3d8c-4c0b-a364-74f0c5dcb6b2-14-1775762543757	OUTGOING	CREDIT_CARD	SHOWCASE_PAYMENT
42500.00	t	1	2026-04-09 22:35:06.4183	\N	0	202fbd6f-285f-4afd-9101-a71ffb815804	3c5df081-3d8c-4c0b-a364-74f0c5dcb6b2	ORD-1775763306353-CB872C25-2	OUTGOING	CREDIT_CARD	ITEM_PURCHASE
42500.00	t	1	2026-04-09 22:39:04.056095	\N	0	4cfb76f1-9ff7-494c-840d-f14e6141e48a	3c5df081-3d8c-4c0b-a364-74f0c5dcb6b2	ORD-1775763544035-91A4EBCE-2	OUTGOING	CREDIT_CARD	ITEM_PURCHASE
42500.00	t	3	2026-04-09 23:34:12.487802	\N	0	601b83f8-d7c6-49ca-97ce-3e71c58cbfb4	3c5df081-3d8c-4c0b-a364-74f0c5dcb6b2	ORD-1775766852431-4C50B4C7-2	OUTGOING	CREDIT_CARD	ITEM_PURCHASE
42500.00	t	3	2026-04-09 23:36:07.492139	3	0	926c1d38-1f1e-4f1a-81f3-9405359f9a40	3c5df081-3d8c-4c0b-a364-74f0c5dcb6b2	\N	INCOMING	EWALLET	REFUND
42500.00	t	2	2026-04-10 16:10:07.844733	2	0	887f38c0-83f7-4903-ace9-38bceb061299	3c5df081-3d8c-4c0b-a364-74f0c5dcb6b2	\N	INCOMING	EWALLET	ITEM_SALE
42500.00	t	2	2026-04-10 16:15:11.676179	2	0	4fe950b3-f6cc-4740-9722-dcd1fcc1d7ae	3c5df081-3d8c-4c0b-a364-74f0c5dcb6b2	\N	INCOMING	EWALLET	ITEM_SALE
42500.00	t	1	2026-04-10 16:40:37.107337	\N	0	50956105-3100-4696-821d-dcc4c5ae7749	3c5df081-3d8c-4c0b-a364-74f0c5dcb6b2	ORD-1775828437018-6E8E8105-2	OUTGOING	CREDIT_CARD	ITEM_PURCHASE
42500.00	t	2	2026-04-10 17:27:04.027989	2	0	a830aba8-dacd-49e5-b38e-00ca5ea5e513	3c5df081-3d8c-4c0b-a364-74f0c5dcb6b2	\N	INCOMING	EWALLET	ITEM_SALE
59.00	t	1	2026-04-10 18:03:56.797813	\N	0	d09913ae-8f7f-4b15-97ca-5def86c04adb	adca4f2c-bef3-4337-86ed-f152ab316573	payment-1-59.00-adca4f2c-bef3-4337-86ed-f152ab316573-CREDIT_CARD	OUTGOING	CREDIT_CARD	LISTING_CREATION
165.20	t	1	2026-04-10 18:10:01.868342	\N	0	b0d2113b-5f56-47d5-bc03-27d695d3018e	adca4f2c-bef3-4337-86ed-f152ab316573	showcase-adca4f2c-bef3-4337-86ed-f152ab316573-14-1775833801755	OUTGOING	CREDIT_CARD	SHOWCASE_PAYMENT
3999.00	t	3	2026-04-10 22:29:57.555062	\N	0	3380f1ef-e6f9-49d2-aff6-d14631605257	adca4f2c-bef3-4337-86ed-f152ab316573	ORD-1775849397523-46D08629-1	OUTGOING	CREDIT_CARD	ITEM_PURCHASE
42500.00	t	3	2026-04-10 22:29:57.594556	\N	0	fe9db7b0-fc71-404a-a26c-b7576b18b0fd	3c5df081-3d8c-4c0b-a364-74f0c5dcb6b2	ORD-1775849397523-46D08629-2	OUTGOING	CREDIT_CARD	ITEM_PURCHASE
27500.00	t	2	2026-04-10 23:30:41.485589	\N	0	745d1e8c-bcc8-4ea3-964d-e99f86003b09	\N	\N	OUTGOING	TRANSFER	EWALLET_WITHDRAWAL
3999.00	t	2	2026-04-11 13:53:42.852547	\N	0	eeb7be43-5bbd-4265-a7cb-bffd1b5201b4	adca4f2c-bef3-4337-86ed-f152ab316573	ORD-1775904822772-77DF8748-1	OUTGOING	CREDIT_CARD	ITEM_PURCHASE
3999.00	t	2	2026-04-11 14:05:46.952772	\N	0	81b861fd-5719-484c-a7fe-eb0eb3a22b22	adca4f2c-bef3-4337-86ed-f152ab316573	ORD-1775905546905-5F7904E9-1	OUTGOING	CREDIT_CARD	ITEM_PURCHASE
3999.00	t	1	2026-04-11 19:24:11.031183	1	0	9fda6f72-f5e9-494a-8002-1b01c42c2cc7	adca4f2c-bef3-4337-86ed-f152ab316573	\N	INCOMING	EWALLET	ITEM_SALE
3999.00	t	1	2026-04-11 19:24:13.349906	1	0	99cebd36-30f5-4183-b845-944a204301c0	adca4f2c-bef3-4337-86ed-f152ab316573	\N	INCOMING	EWALLET	ITEM_SALE
354.00	t	1	2026-04-11 19:38:28.595824	\N	0	59f3297a-2768-4c15-abf3-c6ec9534a35f	189887a6-c226-4e7a-a250-05f4e69d4d9e	showcase-189887a6-c226-4e7a-a250-05f4e69d4d9e-30-1775925508512	OUTGOING	EWALLET	SHOWCASE_PAYMENT
354.00	t	1	2026-04-11 19:50:59.867835	\N	0	14e2b7a3-ba19-4496-9539-a539606202ac	72a911c9-b136-459e-84dc-23322b3d2c35	showcase-72a911c9-b136-459e-84dc-23322b3d2c35-30-1775926259820	OUTGOING	EWALLET	SHOWCASE_PAYMENT
42500.00	t	2	2026-04-11 19:51:58.686778	2	0	e0fdb39b-9108-45c3-acd9-65e859246006	3c5df081-3d8c-4c0b-a364-74f0c5dcb6b2	\N	INCOMING	EWALLET	ITEM_SALE
3999.00	t	1	2026-04-11 19:51:58.704969	1	0	8294b08b-91ed-4a94-9814-1dc4af2091a6	adca4f2c-bef3-4337-86ed-f152ab316573	\N	INCOMING	EWALLET	ITEM_SALE
3999.00	t	3	2026-04-13 22:27:29.118732	\N	0	4ec07d6b-f0ba-4837-86f9-e30627b50b62	adca4f2c-bef3-4337-86ed-f152ab316573	ORD-1776108449036-2B87BDB1-1	OUTGOING	CREDIT_CARD	ITEM_PURCHASE
3999.00	t	1	2026-04-18 00:50:26.845186	1	0	3f958e54-8bd8-41be-b76a-df904213e984	adca4f2c-bef3-4337-86ed-f152ab316573	\N	INCOMING	EWALLET	ITEM_SALE
\.


--
-- Data for Name: price_history; Type: TABLE DATA; Schema: public; Owner: postgres
--

COPY public.price_history (new_price, old_price, percentage_change, change_date, id, listing_id, change_reason, currency) FROM stdin;
44500.00	43500.00	2.30	2026-04-11 14:03:25.123053	1	3c5df081-3d8c-4c0b-a364-74f0c5dcb6b2	Price updated via quick action	TRY
\.


--
-- Data for Name: real_estate_ad_types; Type: TABLE DATA; Schema: public; Owner: postgres
--

COPY public.real_estate_ad_types (id, label, name) FROM stdin;
a4b4e82e-f2b1-4d4c-bfde-7da4e3cd35d2	For Sale	FOR_SALE
a21e5900-db60-49db-8483-9ab2853cefd0	For Rent	FOR_RENT
\.


--
-- Data for Name: real_estate_listings; Type: TABLE DATA; Schema: public; Owner: postgres
--

COPY public.real_estate_listings (bathroom_count, building_age, floor, is_furnished, room_count, square_meters, ad_type_id, heating_type_id, id, owner_type_id, real_estate_type_id, zoning_status) FROM stdin;
\.


--
-- Data for Name: real_estate_types; Type: TABLE DATA; Schema: public; Owner: postgres
--

COPY public.real_estate_types (id, label, name) FROM stdin;
2583d0fe-1318-4cc7-abb5-a9fe783d4bee	Apartment	APARTMENT
64e91c35-3286-44bf-b36d-ac6afe09ff92	Residence	RESIDENCE
2ebe5719-b60b-4acb-94f1-9661fdd6e128	Studio	STUDIO
85371adb-0565-4d3d-ab85-c00965aa8d82	Duplex	DUPLEX
e5d9250a-6053-441d-8960-0a8131b3b487	Penthouse	PENTHOUSE
dce4e975-b661-4952-8f69-f27b42ee7aec	House	HOUSE
24990863-91b1-4af2-98c7-8977947a7612	Villa	VILLA
8e97d467-800e-47a1-b3ae-cc277351442c	Summer House	SUMMER_HOUSE
804e95ad-6a4d-441b-be0b-3967e495afb5	Land	LAND
9692d58b-ad45-4eb6-907e-b2e68599104c	Farm	FARM
cb457c24-1958-4768-bb39-9ed25191bd69	Office	OFFICE
554b16fe-ae7d-42d9-a214-b8e6a4336d92	Commercial	COMMERCIAL
3785de17-2c95-476e-8c1f-511506ca2be9	Shop	SHOP
8d7bc4f4-a3bb-4eb9-bd99-eb6cd4080a0a	Warehouse	WAREHOUSE
ac723cc3-c22b-44e3-b59c-ce3da8b8779f	Industrial	INDUSTRIAL
9d4f4a8a-a68b-4a9a-aeac-67200688646b	Other	OTHER
\.


--
-- Data for Name: reviews; Type: TABLE DATA; Schema: public; Owner: postgres
--

COPY public.reviews (id, rating, created_at, order_item_id, reviewed_user_id, reviewer_id, updated_at, comment) FROM stdin;
1	5	2026-04-10 16:10:29.294757	1	2	1	2026-04-10 16:10:29.294757	Her Şey muhteşem , teşekkür ederim.
2	5	2026-04-10 16:15:32.517351	2	2	1	2026-04-10 16:15:32.517351	Sorunsuz çalışıyor. Kaliteli hizmet için teşekkürler.
3	5	2026-04-11 19:24:40.244023	10	1	2	2026-04-11 19:24:40.244023	Çok kaliteli. Ve düzgünce paketlenmiş. Teşekkür ederim.
4	5	2026-04-11 19:25:02.199639	9	1	2	2026-04-11 19:25:02.199639	Kaliteli hizmet için teşekkür ederim.
5	5	2026-04-11 19:52:19.229039	7	2	3	2026-04-11 19:52:19.229039	Tek kelimeyle özetlemek gerekirse ; Mükemmel.
6	5	2026-04-11 19:52:38.21905	8	1	3	2026-04-11 19:52:38.21905	Gerçekten harika kalitede bir ürün ve açıklamada yazıldığı gibi geldi.
7	5	2026-04-18 01:09:31.067502	11	1	3	2026-04-18 01:09:31.067502	Amazing!
\.


--
-- Data for Name: seller_follows; Type: TABLE DATA; Schema: public; Owner: postgres
--

COPY public.seller_follows (notify_on_new_listing, created_at, followed_id, follower_id, id) FROM stdin;
t	2026-04-18 01:31:12.502315	1	3	1
\.


--
-- Data for Name: shippings; Type: TABLE DATA; Schema: public; Owner: postgres
--

COPY public.shippings (created_at, delivered_at, id, in_transit_at, order_id, updated_at, status) FROM stdin;
2026-04-09 22:35:06.393152	2026-04-09 23:03:25.183901	1	2026-04-09 22:53:25.200649	1	2026-04-09 23:03:25.196446	DELIVERED
2026-04-09 22:39:04.04062	2026-04-09 23:07:10.5218	2	2026-04-09 22:58:25.199987	2	2026-04-09 23:07:10.669165	DELIVERED
2026-04-09 23:34:12.45721	\N	3	\N	3	2026-04-09 23:36:07.499135	CANCELLED
2026-04-10 16:40:37.05803	2026-04-10 17:05:55.797534	4	2026-04-10 16:55:55.764465	4	2026-04-10 17:05:55.811375	DELIVERED
2026-04-10 22:29:43.46331	\N	5	\N	5	2026-04-10 22:29:43.46331	PENDING
2026-04-10 22:29:57.531566	2026-04-10 22:51:38.167267	6	2026-04-10 22:46:29.063004	6	2026-04-10 22:51:38.347456	DELIVERED
2026-04-11 13:53:42.81514	2026-04-11 19:09:56.130746	7	2026-04-11 14:13:01.0751	7	2026-04-11 19:09:56.352264	DELIVERED
2026-04-11 14:05:46.918581	2026-04-11 19:19:56.181978	8	2026-04-11 19:09:56.130746	8	2026-04-11 19:19:56.190647	DELIVERED
2026-04-13 22:27:29.067834	2026-04-13 22:49:11.844326	9	2026-04-13 22:39:35.696939	9	2026-04-13 22:49:11.915333	DELIVERED
\.


--
-- Data for Name: showcases; Type: TABLE DATA; Schema: public; Owner: postgres
--

COPY public.showcases (daily_cost, total_cost, created_at, end_date, start_date, updated_at, user_id, id, listing_id, status) FROM stdin;
10.00	165.20	2026-04-09 22:22:23.847387	2026-04-23 22:22:23.846438	2026-04-09 22:22:23.846438	2026-04-09 23:00:00.000897	2	5cc0664a-acf1-48a4-ab59-6acb07c962f7	3c5df081-3d8c-4c0b-a364-74f0c5dcb6b2	ACTIVE
10.00	165.20	2026-04-10 18:10:01.892802	2026-04-24 18:10:01.892177	2026-04-10 18:10:01.892177	2026-04-10 18:10:01.892803	1	0977b011-70a6-4600-9cde-ef4f3144291a	adca4f2c-bef3-4337-86ed-f152ab316573	ACTIVE
10.00	354.00	2026-04-11 19:38:28.606357	2026-05-11 19:38:28.60571	2026-04-11 19:38:28.60571	2026-04-11 19:38:28.606359	1	d3c2ac97-3db7-468f-bddc-c0a8828c6350	189887a6-c226-4e7a-a250-05f4e69d4d9e	ACTIVE
10.00	354.00	2026-04-11 19:50:59.874884	2026-05-11 19:50:59.874561	2026-04-11 19:50:59.874561	2026-04-11 19:50:59.874885	1	14ac8518-5d8d-4526-9610-a7fd875137f5	72a911c9-b136-459e-84dc-23322b3d2c35	ACTIVE
\.


--
-- Data for Name: sport_conditions; Type: TABLE DATA; Schema: public; Owner: postgres
--

COPY public.sport_conditions (id, label, name) FROM stdin;
4b324945-60f9-4e20-be91-ef5294cb44c4	New	NEW
a5e2592f-ad8c-4bd2-a96f-6c95f03c3fd5	Like New	LIKE_NEW
7c976c2e-5006-4c74-a7bd-1ec722f9db4d	Good	GOOD
5c224269-0fc4-41ca-944b-2adf08b3debd	Fair	FAIR
4c144888-3050-473f-99ad-e18625bb3011	Worn	WORN
\.


--
-- Data for Name: sport_disciplines; Type: TABLE DATA; Schema: public; Owner: postgres
--

COPY public.sport_disciplines (id, label, name) FROM stdin;
e6cdac48-d797-4c67-b66d-458549915902	Football	FOOTBALL
bd2c4ba3-85d3-4cd0-a266-f2758dc85f59	Basketball	BASKETBALL
682ba316-4c49-4072-84f9-1a6af5b5c5e1	Tennis	TENNIS
26376da2-4184-410b-972d-917a715f331e	Volleyball	VOLLEYBALL
a059d6be-4ef0-4679-ba7b-4d7dd0cda792	Running	RUNNING
ebf5f1ae-477f-4638-8d5c-c52023d1e85e	Cycling	CYCLING
015a47e2-5620-445d-b45a-91406bff5fce	Fitness	FITNESS
c1b2f175-9b64-48f2-b10f-3b45371f7acd	Swimming	SWIMMING
85cbd95c-9dbf-4999-a35a-e90061900d8a	Boxing	BOXING
96f1c6d5-2460-4e51-af07-4d287d36e6ab	Other	OTHER
\.


--
-- Data for Name: sport_equipment_types; Type: TABLE DATA; Schema: public; Owner: postgres
--

COPY public.sport_equipment_types (id, label, name) FROM stdin;
70916674-33b5-4c9a-9a45-26683406098b	Ball	BALL
3d9ac836-d7d4-41a3-9737-d26e835f2173	Shoes	SHOES
9086edec-c708-4aae-a833-626e0ae9e885	Cleats	CLEATS
0ef32ba5-9110-412a-b535-8d4f71a74e23	Jersey	JERSEY
07cbe080-8fa8-43ba-81cf-276edb701522	Shorts	SHORTS
94e9ac24-825b-4e00-9cfc-1411768802b2	Sleeve	SLEEVE
8f96c13e-ee0c-4f8e-afe8-b4367d86addd	Wristband	WRISTBAND
e02f4740-a697-4e27-959d-c4a29a05d04b	Gloves	GLOVES
23e415db-4cb4-45d5-89e7-900dc6de4f70	Racket	RACKET
ec235422-6504-469f-b6c0-70acee1c350f	Helmet	HELMET
6e2de3b5-e7ff-4f5f-a4ab-8cf112bc85fc	Treadmill	TREADMILL
0b40438f-4831-4964-b8c8-6c64db40fe01	Exercise Bike	EXERCISE_BIKE
b9a2b6ca-e0d7-4ccc-b262-cb1355bb7c13	Other	OTHER
\.


--
-- Data for Name: sports_listings; Type: TABLE DATA; Schema: public; Owner: postgres
--

COPY public.sports_listings (id, sport_condition_id, sport_discipline_id, sport_equipment_type_id) FROM stdin;
adca4f2c-bef3-4337-86ed-f152ab316573	5c224269-0fc4-41ca-944b-2adf08b3debd	e6cdac48-d797-4c67-b66d-458549915902	0ef32ba5-9110-412a-b535-8d4f71a74e23
\.


--
-- Data for Name: tokens; Type: TABLE DATA; Schema: public; Owner: postgres
--

COPY public.tokens (remember_me, created_at, expires_at, user_id, family_id, id, parent_token_id, token, token_status, token_type) FROM stdin;
f	2026-04-09 00:16:04.082721	2026-04-16 00:16:04.078822	1	a82f7118-68d3-439f-95bf-7d97a72b5c25	2a119743-bd54-4a5d-b5ee-e7c6645f9a67	\N	eyJhbGciOiJIUzUxMiJ9.eyJzdWIiOiJzaHllc2lsYmFzQGdtYWlsLmNvbSIsImp0aSI6IjRlMTUzNzQzLWMzNjctNDEwOS05Mjk2LWVhY2RhODM5MGQyNyIsImlhdCI6MTc3NTY4Mjk2NCwiZXhwIjoxNzc2Mjg3NzY0fQ.EeKUFhZGOjPS6K1ns-h18N2vns5bsE43EBqOuJGtTB3UZwUPNpy4Xvafu8UVGorFqM3okYL_uTdVa0Y-c-F2aQ	REVOKED	REFRESH_TOKEN
f	2026-04-09 00:21:29.644722	2026-04-16 00:21:29.644633	2	87697701-53b6-4f49-a5cb-e898fad9db02	83ef250e-9b00-49aa-acac-0780440a62fc	\N	eyJhbGciOiJIUzUxMiJ9.eyJzdWIiOiJzZXJoYXRoeWVzaWxiYXNAZ21haWwuY29tIiwianRpIjoiZjExOGQyMjUtN2VkMC00NWM0LThhMmMtODQxOGVhNTEwMjNmIiwiaWF0IjoxNzc1NjgzMjg5LCJleHAiOjE3NzYyODgwODl9.-SkbcoK9oi7GxV9gREGrTAvFRWQC-SzzGuBl_TN6BfKThHoVduGz7A18X2d64nYVJGueHqzfVs5FAn5RhI6MIQ	REVOKED	REFRESH_TOKEN
f	2026-04-09 00:39:31.21844	2026-04-16 00:39:31.218222	2	87697701-53b6-4f49-a5cb-e898fad9db02	fb07e8ba-bafc-4a27-946c-63cb9df299b6	83ef250e-9b00-49aa-acac-0780440a62fc	eyJhbGciOiJIUzUxMiJ9.eyJzdWIiOiJzZXJoYXRoeWVzaWxiYXNAZ21haWwuY29tIiwianRpIjoiMGFmZmIyOWEtZmE2NC00ZGVmLWE5NDktODVlMDM4ZDI3OGQwIiwiaWF0IjoxNzc1Njg0MzcxLCJleHAiOjE3NzYyODkxNzF9.zQPjzZGXkhntknc20-se9AjlJCRmnUUu-mSswm0kJYGqaMGjI-yNd6oCmsHXKSjqA6R1gvEK1WBA3ghDb4J_QQ	REVOKED	REFRESH_TOKEN
f	2026-04-09 01:07:46.233623	2026-04-16 01:07:46.231279	2	87697701-53b6-4f49-a5cb-e898fad9db02	22b3147e-3349-4f15-9e88-001e4558a08b	fb07e8ba-bafc-4a27-946c-63cb9df299b6	eyJhbGciOiJIUzUxMiJ9.eyJzdWIiOiJzZXJoYXRoeWVzaWxiYXNAZ21haWwuY29tIiwianRpIjoiNjY5MWVhNjEtZjM3Ny00YWVmLWEwZjEtNjcyNTc0YmNkMTExIiwiaWF0IjoxNzc1Njg2MDY2LCJleHAiOjE3NzYyOTA4NjZ9.8zkduWHR1K0pbdGx4V2oVxvTg9jboA85IT73JWHeImm_rPxDgyzt3At4POaYcszqEVId_fhRo1Y9henEp6rPmA	REVOKED	REFRESH_TOKEN
f	2026-04-09 11:17:56.767108	2026-04-16 11:17:56.764667	2	87697701-53b6-4f49-a5cb-e898fad9db02	7d33139b-1200-4aca-b6c2-07ec5dcd02ef	22b3147e-3349-4f15-9e88-001e4558a08b	eyJhbGciOiJIUzUxMiJ9.eyJzdWIiOiJzZXJoYXRoeWVzaWxiYXNAZ21haWwuY29tIiwianRpIjoiOWY4YzQxMzctNzliNC00MmNmLWJjM2QtMTg4OWEyMGY3ZDliIiwiaWF0IjoxNzc1NzIyNjc2LCJleHAiOjE3NzYzMjc0NzZ9.vc7n0nxS0yLpmZJgDb7HnunwliM9oyklYkNhXx57lF9j6_BWLZZugcwJye-3zqxO076b47TnAi3ZIkI83ilsZA	REVOKED	REFRESH_TOKEN
f	2026-04-09 11:34:02.500068	2026-04-16 11:34:02.497039	2	87697701-53b6-4f49-a5cb-e898fad9db02	7daaf532-612e-40b3-ad06-0f56cad0de28	7d33139b-1200-4aca-b6c2-07ec5dcd02ef	eyJhbGciOiJIUzUxMiJ9.eyJzdWIiOiJzZXJoYXRoeWVzaWxiYXNAZ21haWwuY29tIiwianRpIjoiMmI1NzdiM2UtYmJjYS00ZTI0LWI4YTEtMDI1NGRlMGI3ZmU0IiwiaWF0IjoxNzc1NzIzNjQyLCJleHAiOjE3NzYzMjg0NDJ9.Ih2peH7WcwImt4URClpjZigsPTP1TfSMJzI9gVbHdqrsMmvv4JeYPRk9LTP53R0FmA8EEhDueJCFPhV-bjIHAA	REVOKED	REFRESH_TOKEN
f	2026-04-09 11:52:17.219698	2026-04-16 11:52:17.216484	2	87697701-53b6-4f49-a5cb-e898fad9db02	0dda6005-a03c-4550-a401-c28421c17a8e	7daaf532-612e-40b3-ad06-0f56cad0de28	eyJhbGciOiJIUzUxMiJ9.eyJzdWIiOiJzZXJoYXRoeWVzaWxiYXNAZ21haWwuY29tIiwianRpIjoiYjk3OWU0MWMtMzlmNS00NTAxLThlODEtZDQ2MjQ1MDUzMDg0IiwiaWF0IjoxNzc1NzI0NzM3LCJleHAiOjE3NzYzMjk1Mzd9.zkOn9I6J-gN7vG4Ew0P6nMblAKNVeo9JLGKv39cSGBTnD-yGOyWyKFo2E8IZwI24zxXLpPgyJ_chmoivHM4nEA	REVOKED	REFRESH_TOKEN
f	2026-04-09 14:31:47.185386	2026-04-16 14:31:47.183106	2	87697701-53b6-4f49-a5cb-e898fad9db02	41a8cf27-59fc-4b43-bce6-feebcb2a13d9	0dda6005-a03c-4550-a401-c28421c17a8e	eyJhbGciOiJIUzUxMiJ9.eyJzdWIiOiJzZXJoYXRoeWVzaWxiYXNAZ21haWwuY29tIiwianRpIjoiNzI3YmEzZTEtNGRiNC00NzNhLWI1YzgtODE3YTdmOTE5MjM5IiwiaWF0IjoxNzc1NzM0MzA3LCJleHAiOjE3NzYzMzkxMDd9.QuVkjRpLbNsq2SJ-u7fnqIShkcFL4h9HvDsHWpUSDkoAH5xX_cW67QkCV63ptSLe1tDUjvyHJD69yLUcwz4jsg	REVOKED	REFRESH_TOKEN
f	2026-04-09 14:46:59.372745	2026-04-16 14:46:59.369369	2	87697701-53b6-4f49-a5cb-e898fad9db02	f085a0e2-2516-4b51-96d9-19dd473ce6c5	41a8cf27-59fc-4b43-bce6-feebcb2a13d9	eyJhbGciOiJIUzUxMiJ9.eyJzdWIiOiJzZXJoYXRoeWVzaWxiYXNAZ21haWwuY29tIiwianRpIjoiY2Q2MzZmMmUtMzM2OS00YTEzLWIzOWQtZDcyNDU1OWY5OThhIiwiaWF0IjoxNzc1NzM1MjE5LCJleHAiOjE3NzYzNDAwMTl9.tMwRQ2SE8Ec8HVwT8LdXJHnYk3fBfMW0kdizzPrdvxlBbYyzJQfJTXnUY5JcNYMJnI73Mki7B-xe2y7oa6crxw	REVOKED	REFRESH_TOKEN
f	2026-04-09 15:02:09.828306	2026-04-16 15:02:09.824638	2	87697701-53b6-4f49-a5cb-e898fad9db02	00cc4e8f-7c59-46f3-aff8-4d4de316fa20	f085a0e2-2516-4b51-96d9-19dd473ce6c5	eyJhbGciOiJIUzUxMiJ9.eyJzdWIiOiJzZXJoYXRoeWVzaWxiYXNAZ21haWwuY29tIiwianRpIjoiNjBjMGNmZTAtZTg4NC00YjUyLThmNTUtZDkxOTFhMDRjZGQzIiwiaWF0IjoxNzc1NzM2MTI5LCJleHAiOjE3NzYzNDA5Mjl9.3SuBDbIx6BNkef8NNqHxRhdvI_dlywQs2Z6qKN8Heq-THEWhlVRUc_z1bbKPZRePSjYan1nSXW9lfRTSfyRMww	REVOKED	REFRESH_TOKEN
f	2026-04-09 15:16:12.575099	2026-04-16 15:16:12.571765	2	87697701-53b6-4f49-a5cb-e898fad9db02	ddef84be-94ba-4d6a-b9a7-3b806b300abf	00cc4e8f-7c59-46f3-aff8-4d4de316fa20	eyJhbGciOiJIUzUxMiJ9.eyJzdWIiOiJzZXJoYXRoeWVzaWxiYXNAZ21haWwuY29tIiwianRpIjoiZDkyYzgzMzYtZWE3Ny00NTBkLTk4NDgtNDM2MzJmM2I0ZGIyIiwiaWF0IjoxNzc1NzM2OTcyLCJleHAiOjE3NzYzNDE3NzJ9.c0I2mMYoCg9ycYD_FBZLYGLxm5RnACZ4GrsG5gbcFbAbmiJfYvTOIyi-xnLFgQJ5TQFDDJHv08vI51rEdiGpPQ	REVOKED	REFRESH_TOKEN
f	2026-04-09 15:40:32.81655	2026-04-16 15:40:32.813803	2	87697701-53b6-4f49-a5cb-e898fad9db02	cf49a731-98ad-4d5a-9af9-5efe6f451f01	ddef84be-94ba-4d6a-b9a7-3b806b300abf	eyJhbGciOiJIUzUxMiJ9.eyJzdWIiOiJzZXJoYXRoeWVzaWxiYXNAZ21haWwuY29tIiwianRpIjoiYzZiOTZjNWQtZWQ3Mi00MDhmLTgyYWEtNWUxZTYwMGZhMTlhIiwiaWF0IjoxNzc1NzM4NDMyLCJleHAiOjE3NzYzNDMyMzJ9.SW8XBMaSTT1h2weoB70cSvkY0WQIPPBZla3U1PRbfVFigKNkUbeaqDk6NhhdtkUYAajtTSj_0QMnWsfpFxZSSg	REVOKED	REFRESH_TOKEN
f	2026-04-09 15:58:22.416529	2026-04-16 15:58:22.416243	2	87697701-53b6-4f49-a5cb-e898fad9db02	15707f19-31a2-4ea4-93ae-a85b71cfd735	cf49a731-98ad-4d5a-9af9-5efe6f451f01	eyJhbGciOiJIUzUxMiJ9.eyJzdWIiOiJzZXJoYXRoeWVzaWxiYXNAZ21haWwuY29tIiwianRpIjoiMjViMzQ4YTMtMWY0OC00YzUxLTkzYWItNzE1ZTRhNGY0YjRkIiwiaWF0IjoxNzc1NzM5NTAyLCJleHAiOjE3NzYzNDQzMDJ9.cL9NUQqzQxddxZb6ESYTYqZElPsEDLxqo79wv88UMrPdd1tVTixXogtgVEDMDKk_DZLCrxZoLqoohGyYh82bKw	REVOKED	REFRESH_TOKEN
f	2026-04-09 21:30:58.070136	2026-04-16 21:30:58.068147	2	87697701-53b6-4f49-a5cb-e898fad9db02	25c8146d-9b64-4fcd-aa2b-6964ccc1f87d	15707f19-31a2-4ea4-93ae-a85b71cfd735	eyJhbGciOiJIUzUxMiJ9.eyJzdWIiOiJzZXJoYXRoeWVzaWxiYXNAZ21haWwuY29tIiwianRpIjoiYWE1ODExNjYtNWUxMi00MzkzLWE0YmQtMThiODk1YjRhMjFlIiwiaWF0IjoxNzc1NzU5NDU4LCJleHAiOjE3NzYzNjQyNTh9.3WE8CILoZ-hz4hYMtJUdmLS912j6TB2ut3Qlc_GmjiSdFTYgJtZOFKA3-XlqueyginNaxB8Zo6YxfJe8y6uwEA	REVOKED	REFRESH_TOKEN
f	2026-04-09 22:03:56.950177	2026-04-16 22:03:56.946862	2	87697701-53b6-4f49-a5cb-e898fad9db02	66b40c0a-251a-4c7a-a6d2-5fefa9f43cbe	25c8146d-9b64-4fcd-aa2b-6964ccc1f87d	eyJhbGciOiJIUzUxMiJ9.eyJzdWIiOiJzZXJoYXRoeWVzaWxiYXNAZ21haWwuY29tIiwianRpIjoiMDUzODYzMDctOWFlNy00YmEzLWJmODEtNjc4MTIwZDE4ZDQ1IiwiaWF0IjoxNzc1NzYxNDM2LCJleHAiOjE3NzYzNjYyMzZ9.vSAY4jTlWFSd8BVT8WaDzMXA-ehtQ_N6lRmFiAEQVFgxJT1NxZS29xaYRlEZQVqLPEWMHvo8atVGUaOprlsm8A	REVOKED	REFRESH_TOKEN
f	2026-04-09 22:07:11.212687	2026-04-16 22:07:11.212603	3	0bfa9199-5e17-44fc-a3ad-d30cc697df46	c72f8e28-87b9-425a-9c9f-f01adb3bd8c4	\N	eyJhbGciOiJIUzUxMiJ9.eyJzdWIiOiJ2aWN0b3J3QGdtYWlsLmNvbSIsImp0aSI6ImNhNDMzODdlLWEyMjQtNGMxOC1hMGZmLTllZDAyZTdjNDY0YSIsImlhdCI6MTc3NTc2MTYzMSwiZXhwIjoxNzc2MzY2NDMxfQ.QnPLWcGk8W09kPRkI-L-wLqlFlkztV6xRXiiQ1LPKKGOxRs0Xwno2ezRTdamzgx-LSnoZPDznGKTAw4tdJrbow	REVOKED	REFRESH_TOKEN
f	2026-04-09 22:17:39.281901	2026-04-16 22:17:39.281728	1	63cf3d9e-ae3c-46d9-b822-c9f14c5074ba	b4ae451d-d494-4905-8250-a2fbd7ffe406	\N	eyJhbGciOiJIUzUxMiJ9.eyJzdWIiOiJzaHllc2lsYmFzQGdtYWlsLmNvbSIsImp0aSI6IjExODgyZGJlLTdmYjgtNDJhZC05NzZmLTY5NGM4NDIzNWRlNCIsImlhdCI6MTc3NTc2MjI1OSwiZXhwIjoxNzc2MzY3MDU5fQ.HZk-m2ym5zR9jCUc9I9Idzg1LPZ00h_BZXDveDiAJ1LSYMemnufKZlW61pDtGC66xip3mrfwND3c6qu2n2kKBQ	REVOKED	REFRESH_TOKEN
f	2026-04-09 22:18:36.560716	2026-04-16 22:18:36.560631	3	bf80d153-e71b-4c44-adf9-4cd409365d7d	0d977e22-a979-4267-8c42-af9d527e774d	\N	eyJhbGciOiJIUzUxMiJ9.eyJzdWIiOiJ2aWN0b3J3QGdtYWlsLmNvbSIsImp0aSI6IjgyZjczOGZjLWM4NWYtNDdiNC1hY2RmLTQwNTRlYWRlZmQ5YSIsImlhdCI6MTc3NTc2MjMxNiwiZXhwIjoxNzc2MzY3MTE2fQ.2Hv1MhKSFj4RKOEs7rGtnEg2FZxFmJ1bKO3fM76X7TwSAOrUtntOo2MnLQOuUN7pZAVSjYKOOf2G4DkSgI7ZlQ	REVOKED	REFRESH_TOKEN
f	2026-04-09 22:17:39.279559	2026-04-09 22:32:39.279372	1	\N	f1afc20b-7a43-4f30-ab2b-68ffb7090859	\N	eyJhbGciOiJIUzUxMiJ9.eyJyb2xlcyI6WyJST0xFX1VTRVIiXSwidXNlcklkIjoxLCJzdWIiOiJzaHllc2lsYmFzQGdtYWlsLmNvbSIsImp0aSI6IjhiOGEwYjA5LTUxYTItNGQ2YS1hOTNiLTY3NTU2NWVlMjQyMyIsImlhdCI6MTc3NTc2MjI1OSwiZXhwIjoxNzc1NzYzMTU5fQ.9pNxTDq4gacD2NOBwOb2VsrKHnzP0wzdxXLgNIg0ka8EpeS1xGW5DmVA55woHRjpQvtr5oWDgnorwg8dNhndQQ	EXPIRED	ACCESS_TOKEN
f	2026-04-09 22:20:14.255534	2026-04-16 22:20:14.255393	1	4eac99bb-c4c7-48bd-9a9c-56ec7d827975	b7e1cc84-6587-421f-9b20-0249d617f9fc	\N	eyJhbGciOiJIUzUxMiJ9.eyJzdWIiOiJzaHllc2lsYmFzQGdtYWlsLmNvbSIsImp0aSI6IjM5NjVjY2JkLTQ3ODItNGZhMS1iNzA3LWM0ZGQ1YjQyMWI5NyIsImlhdCI6MTc3NTc2MjQxNCwiZXhwIjoxNzc2MzY3MjE0fQ.hIuAyfBFin5XIehgdyet7W6MeGLtQQYqme-VXq7aAVL0myD5iqhCySlZuBHTUNkYMwngIkhV-BsdS8cZCWS3oA	REVOKED	REFRESH_TOKEN
f	2026-04-09 22:21:16.58495	2026-04-16 22:21:16.584828	2	1842c696-f647-4c8a-bb55-5583e039f8a8	2d13b028-f27e-4531-8456-2f66782f9964	\N	eyJhbGciOiJIUzUxMiJ9.eyJzdWIiOiJzZXJoYXRoeWVzaWxiYXNAZ21haWwuY29tIiwianRpIjoiMGY3YWEyM2MtNmJlYy00NDM0LWFmMjAtNjNjM2UxYzUyYmRiIiwiaWF0IjoxNzc1NzYyNDc2LCJleHAiOjE3NzYzNjcyNzZ9.MX4YmXc-gjNy1or5zzWu6p9pFVn1OJd1F702EfPwPVAbNWlTGU9iZaS3awbaOwBMHto34kCal1qLt4nu0LwFWw	REVOKED	REFRESH_TOKEN
f	2026-04-09 22:24:08.015786	2026-04-16 22:24:08.01571	3	ba099441-0022-480f-abbf-61789e529bf3	9c04131d-11b8-4139-a166-47d0dfc4363f	\N	eyJhbGciOiJIUzUxMiJ9.eyJzdWIiOiJ2aWN0b3J3QGdtYWlsLmNvbSIsImp0aSI6ImRjZWFmZTkzLTljMWYtNGViZC1iNzAwLTk0ZmI1ZDgwOWQ4NSIsImlhdCI6MTc3NTc2MjY0OCwiZXhwIjoxNzc2MzY3NDQ4fQ.4z0qqxIxE1gdOI5ZOWD7jM6rVlhrIqr1nAT220KGunUgyWRv8-2sf9wOIEPmJaaQxpHH5KmzZ0u45pg0tjPYaw	REVOKED	REFRESH_TOKEN
f	2026-04-09 22:21:16.583081	2026-04-09 22:36:16.582952	2	\N	c3f8ecbc-0d6b-423b-ad3b-6a15418eb36a	\N	eyJhbGciOiJIUzUxMiJ9.eyJyb2xlcyI6WyJST0xFX1VTRVIiXSwidXNlcklkIjoyLCJzdWIiOiJzZXJoYXRoeWVzaWxiYXNAZ21haWwuY29tIiwianRpIjoiMDlmNWRkZTItNzc3Ni00MjM3LWE4NWEtMGJlODMzNjUwZGViIiwiaWF0IjoxNzc1NzYyNDc2LCJleHAiOjE3NzU3NjMzNzZ9.WyJGHNQnSEGJGrynox9MFOiJHgsPV9yfXjOvAyrJFbETSrvTPnXGcr9G4TP0XGtGk9BDWlyUNajea1QNLnPBuQ	EXPIRED	ACCESS_TOKEN
f	2026-04-09 22:20:14.249211	2026-04-09 22:35:14.249069	1	\N	d744a849-811e-4d70-bfd8-4bef303cdaf9	\N	eyJhbGciOiJIUzUxMiJ9.eyJyb2xlcyI6WyJST0xFX1VTRVIiXSwidXNlcklkIjoxLCJzdWIiOiJzaHllc2lsYmFzQGdtYWlsLmNvbSIsImp0aSI6IjI0MmMyYTAxLWUwZGEtNDFhMi1hM2EyLTMyZmIzZjNlNzMzMSIsImlhdCI6MTc3NTc2MjQxNCwiZXhwIjoxNzc1NzYzMzE0fQ.VmJjUHoSnXc8vUqO1982KOXoHCLyw9jaGee2ymQQDbR_8n2vhvznPRKgi2m2dwK1y79CNQbpGeFMD_J6bRQMgQ	EXPIRED	ACCESS_TOKEN
f	2026-04-09 22:30:39.987111	2026-04-16 22:30:39.986961	1	6c6f2f9f-7140-4921-97ec-1cd8d4843f27	e71b5447-d2eb-4fde-b597-a0ea9aac8c79	\N	eyJhbGciOiJIUzUxMiJ9.eyJzdWIiOiJzaHllc2lsYmFzQGdtYWlsLmNvbSIsImp0aSI6ImU2YjMzNDU0LTkxYjItNGZlNS05NjZmLTY1MGQ3ZjRlM2Y4ZSIsImlhdCI6MTc3NTc2MzAzOSwiZXhwIjoxNzc2MzY3ODM5fQ.PFVcL6fBoCdjWV_Li7u5gj5C-ECupixwgyfWbkkYcNrjEfFfjJ5vQGc2X1YrUhBXQE_mTBe3RKftNW8wVrGV5w	REVOKED	REFRESH_TOKEN
f	2026-04-09 22:30:39.984957	2026-04-09 22:45:39.984769	1	\N	ee4006e5-23db-41ab-a6f6-72e4eadfe433	\N	eyJhbGciOiJIUzUxMiJ9.eyJyb2xlcyI6WyJST0xFX1VTRVIiXSwidXNlcklkIjoxLCJzdWIiOiJzaHllc2lsYmFzQGdtYWlsLmNvbSIsImp0aSI6Ijg4NmJjZTRlLWQ1MDAtNDkyZi04MjhhLTY0ZDI0YmU1ZDUwZSIsImlhdCI6MTc3NTc2MzAzOSwiZXhwIjoxNzc1NzYzOTM5fQ.vD3DUC_274zJRfDeP8E5tcPzBBKD1lXawWP_CESb2GPdChdxOppOGxngDaQbOWGWNAew73vybiDQE0V8mDACDg	EXPIRED	ACCESS_TOKEN
f	2026-04-09 22:46:42.254248	2026-04-16 22:46:42.254004	1	6c6f2f9f-7140-4921-97ec-1cd8d4843f27	5bacde1c-9ff9-4c35-ace1-ddfe33a10479	e71b5447-d2eb-4fde-b597-a0ea9aac8c79	eyJhbGciOiJIUzUxMiJ9.eyJzdWIiOiJzaHllc2lsYmFzQGdtYWlsLmNvbSIsImp0aSI6IjRhNDFmMjM0LTYzYzQtNDNlNC1hYTRhLTFiOWE1YzFiM2I5YSIsImlhdCI6MTc3NTc2NDAwMiwiZXhwIjoxNzc2MzY4ODAyfQ.Nlp_gRyOwy843jrs4BuiPJsKFsTru0ltIlkwAsrTkbCKXaSZ5otgXKj0Swowm4qof5FkZTuVT43-2nZdZIFJEA	REVOKED	REFRESH_TOKEN
f	2026-04-09 23:01:51.831677	2026-04-16 23:01:51.831478	1	6c6f2f9f-7140-4921-97ec-1cd8d4843f27	57861b0c-1123-4719-b480-6382aadd3933	5bacde1c-9ff9-4c35-ace1-ddfe33a10479	eyJhbGciOiJIUzUxMiJ9.eyJzdWIiOiJzaHllc2lsYmFzQGdtYWlsLmNvbSIsImp0aSI6ImJmY2U0NmQ3LWQ3MjItNGE5Ny1iNTFiLWM5ZmRhZDgyMzM2MSIsImlhdCI6MTc3NTc2NDkxMSwiZXhwIjoxNzc2MzY5NzExfQ.2z5MFX_BMbZRKZWUOXnd2RCPqg9ppLJ9c0x2EOIOEeEovb-qlTUiKNKfdaw8NWnvkqFZV5ujqWL_e_uZ_UWCNA	REVOKED	REFRESH_TOKEN
f	2026-04-09 23:03:07.542396	2026-04-16 23:03:07.542262	2	20417228-21e0-441a-9acc-c99297d9ceb0	7693a5e8-70f9-4699-924c-23686dd03bb6	\N	eyJhbGciOiJIUzUxMiJ9.eyJzdWIiOiJzZXJoYXRoeWVzaWxiYXNAZ21haWwuY29tIiwianRpIjoiNjFmYWI1MTEtNGI1Ni00Zjk4LTg1MWQtMmI2ZTE0OTIyYmY2IiwiaWF0IjoxNzc1NzY0OTg3LCJleHAiOjE3NzYzNjk3ODd9.niepTw24Xk5rLIvrHzqf4kZvJlhLSTFvQxlVo7pWBpUl7bcsHkdLAYTE_CMHglitqOJkj3AE5cTIQ3l0TFKMqw	REVOKED	REFRESH_TOKEN
f	2026-04-09 23:16:05.28936	2026-04-16 23:16:05.288892	3	e4ccff0b-5c96-4a11-af96-5bb36c02d2aa	2b6097ed-6373-46e1-a0a7-15684f1d8d07	\N	eyJhbGciOiJIUzUxMiJ9.eyJzdWIiOiJ2aWN0b3J3QGdtYWlsLmNvbSIsImp0aSI6IjE2NzA3ODhlLWY2Y2ItNGY0YS1hY2IyLTlhOTU5ZTMxY2ZlOCIsImlhdCI6MTc3NTc2NTc2NSwiZXhwIjoxNzc2MzcwNTY1fQ.nbMvPoLHTAzxcmRZB7xfC8dv2X90Y7JDclUxacO8dWUrpOwQjjidNvdl8hficXuW3PAZQIjA-oL1TjKONsONdA	REVOKED	REFRESH_TOKEN
f	2026-04-09 23:03:07.53537	2026-04-09 23:18:07.535229	2	\N	6be8694f-bafb-41c6-b230-55b64694daae	\N	eyJhbGciOiJIUzUxMiJ9.eyJyb2xlcyI6WyJST0xFX1VTRVIiXSwidXNlcklkIjoyLCJzdWIiOiJzZXJoYXRoeWVzaWxiYXNAZ21haWwuY29tIiwianRpIjoiMDI0NDFmZTYtNDdjMS00ZWFkLWJkNWEtZjVlODIxMzk4ZWZiIiwiaWF0IjoxNzc1NzY0OTg3LCJleHAiOjE3NzU3NjU4ODd9.TFRcAuxioCmamJqzVW3MpaaRE4obiQ-hTy7cqyrDnvUorjzIVkpln-RTiNLgtx1uNC_aNTmUqWpGfOkGInqnCg	EXPIRED	ACCESS_TOKEN
f	2026-04-09 23:16:26.391805	2026-04-16 23:16:26.391709	3	fe257f66-26a5-43f6-8f11-3342795cf49f	76a4bdf8-fe12-4bcd-a5c7-6ef1c7015203	\N	eyJhbGciOiJIUzUxMiJ9.eyJzdWIiOiJ2aWN0b3J3QGdtYWlsLmNvbSIsImp0aSI6IjE5MjkwN2JmLWNmMWEtNDcyNi1hOGQ0LTRmM2I0NmVmZjcyZiIsImlhdCI6MTc3NTc2NTc4NiwiZXhwIjoxNzc2MzcwNTg2fQ.93sPRHjYQvMMmSX4qp4HgpI_041cILo44w77SnryCEAbyp-m5vu1bvwkxa68f7-iU1zqUxUzLglOZICkv-KZzg	REVOKED	REFRESH_TOKEN
f	2026-04-09 23:33:11.256564	2026-04-16 23:33:11.251933	3	fe257f66-26a5-43f6-8f11-3342795cf49f	3f46040d-ea2d-446e-8117-4a7f4f6e134f	76a4bdf8-fe12-4bcd-a5c7-6ef1c7015203	eyJhbGciOiJIUzUxMiJ9.eyJzdWIiOiJ2aWN0b3J3QGdtYWlsLmNvbSIsImp0aSI6IjUxMWQwMzdlLWU3NGItNGRhOC1hYWE2LTcwYmU4OGZkOWE0ZCIsImlhdCI6MTc3NTc2Njc5MSwiZXhwIjoxNzc2MzcxNTkxfQ.yk3NEpraYYytmCY3-xop1-MPeGjs8fR55OX1G6GpE6gPN27ucesJUg8HUQQWRvqsMSlUUCN3V5oFaPWARs0PQA	REVOKED	REFRESH_TOKEN
f	2026-04-10 16:05:04.516188	2026-04-17 16:05:04.509485	3	fe257f66-26a5-43f6-8f11-3342795cf49f	a5602f11-c5d6-4c5f-8bce-611a063ad9ae	3f46040d-ea2d-446e-8117-4a7f4f6e134f	eyJhbGciOiJIUzUxMiJ9.eyJzdWIiOiJ2aWN0b3J3QGdtYWlsLmNvbSIsImp0aSI6ImRmMWE4ZjljLWVlMTUtNDM0YS1iZjIyLTFhMTY0NGI2ZWViZCIsImlhdCI6MTc3NTgyNjMwNCwiZXhwIjoxNzc2NDMxMTA0fQ.8p2Mhp2mIibZC4sHbrR2F6QKPWeO73Ls0kwnKCDSaxKl726oebL3phHU04AiYMLFwytLQ68G6cSTQtcPkDwWCA	REVOKED	REFRESH_TOKEN
f	2026-04-10 16:08:50.970313	2026-04-17 16:08:50.969808	1	f4e7de8a-b336-4046-a4cf-d12974bfb4e6	dfca0d5e-98fb-4664-94c9-bcc7813cd964	\N	eyJhbGciOiJIUzUxMiJ9.eyJzdWIiOiJzaHllc2lsYmFzQGdtYWlsLmNvbSIsImp0aSI6Ijc5MThkM2RjLTM2ZWEtNGJkNS1iYjE3LWE1YmEzNWFmZmFhMSIsImlhdCI6MTc3NTgyNjUzMCwiZXhwIjoxNzc2NDMxMzMwfQ.pSAuo1DJO-u4__Z8r7THXkV8Px8xYtIDHqSlLxF_kA1Usv9MNicLx9LU9gTA_SbRj7fklG8RhYK5NKVCz4ZUvw	REVOKED	REFRESH_TOKEN
f	2026-04-10 16:12:15.970527	2026-04-17 16:12:15.970311	2	4c0f21c2-8c33-44c7-b22c-055c8248be11	fa05df0a-eb9a-4609-8f76-f80023fa2f93	\N	eyJhbGciOiJIUzUxMiJ9.eyJzdWIiOiJzZXJoYXRoeWVzaWxiYXNAZ21haWwuY29tIiwianRpIjoiOWI4YTI0YmItMjhhYS00MmNjLTlmNWEtYjc5M2Q3YWNmNGQ2IiwiaWF0IjoxNzc1ODI2NzM1LCJleHAiOjE3NzY0MzE1MzV9.TK5xretBECua7LMYEZ3A-fBvwAYpeciQl-1Xr_H1fJ1HimsaYAzNYkbb0ZdoFZszykDeTYmI8TKSzDuVJT-ZFg	REVOKED	REFRESH_TOKEN
f	2026-04-10 16:12:15.967618	2026-04-10 16:27:15.967314	2	\N	6cc17692-e769-41cd-aca3-0b956be26ac6	\N	eyJhbGciOiJIUzUxMiJ9.eyJyb2xlcyI6WyJST0xFX1VTRVIiXSwidXNlcklkIjoyLCJzdWIiOiJzZXJoYXRoeWVzaWxiYXNAZ21haWwuY29tIiwianRpIjoiODk0NzdkY2MtOTc2ZS00OGI0LTg1YmQtNmUzOTI1YWMxM2U2IiwiaWF0IjoxNzc1ODI2NzM1LCJleHAiOjE3NzU4Mjc2MzV9.3sfn9ykf8MXBmC0tOUgcLnPG585Cs3C0vtlLxrCMxncNWiughH_V1DfJhSfdAgrnf606Keypflb723Oge-XPvg	EXPIRED	ACCESS_TOKEN
f	2026-04-10 16:08:50.965715	2026-04-10 16:23:50.965504	1	\N	b60a7f5a-d6d4-49ee-a6d2-67239f262b42	\N	eyJhbGciOiJIUzUxMiJ9.eyJyb2xlcyI6WyJST0xFX1VTRVIiXSwidXNlcklkIjoxLCJzdWIiOiJzaHllc2lsYmFzQGdtYWlsLmNvbSIsImp0aSI6IjVmMTU1Mjk3LTdkY2YtNDQ2Ny04YzRlLTllMjczMDNjM2Q4NyIsImlhdCI6MTc3NTgyNjUzMCwiZXhwIjoxNzc1ODI3NDMwfQ.SdiEEQutVTSxXOg7JzP8UM4mDtl69fP1zG7XbMdTW5O0OCAqzyLnwGvULn8lRdk8ykaL7fmZc3VRk0Gcype4xw	EXPIRED	ACCESS_TOKEN
f	2026-04-10 16:12:59.220067	2026-04-10 16:27:59.219917	1	\N	471a7356-60cc-474d-a30b-aa1220ff59e3	\N	eyJhbGciOiJIUzUxMiJ9.eyJyb2xlcyI6WyJST0xFX1VTRVIiXSwidXNlcklkIjoxLCJzdWIiOiJzaHllc2lsYmFzQGdtYWlsLmNvbSIsImp0aSI6ImVjNGJkM2U4LWQ5MWYtNGNiYi1hZTllLTc1ZjRlN2Q3MjdhOCIsImlhdCI6MTc3NTgyNjc3OSwiZXhwIjoxNzc1ODI3Njc5fQ.OU53x9as9oQvIL60zRx0Me1cbv8OjLyd5pGvBdJbrbQ0XAJs93PuRgYrGJD4FKCxq2c_bEVPK1E6P7roCz04qQ	EXPIRED	ACCESS_TOKEN
f	2026-04-10 16:12:59.223732	2026-04-17 16:12:59.223571	1	cfb4c16a-640b-4a50-8959-00dec219c7dc	5e4ad35a-a175-4f25-8843-fd2566fd7642	\N	eyJhbGciOiJIUzUxMiJ9.eyJzdWIiOiJzaHllc2lsYmFzQGdtYWlsLmNvbSIsImp0aSI6Ijc0MGU4MDIwLTBmMjctNGFhYy04M2NiLTExNDM4NGMxYjdiZSIsImlhdCI6MTc3NTgyNjc3OSwiZXhwIjoxNzc2NDMxNTc5fQ.tv_pa2Ewi7LSpEB7J6h2w6gPilML2t9W5gvMc8lZaf7Ye021Uv_kfhD5yjSRWfkt1krwSlFIpayjhXtsvqHJQg	REVOKED	REFRESH_TOKEN
f	2026-04-10 16:30:04.003099	2026-04-17 16:30:03.998382	1	cfb4c16a-640b-4a50-8959-00dec219c7dc	84080bb5-f6ad-4c79-bac8-0c71e61faf19	5e4ad35a-a175-4f25-8843-fd2566fd7642	eyJhbGciOiJIUzUxMiJ9.eyJzdWIiOiJzaHllc2lsYmFzQGdtYWlsLmNvbSIsImp0aSI6ImQ5MzI5M2FlLTkzNzAtNGZiZC1iY2UwLTQ1Zjc0MGM2MDA2ZiIsImlhdCI6MTc3NTgyNzgwMywiZXhwIjoxNzc2NDMyNjAzfQ.P9N0MfaOuXqXr0F7kF4bnY42FxGaoMHb5H2oRSgQeXMqnY9A5hBu_xIWEDRrNAp6TTF1ZWizcD7vhbQQc7YerA	REVOKED	REFRESH_TOKEN
f	2026-04-10 16:31:26.733222	2026-04-17 16:31:26.733106	1	cfb4c16a-640b-4a50-8959-00dec219c7dc	0a45bd7d-06b4-4d6a-a2e5-00ab715d2c21	84080bb5-f6ad-4c79-bac8-0c71e61faf19	eyJhbGciOiJIUzUxMiJ9.eyJzdWIiOiJzaHllc2lsYmFzQGdtYWlsLmNvbSIsImp0aSI6Ijc5OTllM2VlLWYyNjQtNGQxYS1hYTVmLTY2ZWY5MzY5YzNlNSIsImlhdCI6MTc3NTgyNzg4NiwiZXhwIjoxNzc2NDMyNjg2fQ.pAYYCwEawYbsBvtlN1dKISVnxZiWgg5IVgKW2CZ7q0Mx8dO5bpwQSlaGhsbXAzLSCM_-eKDgVUDxtMH--FeiVQ	REVOKED	REFRESH_TOKEN
f	2026-04-10 16:31:28.172813	2026-04-17 16:31:28.172707	1	cfb4c16a-640b-4a50-8959-00dec219c7dc	710ff538-5470-4691-bb28-dc9beb8e0932	0a45bd7d-06b4-4d6a-a2e5-00ab715d2c21	eyJhbGciOiJIUzUxMiJ9.eyJzdWIiOiJzaHllc2lsYmFzQGdtYWlsLmNvbSIsImp0aSI6IjRkYThkMjM0LWUxMTUtNGZmNC1hZGJmLWNkNmJmZGEyNDg3MiIsImlhdCI6MTc3NTgyNzg4OCwiZXhwIjoxNzc2NDMyNjg4fQ.4hPhBZCPulBurU4VjMzaj9-JmhVzS_KUEd4x3K7JcW5JSOxEhpDW1zxP27G6SRWtrsMqospE1u4ntUoeB2RD5w	REVOKED	REFRESH_TOKEN
f	2026-04-10 16:31:36.618147	2026-04-17 16:31:36.61805	1	cfb4c16a-640b-4a50-8959-00dec219c7dc	076b13b2-c8c3-42cd-ba05-0401311d757e	710ff538-5470-4691-bb28-dc9beb8e0932	eyJhbGciOiJIUzUxMiJ9.eyJzdWIiOiJzaHllc2lsYmFzQGdtYWlsLmNvbSIsImp0aSI6IjJkZDkzZTZiLTUwMDEtNGUyYi1hOWZhLWI2NzY2Y2MzYzAxNSIsImlhdCI6MTc3NTgyNzg5NiwiZXhwIjoxNzc2NDMyNjk2fQ.tmz9mDFp7D9W-Yi1pmdj8I7iFqcq6JankfF-ZZKoPLSaZO5VLvnk7Z0B4fubB7WKK1eJaNOYHzTodZPW4v3sYA	REVOKED	REFRESH_TOKEN
f	2026-04-10 16:31:38.472157	2026-04-17 16:31:38.472069	1	cfb4c16a-640b-4a50-8959-00dec219c7dc	bb6f9b7c-2d2f-4724-8aa5-dda59377d1ba	076b13b2-c8c3-42cd-ba05-0401311d757e	eyJhbGciOiJIUzUxMiJ9.eyJzdWIiOiJzaHllc2lsYmFzQGdtYWlsLmNvbSIsImp0aSI6ImY0ZDVkYTZhLWNhMDAtNDMyNS04Y2U2LWFmODM5YTFmZmY0MiIsImlhdCI6MTc3NTgyNzg5OCwiZXhwIjoxNzc2NDMyNjk4fQ.7T6Opzzuz6hw2gs4eDrURqxdRIIEXWIlzNRMfDI-rWHgzFAnTsCViraIBycckhQvlYb9tnx_r-UFA4yCUhwDCw	REVOKED	REFRESH_TOKEN
f	2026-04-10 16:31:46.924369	2026-04-17 16:31:46.924212	1	cfb4c16a-640b-4a50-8959-00dec219c7dc	45a32c4b-4109-4bd2-9a48-b5978fb62e87	bb6f9b7c-2d2f-4724-8aa5-dda59377d1ba	eyJhbGciOiJIUzUxMiJ9.eyJzdWIiOiJzaHllc2lsYmFzQGdtYWlsLmNvbSIsImp0aSI6IjlhOWQ5Zjk1LWUwYjQtNDdiOC1hMjk4LWZjNzY4N2VlNDFhMyIsImlhdCI6MTc3NTgyNzkwNiwiZXhwIjoxNzc2NDMyNzA2fQ.jTnT0cINYGuCW_CAienMvgThziFyJnCGp-it8CUG2c15cTkcM8XZz7ZVwHBktKxr4_OyN4CgXpulTOF5G7TSrw	REVOKED	REFRESH_TOKEN
f	2026-04-10 16:31:52.449571	2026-04-17 16:31:52.449415	1	cfb4c16a-640b-4a50-8959-00dec219c7dc	e56a94e0-21c5-46b3-a5f5-dd0c469e8bf6	45a32c4b-4109-4bd2-9a48-b5978fb62e87	eyJhbGciOiJIUzUxMiJ9.eyJzdWIiOiJzaHllc2lsYmFzQGdtYWlsLmNvbSIsImp0aSI6IjFlNDdiYWFlLTU5NjgtNDFjMy04MzljLTExY2ViMzc0ODg4OCIsImlhdCI6MTc3NTgyNzkxMiwiZXhwIjoxNzc2NDMyNzEyfQ.v5pEUIT4Xyj7VEka6FyiWsFQkO0SI7oN9ppDbg8k1DNfTyDyoWOFePYKJCjySzBv7-rhE4iQMXqEQVEM8hnJmg	REVOKED	REFRESH_TOKEN
f	2026-04-10 16:31:54.419084	2026-04-17 16:31:54.419	1	cfb4c16a-640b-4a50-8959-00dec219c7dc	c22c5230-3a5c-4306-b707-f953947021ae	e56a94e0-21c5-46b3-a5f5-dd0c469e8bf6	eyJhbGciOiJIUzUxMiJ9.eyJzdWIiOiJzaHllc2lsYmFzQGdtYWlsLmNvbSIsImp0aSI6IjliYTlhNTQ5LTM2OWEtNDI3Yy05Yjg5LTRhNmI0ZjU0ZjU5YiIsImlhdCI6MTc3NTgyNzkxNCwiZXhwIjoxNzc2NDMyNzE0fQ._cIFBdVUnJtKd940CEJmD7cqAIHlyDHLf7XtvgP3bcndciievWxSlkEEI8YFva82b2ABD-y3QXlolIMmNBVfCg	REVOKED	REFRESH_TOKEN
f	2026-04-10 16:32:09.035582	2026-04-17 16:32:09.035475	1	cfb4c16a-640b-4a50-8959-00dec219c7dc	aec77acb-9f47-46e6-929f-8c8ddb03afd0	c22c5230-3a5c-4306-b707-f953947021ae	eyJhbGciOiJIUzUxMiJ9.eyJzdWIiOiJzaHllc2lsYmFzQGdtYWlsLmNvbSIsImp0aSI6ImQzMWFjOWUyLTVjNzYtNDRhNS04YTYzLTkxMWMxYjNiYzIyZSIsImlhdCI6MTc3NTgyNzkyOSwiZXhwIjoxNzc2NDMyNzI5fQ.pxRxxHFD5x1ZUT7zYAPVrRmPwa4TNYkVvBROjAiQNkchvU8CynO9aRo2gN7b9UwcJlV-65Nh6jGBaWwX1pxCsg	REVOKED	REFRESH_TOKEN
f	2026-04-10 16:32:10.202847	2026-04-17 16:32:10.202788	1	cfb4c16a-640b-4a50-8959-00dec219c7dc	05a3ce2e-db88-40a9-950a-89376f5bf68b	aec77acb-9f47-46e6-929f-8c8ddb03afd0	eyJhbGciOiJIUzUxMiJ9.eyJzdWIiOiJzaHllc2lsYmFzQGdtYWlsLmNvbSIsImp0aSI6IjE1OGVjZTVmLTQ1YzEtNDAwNy04ODBjLTI0MWQ5ZGRkNGVlYSIsImlhdCI6MTc3NTgyNzkzMCwiZXhwIjoxNzc2NDMyNzMwfQ.OiIiqVHDKMc7Xh1MNF8nCiyxEPJXw8IfhV6IzR24Dm290VBTYuqL2zrTHehWoAqaqZtfbR6Rr0IPyol_sVdv5A	REVOKED	REFRESH_TOKEN
f	2026-04-10 16:48:52.213245	2026-04-17 16:48:52.205537	1	cfb4c16a-640b-4a50-8959-00dec219c7dc	c220d18e-5ae4-47d5-b825-0e4ad553a7e1	05a3ce2e-db88-40a9-950a-89376f5bf68b	eyJhbGciOiJIUzUxMiJ9.eyJzdWIiOiJzaHllc2lsYmFzQGdtYWlsLmNvbSIsImp0aSI6IjUxNjI3NTQ3LTA5MzMtNDI5OS04YWZkLTg5OGZjYWRiYWI4NSIsImlhdCI6MTc3NTgyODkzMiwiZXhwIjoxNzc2NDMzNzMyfQ.s1gNc4ZxREPfhbJqw1LU_R0Xc1F9W9TvSYdPKZHI7HP09oP-RTXPlemJBPzOjB-pZy4GKeeqsZGMQ413sJCH1A	REVOKED	REFRESH_TOKEN
f	2026-04-10 17:05:37.837099	2026-04-17 17:05:37.834664	1	cfb4c16a-640b-4a50-8959-00dec219c7dc	b6d26c85-73df-40a8-a422-4e4770f44910	c220d18e-5ae4-47d5-b825-0e4ad553a7e1	eyJhbGciOiJIUzUxMiJ9.eyJzdWIiOiJzaHllc2lsYmFzQGdtYWlsLmNvbSIsImp0aSI6IjhmZGUxYTJlLTk3OTgtNGQyZS1iMzNkLWMyMzhhY2FmZTVmNyIsImlhdCI6MTc3NTgyOTkzNywiZXhwIjoxNzc2NDM0NzM3fQ.klF_OXtu61fbmY5q1lIQN66zJVMi3nJjhQ37_h_VMzdoVsa9e8fPljLR94rwmaxvnEmbNJpUTRqfKDHCeA5V4Q	REVOKED	REFRESH_TOKEN
f	2026-04-10 17:24:08.2676	2026-04-17 17:24:08.264362	1	cfb4c16a-640b-4a50-8959-00dec219c7dc	dbf0135a-05ef-4ce2-b388-f244f865ce4c	b6d26c85-73df-40a8-a422-4e4770f44910	eyJhbGciOiJIUzUxMiJ9.eyJzdWIiOiJzaHllc2lsYmFzQGdtYWlsLmNvbSIsImp0aSI6ImE2YTc3MzQ2LWVmN2ItNDYzYi04OTcyLTg2NzQ5YzdhOWNkNyIsImlhdCI6MTc3NTgzMTA0OCwiZXhwIjoxNzc2NDM1ODQ4fQ.3npNCCg444E73WnfwE5QeX1oIPV4AUUuMOM1az6SPrHEGyuS_YI92KYlzdZwMIM6s8SNnjrSJUc_jC5FNYClFA	REVOKED	REFRESH_TOKEN
f	2026-04-10 17:39:15.125219	2026-04-17 17:39:15.124789	1	cfb4c16a-640b-4a50-8959-00dec219c7dc	37db62a9-2d74-4535-84f1-8c6a1dd82c9a	dbf0135a-05ef-4ce2-b388-f244f865ce4c	eyJhbGciOiJIUzUxMiJ9.eyJzdWIiOiJzaHllc2lsYmFzQGdtYWlsLmNvbSIsImp0aSI6Ijg1NWMzODAwLTUxYTAtNDk4MS04ZjA1LWUyNTNlMWQ4YWZkZCIsImlhdCI6MTc3NTgzMTk1NSwiZXhwIjoxNzc2NDM2NzU1fQ.3M5DY46xQYgfFPeMDnSyVC8aLB_6kKxobJA2NAOxbmCOl5RDNVf2VPGjJxZ3f9xE9fmGorPSfl7hfy0YxiSNDw	REVOKED	REFRESH_TOKEN
f	2026-04-10 17:58:41.115373	2026-04-17 17:58:41.112599	1	cfb4c16a-640b-4a50-8959-00dec219c7dc	b422b24b-c5e2-43a2-aa53-e14caac10ef9	37db62a9-2d74-4535-84f1-8c6a1dd82c9a	eyJhbGciOiJIUzUxMiJ9.eyJzdWIiOiJzaHllc2lsYmFzQGdtYWlsLmNvbSIsImp0aSI6IjNkMjBmNjAwLWZmOGMtNGJhYS1iNzAzLWRiY2ZmNDY0YjAzZiIsImlhdCI6MTc3NTgzMzEyMSwiZXhwIjoxNzc2NDM3OTIxfQ.iLP_2O7o_F5zsE7YwkvmIUmMTy6Sm1hJFpX0xKfqEtUbW3hbnui2LccnkeAdhfkedtKODyWb7KNlrCbdZ1D9Qw	REVOKED	REFRESH_TOKEN
f	2026-04-10 18:15:11.250848	2026-04-17 18:15:11.249014	1	cfb4c16a-640b-4a50-8959-00dec219c7dc	cc00cf0b-18ba-4788-9ecc-fb9177473b34	b422b24b-c5e2-43a2-aa53-e14caac10ef9	eyJhbGciOiJIUzUxMiJ9.eyJzdWIiOiJzaHllc2lsYmFzQGdtYWlsLmNvbSIsImp0aSI6IjE0ODQ0OTA4LWRlMzgtNDEyNi1iZDkxLWRjZTFlMGRjZjFkZiIsImlhdCI6MTc3NTgzNDExMSwiZXhwIjoxNzc2NDM4OTExfQ.xynS2rYPe78CSJMLLk-qXpgo6BwaRGPOubfxOCowjO1mThIujVlNdjmkiNYtpl2-kiGTZs7GNaEzTY4JQrNIUw	REVOKED	REFRESH_TOKEN
f	2026-04-10 19:46:12.22074	2026-04-17 19:46:12.216841	1	cfb4c16a-640b-4a50-8959-00dec219c7dc	9b8a158e-4de3-4014-a8d6-dd0c1d495941	cc00cf0b-18ba-4788-9ecc-fb9177473b34	eyJhbGciOiJIUzUxMiJ9.eyJzdWIiOiJzaHllc2lsYmFzQGdtYWlsLmNvbSIsImp0aSI6IjA2OWM0ZjIyLWQzNTItNGNkMi04ZTc5LTg3NDA3YTVlODhhYyIsImlhdCI6MTc3NTgzOTU3MiwiZXhwIjoxNzc2NDQ0MzcyfQ.F3cbtu2xolQzE2azCGDz7kwuW8CK6FSyli2FJGCSeQUNgkQuI4Ty5Zk8GvZuty18FZJ2XgLTFqrPEtx1R1G6cA	REVOKED	REFRESH_TOKEN
f	2026-04-10 19:47:17.622011	2026-04-17 19:47:17.62183	1	4f476e12-71f1-48f5-9e38-5c6df482f938	ef52f8ce-876d-46c8-9bbd-4ade64c2d778	\N	eyJhbGciOiJIUzUxMiJ9.eyJzdWIiOiJzaHllc2lsYmFzQGdtYWlsLmNvbSIsImp0aSI6IjBjZDI2MGUwLTllODAtNDkyZi1iMTE3LTdjMDJkNDM5MTNlMCIsImlhdCI6MTc3NTgzOTYzNywiZXhwIjoxNzc2NDQ0NDM3fQ.p_izkreKIpg5gxlswCx1ikjpmc0AMPJ4FKed-GCYulVM0ENz9El9_wSXQf0GEBblnKLwqYBUNZqsbkKyETmyWA	REVOKED	REFRESH_TOKEN
f	2026-04-10 19:54:58.069224	2026-04-17 19:54:58.068916	3	8eca198c-de2d-4f1f-8822-c06d6617cda3	ff8ff427-6331-4939-96c9-35f2449d647d	\N	eyJhbGciOiJIUzUxMiJ9.eyJzdWIiOiJ2aWN0b3J3QGdtYWlsLmNvbSIsImp0aSI6IjM3OWJhZmFhLTJkYzEtNDRiOS05ZjZmLTJlNDUxNjdhMzQ1NCIsImlhdCI6MTc3NTg0MDA5OCwiZXhwIjoxNzc2NDQ0ODk4fQ.Xfyl_aO6_ew7eXzlDjsYotB3agKdp1CpmCfZ00tmwlxmX7_AVrzQeH6yCO2qaAl8M_6tsiM02x5UBwRXIorzBA	REVOKED	REFRESH_TOKEN
f	2026-04-10 19:47:17.61818	2026-04-10 20:02:17.617958	1	\N	868055a3-4904-459d-8d5a-a49b0e5f8ff7	\N	eyJhbGciOiJIUzUxMiJ9.eyJyb2xlcyI6WyJST0xFX1VTRVIiXSwidXNlcklkIjoxLCJzdWIiOiJzaHllc2lsYmFzQGdtYWlsLmNvbSIsImp0aSI6Ijc5ZTUyOTJlLTNjMGYtNGNlYS04MGFiLTE5N2M0ZDUxZjcxOSIsImlhdCI6MTc3NTgzOTYzNywiZXhwIjoxNzc1ODQwNTM3fQ.kQ1fZtCa8rDrLwp1aewvI6__Y7TfpiqEdoq5vAMl_D39HTDw1EKx4U9imK-8aiZwQh_CaY6PujUS7ReLkC4Q3w	EXPIRED	ACCESS_TOKEN
f	2026-04-10 22:08:28.463392	2026-04-17 22:08:28.459991	3	8eca198c-de2d-4f1f-8822-c06d6617cda3	239e01b0-5b8a-4594-8af3-1411f397ec14	ff8ff427-6331-4939-96c9-35f2449d647d	eyJhbGciOiJIUzUxMiJ9.eyJzdWIiOiJ2aWN0b3J3QGdtYWlsLmNvbSIsImp0aSI6IjM3YWRmN2U0LWFkYmQtNDI1YS05YjcxLTBmZjY5MDEzMTFhOSIsImlhdCI6MTc3NTg0ODEwOCwiZXhwIjoxNzc2NDUyOTA4fQ.LUJMO7mb9WqqfDdKrVHfZ4lpKr8tqY3TAz_UYo0sYh-PmDoxi1YfzKC42nGYo8UPDOP7bBYOd7orquFF4G2jZg	REVOKED	REFRESH_TOKEN
f	2026-04-10 22:23:54.186928	2026-04-17 22:23:54.186583	3	8eca198c-de2d-4f1f-8822-c06d6617cda3	d45d9a55-56a0-4da8-850a-c04bc27bf86b	239e01b0-5b8a-4594-8af3-1411f397ec14	eyJhbGciOiJIUzUxMiJ9.eyJzdWIiOiJ2aWN0b3J3QGdtYWlsLmNvbSIsImp0aSI6IjFjMjk0Njc0LTAxZTUtNDM0My1iNTc1LTZjM2JiYjNlZGE0ZSIsImlhdCI6MTc3NTg0OTAzNCwiZXhwIjoxNzc2NDUzODM0fQ.LzHxNJCErFemlIihf8vc8EherP2zSmMn2hyJeYFEk5ggVSnEDJvmU0C5BHikC9CsnFDhzlW8BdAyI4CPpTl1tA	REVOKED	REFRESH_TOKEN
f	2026-04-10 22:24:32.1626	2026-04-17 22:24:32.162508	3	8eca198c-de2d-4f1f-8822-c06d6617cda3	b7980fe6-6580-4221-81af-f51641fea73c	d45d9a55-56a0-4da8-850a-c04bc27bf86b	eyJhbGciOiJIUzUxMiJ9.eyJzdWIiOiJ2aWN0b3J3QGdtYWlsLmNvbSIsImp0aSI6IjZiOWUyZGM5LTNmYWMtNGI4Yi05Njk2LWFhYzE2YzczYWYxYiIsImlhdCI6MTc3NTg0OTA3MiwiZXhwIjoxNzc2NDUzODcyfQ.5RP97RzDg3pvHvyspt9gYHtHeBe10643fZeu0S6gsV42HBx9ZlrRqWET4LbVyofgOYDEVF_gCDdsAqyZJt3atg	REVOKED	REFRESH_TOKEN
f	2026-04-10 22:35:17.476603	2026-04-10 22:50:17.47597	2	\N	197b3903-9a96-4e3c-8111-703dcb6d5e91	\N	eyJhbGciOiJIUzUxMiJ9.eyJyb2xlcyI6WyJST0xFX1VTRVIiXSwidXNlcklkIjoyLCJzdWIiOiJzZXJoYXRoeWVzaWxiYXNAZ21haWwuY29tIiwianRpIjoiOGFiZWRlODEtNTdmNy00ZjFhLWFiZWMtNTkwMDk2NWM5ZmIwIiwiaWF0IjoxNzc1ODQ5NzE3LCJleHAiOjE3NzU4NTA2MTd9.F6LSwH6Efyq-W93qtDxpNptmF__Q2ruIwhptHX044b1qQ9C4UgDCqmIFohVByJXYSi7psRZo4nEBzd2DqUa9rQ	EXPIRED	ACCESS_TOKEN
f	2026-04-10 22:35:17.479024	2026-04-17 22:35:17.478863	2	f6a32151-1c66-41d5-9490-90150604d8a9	ad560399-548f-43b0-96ec-8bb235ea4448	\N	eyJhbGciOiJIUzUxMiJ9.eyJzdWIiOiJzZXJoYXRoeWVzaWxiYXNAZ21haWwuY29tIiwianRpIjoiZDRiNDYzZTktN2UzYi00YWU3LWJhY2EtYWI5YzBmYTZjMGM1IiwiaWF0IjoxNzc1ODQ5NzE3LCJleHAiOjE3NzY0NTQ1MTd9.-Au5eJwZf1bYrDCek5WOrP8rWcIDDNBLf7ouPklk97RrIFk2J4sOAUNdpTJMBAnGW0DFVLqzNM0g7HCNDNHxfg	REVOKED	REFRESH_TOKEN
f	2026-04-10 22:51:49.90116	2026-04-17 22:51:49.898967	2	f6a32151-1c66-41d5-9490-90150604d8a9	a65f1338-78bb-4df3-914d-626de6a725b2	ad560399-548f-43b0-96ec-8bb235ea4448	eyJhbGciOiJIUzUxMiJ9.eyJzdWIiOiJzZXJoYXRoeWVzaWxiYXNAZ21haWwuY29tIiwianRpIjoiM2E0NjJkNzEtZjNjNi00ZWJmLTkxOTItMTE2MGU1Yjk3MDJkIiwiaWF0IjoxNzc1ODUwNzA5LCJleHAiOjE3NzY0NTU1MDl9.3iG5G_Np7YtoEiRi6iL4yNJPbjE_10BfHp8KYqT_DXdZxPy4t2wHu7SkPrlzqvXIzJ8kjT9XxMrt-9i4SRrOLg	REVOKED	REFRESH_TOKEN
f	2026-04-10 22:40:51.252254	2026-04-17 22:40:51.252056	3	211a86c8-9a37-4255-8587-683feb625c4f	4d1f5550-223a-41fd-8644-dde30c425c03	\N	eyJhbGciOiJIUzUxMiJ9.eyJzdWIiOiJ2aWN0b3J3QGdtYWlsLmNvbSIsImp0aSI6IjY3NDlkODA0LWZlMmUtNGZmOC05M2MwLTI0ZTg2YWNiNmEyMiIsImlhdCI6MTc3NTg1MDA1MSwiZXhwIjoxNzc2NDU0ODUxfQ.0qxhxUsrK4ecr-hJRqD-holmsP0fsN2VM8UHXzxPg9ufYrIfAAffs3cwO7YylsfoMeyuEYtgoPIVZHyaFjVOSQ	REVOKED	REFRESH_TOKEN
f	2026-04-10 23:08:37.27995	2026-04-17 23:08:37.279817	2	f6a32151-1c66-41d5-9490-90150604d8a9	167a5853-d733-4353-bdeb-a3156da58a82	a65f1338-78bb-4df3-914d-626de6a725b2	eyJhbGciOiJIUzUxMiJ9.eyJzdWIiOiJzZXJoYXRoeWVzaWxiYXNAZ21haWwuY29tIiwianRpIjoiMTE4MmIxNTEtMjBkMy00NjZhLThkMmMtZTE5NjZlNmE0YzlmIiwiaWF0IjoxNzc1ODUxNzE3LCJleHAiOjE3NzY0NTY1MTd9.n9HcxgV5abIRAYykrc0Sjhin6rllGB-K08-JBNRzUk625gDkPPiynsUED1db9JJ3w8tgGkbjfgEQpAHNdkv0PA	REVOKED	REFRESH_TOKEN
f	2026-04-10 23:27:19.691506	2026-04-17 23:27:19.691394	2	f6a32151-1c66-41d5-9490-90150604d8a9	0bfa4982-49c6-439c-b0b4-eddafe128667	167a5853-d733-4353-bdeb-a3156da58a82	eyJhbGciOiJIUzUxMiJ9.eyJzdWIiOiJzZXJoYXRoeWVzaWxiYXNAZ21haWwuY29tIiwianRpIjoiYmVlMjQ5OTgtN2U4OC00YWVhLWFjNWUtYTY2MTczYjYzOTQyIiwiaWF0IjoxNzc1ODUyODM5LCJleHAiOjE3NzY0NTc2Mzl9.0HIcgjGP5bCYZeLeQnxjK_xGwz52eSKQoXMIF3viKNiBCW95VVwCl9nbtDotnUioEi7Nm0oukqTQnDZYSZAqqA	REVOKED	REFRESH_TOKEN
f	2026-04-11 13:43:21.428284	2026-04-18 13:43:21.426299	2	f6a32151-1c66-41d5-9490-90150604d8a9	183de1db-ebd5-4c8e-baa4-ccb791d72f88	0bfa4982-49c6-439c-b0b4-eddafe128667	eyJhbGciOiJIUzUxMiJ9.eyJzdWIiOiJzZXJoYXRoeWVzaWxiYXNAZ21haWwuY29tIiwianRpIjoiZGE2YmIyMzUtYjlkZC00NWU5LWEzMzItOWFkNGJlMjAwYjg1IiwiaWF0IjoxNzc1OTA0MjAxLCJleHAiOjE3NzY1MDkwMDF9.jjXsauKMWrhgNKKLo1tIv0-Weau5YQEwkqUPe3mOQCyln2ca0ot8TSOB0zSx9DIyOBMfJDQkfS3D3D7300fD3Q	REVOKED	REFRESH_TOKEN
f	2026-04-11 13:59:40.263408	2026-04-18 13:59:40.263154	2	f6a32151-1c66-41d5-9490-90150604d8a9	163bcd09-e8be-45c0-936c-9b6c6ced5473	183de1db-ebd5-4c8e-baa4-ccb791d72f88	eyJhbGciOiJIUzUxMiJ9.eyJzdWIiOiJzZXJoYXRoeWVzaWxiYXNAZ21haWwuY29tIiwianRpIjoiNDFiZDhiZTAtZGNhZC00Y2U4LTkyOGQtNGYwN2U5NGJmOTI5IiwiaWF0IjoxNzc1OTA1MTgwLCJleHAiOjE3NzY1MDk5ODB9.4Dal1K0LYc8s3pgj8tJkzQsUAFpGUWZdTSPaWNW8Wc3GIq6l3TmrJ1VMZaUv494CmITgE2FRwkzT8P4U9i0EgA	REVOKED	REFRESH_TOKEN
f	2026-04-11 19:10:00.489387	2026-04-18 19:10:00.486114	2	f6a32151-1c66-41d5-9490-90150604d8a9	c7d049f7-226a-48f3-95d7-7daabd39b459	163bcd09-e8be-45c0-936c-9b6c6ced5473	eyJhbGciOiJIUzUxMiJ9.eyJzdWIiOiJzZXJoYXRoeWVzaWxiYXNAZ21haWwuY29tIiwianRpIjoiYzdlNGY4OTAtY2MxNS00ZWE0LWEwOWUtMDEwZTkxYjlmNDQ1IiwiaWF0IjoxNzc1OTIzODAwLCJleHAiOjE3NzY1Mjg2MDB9.Kl6BSK2Qm56hqBn6fKEQ8Nyy2q2fjKMtmlWBZ5g6cGQZXe7GwB7Rv6ZYaOeSvY8EbrldBFhitBTBUMUKo9M9XQ	REVOKED	REFRESH_TOKEN
f	2026-04-11 19:25:02.163568	2026-04-18 19:25:02.163403	2	f6a32151-1c66-41d5-9490-90150604d8a9	d4ea4063-76cc-4b61-b210-83d0e6daea80	c7d049f7-226a-48f3-95d7-7daabd39b459	eyJhbGciOiJIUzUxMiJ9.eyJzdWIiOiJzZXJoYXRoeWVzaWxiYXNAZ21haWwuY29tIiwianRpIjoiNWI0ZjA4OGUtMWZmNC00ZjViLTg3NWMtMWVmNmNjYmQ2NTU1IiwiaWF0IjoxNzc1OTI0NzAyLCJleHAiOjE3NzY1Mjk1MDJ9.FkcnNBRW20Yw05xsG9oRSWkOGKy3scmWSvhgqLe-QU9aYozl1Qxs8NMMDtiCxVtWdndfB89HNIXW3tCx6TnWkg	REVOKED	REFRESH_TOKEN
f	2026-04-11 19:31:40.600662	2026-04-18 19:31:40.600364	1	52aa0d18-f5fd-43af-8492-108ba6958091	52986523-786d-4d3a-b59a-e7068753e6ef	\N	eyJhbGciOiJIUzUxMiJ9.eyJzdWIiOiJzaHllc2lsYmFzQGdtYWlsLmNvbSIsImp0aSI6ImUwZDEzYmY5LTM5ZWEtNDNiMS04MDliLWQzYTZmNzIwNDYxNCIsImlhdCI6MTc3NTkyNTEwMCwiZXhwIjoxNzc2NTI5OTAwfQ.vT28qzczttszH8XFAzHfdOWAjTg4j_axwLOC9wU77lwxA6rWnIVs5cXrG2FHKE-y1WcuZUVq2kRVzOpx5nx_og	REVOKED	REFRESH_TOKEN
f	2026-04-11 19:31:40.596966	2026-04-11 19:46:40.596787	1	\N	daddd72d-6cac-40a2-a5ab-ddc00611064a	\N	eyJhbGciOiJIUzUxMiJ9.eyJyb2xlcyI6WyJST0xFX1VTRVIiXSwidXNlcklkIjoxLCJzdWIiOiJzaHllc2lsYmFzQGdtYWlsLmNvbSIsImp0aSI6ImQ3MjMzZGQzLTIyNmEtNGMzMC1hZTA3LWVlNDkzMTVlZTRhOCIsImlhdCI6MTc3NTkyNTEwMCwiZXhwIjoxNzc1OTI2MDAwfQ.nVN-O3wKEowwLbUMq6SvnJqQ4nKKCb-BZ6Rlig2Rpl3-4tCRFkO2wUB-akQFceWrjGTRGPF9zmlbWBU137rDlQ	EXPIRED	ACCESS_TOKEN
f	2026-04-11 19:47:42.840282	2026-04-18 19:47:42.83999	1	52aa0d18-f5fd-43af-8492-108ba6958091	f6f9be29-012c-43c3-9d2a-b6b27045ffd9	52986523-786d-4d3a-b59a-e7068753e6ef	eyJhbGciOiJIUzUxMiJ9.eyJzdWIiOiJzaHllc2lsYmFzQGdtYWlsLmNvbSIsImp0aSI6IjExNmVkMjdiLTVlYWYtNDRkMS1iMWZmLThhYWRjMTY4ZWMyYyIsImlhdCI6MTc3NTkyNjA2MiwiZXhwIjoxNzc2NTMwODYyfQ.GlnO2ZOt9QYEizrFZgQ9qHf2em-t6z3YDFCN2xZNe8oznCXZBwKMS2GN_lRLC57m1EFzbgKlRo1_qk2dcr_z_w	REVOKED	REFRESH_TOKEN
f	2026-04-10 23:24:31.260771	2026-04-17 23:24:31.259678	3	211a86c8-9a37-4255-8587-683feb625c4f	c4974245-c421-4c81-bcf4-29141eb8f472	4d1f5550-223a-41fd-8644-dde30c425c03	eyJhbGciOiJIUzUxMiJ9.eyJzdWIiOiJ2aWN0b3J3QGdtYWlsLmNvbSIsImp0aSI6ImRmNGRhZTEyLWQ0NzItNGYwZi04NGUzLTU2NmYxZmNjZDBlNCIsImlhdCI6MTc3NTg1MjY3MSwiZXhwIjoxNzc2NDU3NDcxfQ.QerR41_fdXwDJBU3FGw0XTzXLO352oohFFZCogo4oouY3oUm1hKfjM7MpnOPlKl8APQ-kUMONd1laS8U0pDEFw	REVOKED	REFRESH_TOKEN
f	2026-04-13 21:55:35.382148	2026-04-20 21:55:35.378002	3	211a86c8-9a37-4255-8587-683feb625c4f	edf8bbd5-4a13-4ad8-8ccd-bb0b8989ffe0	234a799b-caa9-49c5-8c32-5f9bf0ee2424	eyJhbGciOiJIUzUxMiJ9.eyJzdWIiOiJ2aWN0b3J3QGdtYWlsLmNvbSIsImp0aSI6ImQ0NjNkZDkzLTBkYjgtNDJlOS05NzI2LTI1ZjE5MDY4Y2ZjZSIsImlhdCI6MTc3NjEwNjUzNSwiZXhwIjoxNzc2NzExMzM1fQ.CwxzLKxuZgbEbGlwabeRaTWNfFZuOhOKTWRqxHanjjLhavIeA03_-vXTVpLrx5dhTlUGaBeNqlLjhy8i_2k7LA	REVOKED	REFRESH_TOKEN
f	2026-04-11 19:51:19.806824	2026-04-18 19:51:19.806755	3	211a86c8-9a37-4255-8587-683feb625c4f	234a799b-caa9-49c5-8c32-5f9bf0ee2424	c4974245-c421-4c81-bcf4-29141eb8f472	eyJhbGciOiJIUzUxMiJ9.eyJzdWIiOiJ2aWN0b3J3QGdtYWlsLmNvbSIsImp0aSI6IjNmZjU5NTVmLTk5OTgtNDY3OS05NWFkLWI5NjBjNzU1Y2VhZSIsImlhdCI6MTc3NTkyNjI3OSwiZXhwIjoxNzc2NTMxMDc5fQ.NGDVn2OBJr_ZE4Vj6bsTd_vRvB8LJCrkED05Z6I9jj1omDAYrA5JcwYuT8Mi4d5tKRouU9n_eowIzj145PChJg	REVOKED	REFRESH_TOKEN
f	2026-04-13 22:12:27.802729	2026-04-20 22:12:27.800696	3	211a86c8-9a37-4255-8587-683feb625c4f	857476cd-0ed2-4dae-abe9-2f0c023af228	edf8bbd5-4a13-4ad8-8ccd-bb0b8989ffe0	eyJhbGciOiJIUzUxMiJ9.eyJzdWIiOiJ2aWN0b3J3QGdtYWlsLmNvbSIsImp0aSI6IjIyNzFjNTY4LTc0MWUtNDU5MS04NWIyLTg5ZGM1NGFmMTcwMCIsImlhdCI6MTc3NjEwNzU0NywiZXhwIjoxNzc2NzEyMzQ3fQ.t4mCfM21s7lR2w_2ADkvvsWRSItxjLxMtqUlbKKewpd7J5urMwFzIm0jjRSt1jLd8e45lZpxL0esQGXZ22kZkw	REVOKED	REFRESH_TOKEN
f	2026-04-13 22:12:49.139562	2026-04-20 22:12:49.139467	3	211a86c8-9a37-4255-8587-683feb625c4f	2fae639a-8e66-4ed9-ab2f-dcc05b96515f	857476cd-0ed2-4dae-abe9-2f0c023af228	eyJhbGciOiJIUzUxMiJ9.eyJzdWIiOiJ2aWN0b3J3QGdtYWlsLmNvbSIsImp0aSI6IjQ1YmIzNjU4LTMwMDYtNDQ0Yy04Y2JmLWU0NmYzYzk0NWNjMSIsImlhdCI6MTc3NjEwNzU2OSwiZXhwIjoxNzc2NzEyMzY5fQ.hnWG2VfozzBTdL_1-KgqTWU-CO5lrdLSYqa46pkEAR9_joli8esWuIH3Mu-pRp9ds_scVSevXHdYmcMCMDFV9w	REVOKED	REFRESH_TOKEN
f	2026-04-13 22:27:51.851535	2026-04-20 22:27:51.848918	3	211a86c8-9a37-4255-8587-683feb625c4f	7236d5a2-b9bb-410b-ac87-8184715e1ab8	2fae639a-8e66-4ed9-ab2f-dcc05b96515f	eyJhbGciOiJIUzUxMiJ9.eyJzdWIiOiJ2aWN0b3J3QGdtYWlsLmNvbSIsImp0aSI6IjFmNDc0NDBhLTkzMjEtNGUyNC04MjA1LWQ4YjBjOTFiZDI4MiIsImlhdCI6MTc3NjEwODQ3MSwiZXhwIjoxNzc2NzEzMjcxfQ.NutRorMj2mzN5yq-irWh278NwWiSUdTl-sWaNoAxi9Ec7Rql2tnu8LDwoiY73CZldkgugzDZDbSDkGgR9u2SQQ	REVOKED	REFRESH_TOKEN
f	2026-04-13 22:44:43.883467	2026-04-20 22:44:43.88196	3	211a86c8-9a37-4255-8587-683feb625c4f	fe3df77c-28e5-4a1f-ae11-192081ef4876	7236d5a2-b9bb-410b-ac87-8184715e1ab8	eyJhbGciOiJIUzUxMiJ9.eyJzdWIiOiJ2aWN0b3J3QGdtYWlsLmNvbSIsImp0aSI6IjM5NzM0YWQ3LWRhY2YtNDY4YS1iM2QxLWFhN2QxNGIzY2RhMiIsImlhdCI6MTc3NjEwOTQ4MywiZXhwIjoxNzc2NzE0MjgzfQ.0NTAXRBsFn4az1PJfSLqUvHhPHbck58tf7llGgBV7MFDYocKm0uMEz1uhkV-beVyvQ9pf4ouJxvtJf1FcrM1sQ	REVOKED	REFRESH_TOKEN
f	2026-04-13 23:00:42.170748	2026-04-20 23:00:42.167056	3	211a86c8-9a37-4255-8587-683feb625c4f	099cbb79-3315-4b55-8e25-0ccca719e866	fe3df77c-28e5-4a1f-ae11-192081ef4876	eyJhbGciOiJIUzUxMiJ9.eyJzdWIiOiJ2aWN0b3J3QGdtYWlsLmNvbSIsImp0aSI6IjU4ZTcyZDhiLWViMTItNGRiNC1iYmI4LTQzNTA4ZjExMmU0ZCIsImlhdCI6MTc3NjExMDQ0MiwiZXhwIjoxNzc2NzE1MjQyfQ.jn_k4aD3v6ayi4IH43WKpioB9foXMg35HXPxTjlMzftRuikZD-hLpkHP29g_PU74611yYPVPkWujcNqb8CoGuA	REVOKED	REFRESH_TOKEN
f	2026-04-18 00:50:57.623127	2026-04-25 00:50:57.619705	3	211a86c8-9a37-4255-8587-683feb625c4f	61ae681c-9dcb-403e-8b46-ee2fd2b56868	099cbb79-3315-4b55-8e25-0ccca719e866	eyJhbGciOiJIUzUxMiJ9.eyJzdWIiOiJ2aWN0b3J3QGdtYWlsLmNvbSIsImp0aSI6ImYyYjViNGVjLTUwZDMtNGQ1Ny05ZWZkLTUwM2ExYTUxZjZkMiIsImlhdCI6MTc3NjQ2MjY1NywiZXhwIjoxNzc3MDY3NDU3fQ.d4aIJ17OPecPz_6SdeQ3NPAZAkRN_0ldB9k670rvI4FvHgKwVlAwrHFijwDfgNtVxKcPuvZjNrNuEbA0DmUinw	REVOKED	REFRESH_TOKEN
f	2026-04-18 01:09:01.960158	2026-04-25 01:09:01.953776	3	211a86c8-9a37-4255-8587-683feb625c4f	baab7510-09eb-4b1d-822f-b0a6295b2607	61ae681c-9dcb-403e-8b46-ee2fd2b56868	eyJhbGciOiJIUzUxMiJ9.eyJzdWIiOiJ2aWN0b3J3QGdtYWlsLmNvbSIsImp0aSI6ImIxZDIyOTY1LTEyYTktNDkyNC05YTU1LTYzMWQ0NjQyZmU3YSIsImlhdCI6MTc3NjQ2Mzc0MSwiZXhwIjoxNzc3MDY4NTQxfQ._5qts75oYLdWTER48QLzD26d3OYdvQQAAdFBEAUurTiFfviG6KEaztnvwqtuaR4C7nJMBq3YkDy-vsc1RZfAXw	REVOKED	REFRESH_TOKEN
f	2026-04-18 01:26:12.238338	2026-04-25 01:26:12.237509	3	211a86c8-9a37-4255-8587-683feb625c4f	cd83966e-fa68-449a-ad63-2055ef4f1513	baab7510-09eb-4b1d-822f-b0a6295b2607	eyJhbGciOiJIUzUxMiJ9.eyJzdWIiOiJ2aWN0b3J3QGdtYWlsLmNvbSIsImp0aSI6IjVjMjg4YjFlLTY0ZTktNGViMC04Y2I0LTIyYTBlNDM4MjdkMSIsImlhdCI6MTc3NjQ2NDc3MiwiZXhwIjoxNzc3MDY5NTcyfQ.MHAOq2r4enisc7ZqG9U8neuPMxIy_cxfZ5PMKiXthiXdoab7bQYBPS_oo3wCUJJNEVVcLGfrafS9T0nCq9deBw	REVOKED	REFRESH_TOKEN
f	2026-04-18 23:11:01.295531	2026-04-25 23:11:01.292233	3	211a86c8-9a37-4255-8587-683feb625c4f	bb4d8da2-e11d-4537-90c4-fc03c725e50b	368af5ab-e4f6-40c8-86f3-3c9c29c7e074	eyJhbGciOiJIUzUxMiJ9.eyJzdWIiOiJ2aWN0b3J3QGdtYWlsLmNvbSIsImp0aSI6IjM1Y2JiOTBiLTczYWYtNDZkYi1hN2Q0LTM4ZjdjNzM0NzFhZSIsImlhdCI6MTc3NjU0MzA2MSwiZXhwIjoxNzc3MTQ3ODYxfQ.dYsxSGQYTVXw5ZgiXyW66D5bB9mlzsCTBT-jkJkdS3_X_ecr7kCpS4x4IzwYDMeV8xk8yt4FZSuUYZa4UGTLIw	ACTIVE	REFRESH_TOKEN
f	2026-04-18 01:42:25.23215	2026-04-25 01:42:25.224481	3	211a86c8-9a37-4255-8587-683feb625c4f	368af5ab-e4f6-40c8-86f3-3c9c29c7e074	cd83966e-fa68-449a-ad63-2055ef4f1513	eyJhbGciOiJIUzUxMiJ9.eyJzdWIiOiJ2aWN0b3J3QGdtYWlsLmNvbSIsImp0aSI6IjNhNzk3YjI1LTg1OTQtNDcyNS1iYjM4LTc2YzYzNGM4MGQxZiIsImlhdCI6MTc3NjQ2NTc0NSwiZXhwIjoxNzc3MDcwNTQ1fQ.XIbdiBhD6fAy7kQxKBnrK5nlbCoCgcD2xFP8eEtJTT6uIMOUo0dVckc96hXJMl1oukApK-ZEiPkS5F6DVSQu-Q	REVOKED	REFRESH_TOKEN
\.


--
-- Data for Name: user_agreements; Type: TABLE DATA; Schema: public; Owner: postgres
--

COPY public.user_agreements (accepted_date, is_accepted_the_last_version, user_id, agreement_agreement_id, user_agreement_id, accepted_version) FROM stdin;
2026-04-09	t	2	a4c062c3-fc7c-4a36-835c-aadad757a684	afd1411d-968a-4261-864d-069464397c37	1.0.0
2026-04-09	t	2	e0c3f11d-aa76-4899-96a0-78795d5b4712	c45b0a38-7b66-4331-b725-a9aeda7d0efc	1.0.0
2026-04-09	t	2	83e3a642-a94c-4803-b314-2cb8ed91122c	85ac1cbc-5f00-4d6c-8d96-d6b8a8d5835a	1.0.0
2026-04-09	t	3	e0c3f11d-aa76-4899-96a0-78795d5b4712	5e629982-117a-4cda-a2aa-669e55a34633	1.0.0
2026-04-09	t	3	a4c062c3-fc7c-4a36-835c-aadad757a684	f92fcd99-8652-4257-959a-7af04f7eefe0	1.0.0
2026-04-09	t	3	83e3a642-a94c-4803-b314-2cb8ed91122c	a6dfac89-af07-4493-a78e-dbe87bc3bdf9	1.0.0
\.


--
-- Data for Name: user_memories; Type: TABLE DATA; Schema: public; Owner: postgres
--

COPY public.user_memories (user_id, preferred_tone, user_name, second_hand_profile_json, summary_of_past_conversations, user_notes) FROM stdin;
2	Friendly	\N	\N	\N	\N
3	Friendly	\N	{}	\N	User is asking for advice regarding off-platform transactions and commissions. They were previously interested in a MacBook Air M3, though this interaction does not explicitly state it.
\.


--
-- Data for Name: user_memory_interests; Type: TABLE DATA; Schema: public; Owner: postgres
--

COPY public.user_memory_interests (user_id, interest) FROM stdin;
\.


--
-- Data for Name: users; Type: TABLE DATA; Schema: public; Owner: postgres
--

COPY public.users (acc_creation_date, account_verified, birthdate, id, last_login_date, acc_status, email, gender, last_login_ip, name, password, phone, provider, surname) FROM stdin;
2026-04-09	t	2003-02-14	2	2026-04-10 22:35:17.408394	ACTIVE	serhathyesilbas@gmail.com	MALE	\N	Serhat	\N	05321654252	GOOGLE	Yesilbas
2026-04-09	t	2003-02-14	1	2026-04-11 19:31:40.550962	ACTIVE	shyesilbas@gmail.com	MALE	\N	Serhat	\N	05321654251	GOOGLE	Yeşilbaş
2026-04-09	t	2000-12-31	3	2026-04-11 19:51:19.800155	ACTIVE	victorw@gmail.com	MALE	\N	Victor	$2a$10$iCgimxGw/Mw47fEKhtunj.L7OrUSazEtlKtRPifIz3XUqbpxl7L/W	05321112222	\N	Wembenyama
\.


--
-- Data for Name: vehicle_listings; Type: TABLE DATA; Schema: public; Owner: postgres
--

COPY public.vehicle_listings (accident_history, engine_capacity, fuel_capacity, fuel_consumption, horse_power, inspection_valid_until, kilometers_per_liter, mileage, swap, wheels, year, car_brand_id, id, vehicle_model_id, vehicle_type_id, accident_details, body_type, color, doors, drivetrain, fuel_type, gearbox, seat_count) FROM stdin;
f	1984	60	7	204	2032-05-15	\N	8500	f	19	2025	ab403fc3-ae67-4a54-96a7-0d0a7106eb93	189887a6-c226-4e7a-a250-05f4e69d4d9e	57c296b2-a0ad-4790-b427-ca331fe73356	b4f00d58-7102-43b6-8ad2-90dda9cc9569		HATCHBACK	BLACK	FOUR	AWD	GASOLINE	AUTOMATIC	FIVE
\.


--
-- Data for Name: vehicle_models; Type: TABLE DATA; Schema: public; Owner: postgres
--

COPY public.vehicle_models (car_brand_id, id, vehicle_type_id, name) FROM stdin;
ab403fc3-ae67-4a54-96a7-0d0a7106eb93	08084ddc-7730-46ca-8268-b278656b3e5d	b4f00d58-7102-43b6-8ad2-90dda9cc9569	A1
ab403fc3-ae67-4a54-96a7-0d0a7106eb93	f7f199fb-188e-4238-b0fa-b4dd4dd60c92	b4f00d58-7102-43b6-8ad2-90dda9cc9569	A3
ab403fc3-ae67-4a54-96a7-0d0a7106eb93	58b6e4c3-67b6-4a13-9893-cd4f8f2ada77	b4f00d58-7102-43b6-8ad2-90dda9cc9569	A4
ab403fc3-ae67-4a54-96a7-0d0a7106eb93	57c296b2-a0ad-4790-b427-ca331fe73356	b4f00d58-7102-43b6-8ad2-90dda9cc9569	A5
ab403fc3-ae67-4a54-96a7-0d0a7106eb93	55ce19f8-bb7f-4da3-be43-73067f6d6ce2	b4f00d58-7102-43b6-8ad2-90dda9cc9569	A6
ab403fc3-ae67-4a54-96a7-0d0a7106eb93	61e3895e-7c0d-4400-a010-f84aac385f23	b4f00d58-7102-43b6-8ad2-90dda9cc9569	A7
ab403fc3-ae67-4a54-96a7-0d0a7106eb93	60461f7d-0fe4-4bdc-a1b8-81d3015878d9	b4f00d58-7102-43b6-8ad2-90dda9cc9569	A8
ab403fc3-ae67-4a54-96a7-0d0a7106eb93	32754174-2213-4722-b435-7d98837789ee	b4f00d58-7102-43b6-8ad2-90dda9cc9569	Q2
ab403fc3-ae67-4a54-96a7-0d0a7106eb93	133335d9-b690-4f8a-94ad-e15b2d53ade5	b4f00d58-7102-43b6-8ad2-90dda9cc9569	Q3
ab403fc3-ae67-4a54-96a7-0d0a7106eb93	d5e4386d-13d2-4b9e-bddc-ebf36bf2001a	b4f00d58-7102-43b6-8ad2-90dda9cc9569	Q5
ab403fc3-ae67-4a54-96a7-0d0a7106eb93	cf4950b7-a429-491d-abac-2f95519a8e86	b4f00d58-7102-43b6-8ad2-90dda9cc9569	Q7
ab403fc3-ae67-4a54-96a7-0d0a7106eb93	00d1627c-de70-495c-91fa-977a8c2b7cfa	b4f00d58-7102-43b6-8ad2-90dda9cc9569	Q8
ab403fc3-ae67-4a54-96a7-0d0a7106eb93	17f276c1-053f-46c5-afcf-8c80079a8c79	b4f00d58-7102-43b6-8ad2-90dda9cc9569	TT
ab403fc3-ae67-4a54-96a7-0d0a7106eb93	793b697f-78b0-4bf9-b35b-76662522d133	b4f00d58-7102-43b6-8ad2-90dda9cc9569	e-tron
deef708f-a43a-49c3-b417-fe0df4713050	8f20a083-d420-4fb3-9694-e2c2992fbc01	b4f00d58-7102-43b6-8ad2-90dda9cc9569	1 Series
deef708f-a43a-49c3-b417-fe0df4713050	f04c4d2e-ad05-44af-a15a-65df013b57eb	b4f00d58-7102-43b6-8ad2-90dda9cc9569	2 Series
deef708f-a43a-49c3-b417-fe0df4713050	93e32be5-6fb3-48b0-acfe-20298e37cb82	b4f00d58-7102-43b6-8ad2-90dda9cc9569	3 Series
deef708f-a43a-49c3-b417-fe0df4713050	80c1ccb9-cad3-4522-b31d-22394a13e3e7	b4f00d58-7102-43b6-8ad2-90dda9cc9569	4 Series
deef708f-a43a-49c3-b417-fe0df4713050	93671369-2c0c-40c5-8e87-81556c9e080e	b4f00d58-7102-43b6-8ad2-90dda9cc9569	5 Series
deef708f-a43a-49c3-b417-fe0df4713050	a8c5045d-987c-477f-a623-f7a75073f327	b4f00d58-7102-43b6-8ad2-90dda9cc9569	7 Series
deef708f-a43a-49c3-b417-fe0df4713050	8c8af3bc-2b7f-4968-a712-4fcaea0a2227	b4f00d58-7102-43b6-8ad2-90dda9cc9569	8 Series
deef708f-a43a-49c3-b417-fe0df4713050	071c1401-ed16-4024-9476-33e6b214d447	b4f00d58-7102-43b6-8ad2-90dda9cc9569	X1
deef708f-a43a-49c3-b417-fe0df4713050	13e4d640-56a2-4cce-930d-128bdb193a6c	b4f00d58-7102-43b6-8ad2-90dda9cc9569	X2
deef708f-a43a-49c3-b417-fe0df4713050	3641e6fc-ddb4-48ed-8bc2-a53db14df64f	b4f00d58-7102-43b6-8ad2-90dda9cc9569	X3
deef708f-a43a-49c3-b417-fe0df4713050	9ae81934-cfb4-4ca7-a03d-e877f7b5d5bf	b4f00d58-7102-43b6-8ad2-90dda9cc9569	X4
deef708f-a43a-49c3-b417-fe0df4713050	041d9aa9-0179-40c0-bcbf-6cd9d945dc7a	b4f00d58-7102-43b6-8ad2-90dda9cc9569	X5
deef708f-a43a-49c3-b417-fe0df4713050	89e609ef-3d94-47f5-83e5-59dd5be8022a	b4f00d58-7102-43b6-8ad2-90dda9cc9569	X6
deef708f-a43a-49c3-b417-fe0df4713050	33acc9ac-8822-46fd-8fd5-ee0b0a74fa94	b4f00d58-7102-43b6-8ad2-90dda9cc9569	X7
deef708f-a43a-49c3-b417-fe0df4713050	9a4062b5-5924-486d-b160-e27f9ec6b850	b4f00d58-7102-43b6-8ad2-90dda9cc9569	i3
deef708f-a43a-49c3-b417-fe0df4713050	9f029665-9c19-4ad5-adfa-7c315ec2ffbb	b4f00d58-7102-43b6-8ad2-90dda9cc9569	i4
deef708f-a43a-49c3-b417-fe0df4713050	bf0cde16-df91-4dca-93da-b2511abec6f4	b4f00d58-7102-43b6-8ad2-90dda9cc9569	iX
deef708f-a43a-49c3-b417-fe0df4713050	158ab58e-4ae9-40fd-a935-48878037918c	b4f00d58-7102-43b6-8ad2-90dda9cc9569	Z4
df35b6d1-875c-4a4d-b3c9-c9ebb195275b	40e54b6e-0d03-4883-a379-a6176415ad5f	b4f00d58-7102-43b6-8ad2-90dda9cc9569	A-Class
df35b6d1-875c-4a4d-b3c9-c9ebb195275b	eae603c3-3d14-4a1d-b2fb-0391aad6eeda	b4f00d58-7102-43b6-8ad2-90dda9cc9569	B-Class
df35b6d1-875c-4a4d-b3c9-c9ebb195275b	cde125f8-9721-43ef-b23f-f5708bbc989e	b4f00d58-7102-43b6-8ad2-90dda9cc9569	C-Class
df35b6d1-875c-4a4d-b3c9-c9ebb195275b	ce9296af-431a-4490-b0ba-5f76db52bc1f	b4f00d58-7102-43b6-8ad2-90dda9cc9569	E-Class
df35b6d1-875c-4a4d-b3c9-c9ebb195275b	d64b657a-b0f4-4800-9d73-a214226d8384	b4f00d58-7102-43b6-8ad2-90dda9cc9569	S-Class
df35b6d1-875c-4a4d-b3c9-c9ebb195275b	ee5bffa8-ef43-468b-b6d7-eb76f69f7036	b4f00d58-7102-43b6-8ad2-90dda9cc9569	CLA
df35b6d1-875c-4a4d-b3c9-c9ebb195275b	ec0dd08f-d1c4-4ca0-b482-6532a92b1de0	b4f00d58-7102-43b6-8ad2-90dda9cc9569	CLS
df35b6d1-875c-4a4d-b3c9-c9ebb195275b	de2d601c-a66b-4e25-a174-e2572067cfd3	b4f00d58-7102-43b6-8ad2-90dda9cc9569	GLA
df35b6d1-875c-4a4d-b3c9-c9ebb195275b	78c0b483-d5b3-44d7-8a3e-a75a9409dd6d	b4f00d58-7102-43b6-8ad2-90dda9cc9569	GLB
df35b6d1-875c-4a4d-b3c9-c9ebb195275b	8618c658-d1c5-4c49-9aaa-f4bf78aaf7eb	b4f00d58-7102-43b6-8ad2-90dda9cc9569	GLC
df35b6d1-875c-4a4d-b3c9-c9ebb195275b	72502852-8b06-4dcf-a282-7735742f93bc	b4f00d58-7102-43b6-8ad2-90dda9cc9569	GLE
df35b6d1-875c-4a4d-b3c9-c9ebb195275b	64c4d85f-0434-4e50-9b1c-3d5298a4e133	b4f00d58-7102-43b6-8ad2-90dda9cc9569	GLS
df35b6d1-875c-4a4d-b3c9-c9ebb195275b	12e76fa4-b89b-4181-8ce9-5120aa8d1aef	b4f00d58-7102-43b6-8ad2-90dda9cc9569	G-Class
df35b6d1-875c-4a4d-b3c9-c9ebb195275b	efebdd98-14dc-4071-8107-523adf02bd66	b4f00d58-7102-43b6-8ad2-90dda9cc9569	EQB
df35b6d1-875c-4a4d-b3c9-c9ebb195275b	5cacbd61-20a9-4b2c-9560-a4e1d3c95dfe	b4f00d58-7102-43b6-8ad2-90dda9cc9569	EQC
df35b6d1-875c-4a4d-b3c9-c9ebb195275b	20f4ce51-514d-4c83-8772-3e4b63908c1f	b4f00d58-7102-43b6-8ad2-90dda9cc9569	EQS
12372a61-7f56-41f6-9e2b-d2af0cb68898	96b5e0d1-33aa-445c-8358-c07104b16409	b4f00d58-7102-43b6-8ad2-90dda9cc9569	Corolla
12372a61-7f56-41f6-9e2b-d2af0cb68898	5e05ece2-e9b8-4fcd-bac4-ece5669a0f02	b4f00d58-7102-43b6-8ad2-90dda9cc9569	Yaris
12372a61-7f56-41f6-9e2b-d2af0cb68898	6ed29c70-4524-41c1-abc0-a25f40614d9e	b4f00d58-7102-43b6-8ad2-90dda9cc9569	Auris
12372a61-7f56-41f6-9e2b-d2af0cb68898	3f774254-8346-4083-84f6-17466cc1ebef	b4f00d58-7102-43b6-8ad2-90dda9cc9569	C-HR
12372a61-7f56-41f6-9e2b-d2af0cb68898	73dded4e-d3dd-4cc3-8db3-5a7a06ec60d2	b4f00d58-7102-43b6-8ad2-90dda9cc9569	RAV4
12372a61-7f56-41f6-9e2b-d2af0cb68898	b23d8025-0b7a-4f91-adb3-f51c2d58abfe	b4f00d58-7102-43b6-8ad2-90dda9cc9569	Hilux
12372a61-7f56-41f6-9e2b-d2af0cb68898	39ebae5c-4d70-4406-a725-f4bf8b79206f	b4f00d58-7102-43b6-8ad2-90dda9cc9569	Land Cruiser
12372a61-7f56-41f6-9e2b-d2af0cb68898	2a62267c-6f34-4152-b7aa-ccfddeb16748	b4f00d58-7102-43b6-8ad2-90dda9cc9569	Camry
12372a61-7f56-41f6-9e2b-d2af0cb68898	4efe1487-5903-4722-8ef8-019348a2b127	b4f00d58-7102-43b6-8ad2-90dda9cc9569	Prius
12372a61-7f56-41f6-9e2b-d2af0cb68898	1de35e9e-ef38-4b43-8840-c3a6df6d73cb	b4f00d58-7102-43b6-8ad2-90dda9cc9569	Proace
12372a61-7f56-41f6-9e2b-d2af0cb68898	0155116a-bb83-4675-b06c-aba521a633ce	b4f00d58-7102-43b6-8ad2-90dda9cc9569	Supra
c46cdbf2-f26d-4cdc-af79-fc55e43e7e00	56f458a5-a6d6-496d-970d-56cbd9031e68	b4f00d58-7102-43b6-8ad2-90dda9cc9569	Polo
c46cdbf2-f26d-4cdc-af79-fc55e43e7e00	e2d2cda7-5e2b-41fc-99b4-23a68b318f15	b4f00d58-7102-43b6-8ad2-90dda9cc9569	Golf
c46cdbf2-f26d-4cdc-af79-fc55e43e7e00	423d1667-182f-440f-bcb2-1a3c3a594c88	b4f00d58-7102-43b6-8ad2-90dda9cc9569	Jetta
c46cdbf2-f26d-4cdc-af79-fc55e43e7e00	d3a4ed36-3e65-45ed-ae3b-22d3968af426	b4f00d58-7102-43b6-8ad2-90dda9cc9569	Passat
c46cdbf2-f26d-4cdc-af79-fc55e43e7e00	75706e8d-0a5c-4cb8-a7d9-77489bea82b7	b4f00d58-7102-43b6-8ad2-90dda9cc9569	Arteon
c46cdbf2-f26d-4cdc-af79-fc55e43e7e00	880e8b6b-105a-4bdf-bffa-c760543fff51	b4f00d58-7102-43b6-8ad2-90dda9cc9569	T-Cross
c46cdbf2-f26d-4cdc-af79-fc55e43e7e00	e1a8b186-6f2f-4045-98fa-7e2ebe1403ee	b4f00d58-7102-43b6-8ad2-90dda9cc9569	T-Roc
c46cdbf2-f26d-4cdc-af79-fc55e43e7e00	2cbc47d5-400f-4ec6-9d64-70ad0067de20	b4f00d58-7102-43b6-8ad2-90dda9cc9569	Tiguan
c46cdbf2-f26d-4cdc-af79-fc55e43e7e00	bfb13694-b2e4-4add-ba43-930e95ef372c	b4f00d58-7102-43b6-8ad2-90dda9cc9569	Touareg
c46cdbf2-f26d-4cdc-af79-fc55e43e7e00	f399212b-9898-454e-bf6a-1760b9fbbbca	b4f00d58-7102-43b6-8ad2-90dda9cc9569	Transporter
c46cdbf2-f26d-4cdc-af79-fc55e43e7e00	a658e6ec-c766-423c-b93a-8a2c1a379051	b4f00d58-7102-43b6-8ad2-90dda9cc9569	ID.3
c46cdbf2-f26d-4cdc-af79-fc55e43e7e00	48a41297-cfb8-415e-a4ca-1a1bda749f38	b4f00d58-7102-43b6-8ad2-90dda9cc9569	ID.4
c46cdbf2-f26d-4cdc-af79-fc55e43e7e00	74841317-19ac-4dd6-a1a3-56d6e3e26bba	b4f00d58-7102-43b6-8ad2-90dda9cc9569	ID.7
1065e0cd-792e-47c6-8898-3f1ff63287d0	80cd2adc-48d9-4265-aa97-c524451cd12d	b4f00d58-7102-43b6-8ad2-90dda9cc9569	i10
1065e0cd-792e-47c6-8898-3f1ff63287d0	c43b11b9-87fe-47b3-8bea-4c2cea1c22d4	b4f00d58-7102-43b6-8ad2-90dda9cc9569	i20
1065e0cd-792e-47c6-8898-3f1ff63287d0	5fa7c33a-ac05-4421-8843-33fabcec2e7e	b4f00d58-7102-43b6-8ad2-90dda9cc9569	i30
1065e0cd-792e-47c6-8898-3f1ff63287d0	e37620a4-aa57-49ca-99ad-334d13664c18	b4f00d58-7102-43b6-8ad2-90dda9cc9569	Elantra
1065e0cd-792e-47c6-8898-3f1ff63287d0	1f7dd0da-7d5c-46f5-a5ba-4fd9f3946ae0	b4f00d58-7102-43b6-8ad2-90dda9cc9569	Accent
1065e0cd-792e-47c6-8898-3f1ff63287d0	6f7e8e9a-51db-4a30-a95c-d31d36d18b85	b4f00d58-7102-43b6-8ad2-90dda9cc9569	Bayon
1065e0cd-792e-47c6-8898-3f1ff63287d0	35c03c6c-1475-4e98-8d67-fed754b692c8	b4f00d58-7102-43b6-8ad2-90dda9cc9569	Kona
1065e0cd-792e-47c6-8898-3f1ff63287d0	b495d1c4-67d8-480d-843b-1a19816e57bc	b4f00d58-7102-43b6-8ad2-90dda9cc9569	Tucson
1065e0cd-792e-47c6-8898-3f1ff63287d0	0bf64db3-e226-4646-8d75-0d01b7f5b595	b4f00d58-7102-43b6-8ad2-90dda9cc9569	Santa Fe
1065e0cd-792e-47c6-8898-3f1ff63287d0	293435e4-2613-4184-bca8-7a8b79f4a41a	b4f00d58-7102-43b6-8ad2-90dda9cc9569	IONIQ 5
1065e0cd-792e-47c6-8898-3f1ff63287d0	587358a6-6c63-453f-b39d-5b6b344920d5	b4f00d58-7102-43b6-8ad2-90dda9cc9569	IONIQ 6
c7304179-717f-4d19-b714-a143c0360913	cea982fb-acad-4101-ae81-b8fddcd879a9	b4f00d58-7102-43b6-8ad2-90dda9cc9569	208
c7304179-717f-4d19-b714-a143c0360913	a8b31a79-7048-4a36-9479-890165e29eab	b4f00d58-7102-43b6-8ad2-90dda9cc9569	308
c7304179-717f-4d19-b714-a143c0360913	7996d3ca-5455-4a86-8950-cc07993a4666	b4f00d58-7102-43b6-8ad2-90dda9cc9569	508
c7304179-717f-4d19-b714-a143c0360913	fd5d53ae-6b52-4ec0-bdb7-89bf422cfa3c	b4f00d58-7102-43b6-8ad2-90dda9cc9569	2008
c7304179-717f-4d19-b714-a143c0360913	1e1a7e03-8214-46cf-bcda-bcb5ae6c7af6	b4f00d58-7102-43b6-8ad2-90dda9cc9569	3008
c7304179-717f-4d19-b714-a143c0360913	dfff0d28-95b3-44fe-9b2b-c02457b2ed6c	b4f00d58-7102-43b6-8ad2-90dda9cc9569	5008
c7304179-717f-4d19-b714-a143c0360913	36cc075b-ab61-46dd-84b8-4aea753c8dcf	b4f00d58-7102-43b6-8ad2-90dda9cc9569	Rifter
c7304179-717f-4d19-b714-a143c0360913	90ccd6dc-4f29-492a-9c54-2c8a282ee426	b4f00d58-7102-43b6-8ad2-90dda9cc9569	Partner
c7304179-717f-4d19-b714-a143c0360913	f80c23a9-9cf0-44cd-9ae0-7a468496d65e	b4f00d58-7102-43b6-8ad2-90dda9cc9569	Traveller
019c4a6a-316c-4596-8b31-90374e015a0a	bb8abcfd-fc4a-4b37-984b-85c1d203cc2b	b4f00d58-7102-43b6-8ad2-90dda9cc9569	Micra
019c4a6a-316c-4596-8b31-90374e015a0a	901139d1-2d4b-4ecf-827f-af19d7835681	b4f00d58-7102-43b6-8ad2-90dda9cc9569	Juke
019c4a6a-316c-4596-8b31-90374e015a0a	a5838784-5095-4a4c-9045-aec0b68252cf	b4f00d58-7102-43b6-8ad2-90dda9cc9569	Qashqai
019c4a6a-316c-4596-8b31-90374e015a0a	3d0ba120-4284-4fb9-aecf-91462020ea3e	b4f00d58-7102-43b6-8ad2-90dda9cc9569	X-Trail
019c4a6a-316c-4596-8b31-90374e015a0a	9eaa5982-248c-40bc-8763-3b54d55959bf	b4f00d58-7102-43b6-8ad2-90dda9cc9569	Navara
019c4a6a-316c-4596-8b31-90374e015a0a	472f3c63-5a3c-40eb-9c61-c86cdf24e5fc	b4f00d58-7102-43b6-8ad2-90dda9cc9569	Leaf
82433360-1213-426b-8303-aa5a0f08f633	e9f39d25-98af-45b9-9da5-cd6a47918ed5	b4f00d58-7102-43b6-8ad2-90dda9cc9569	Picanto
82433360-1213-426b-8303-aa5a0f08f633	296848ad-b5a1-49d1-a90f-bfc85e951c40	b4f00d58-7102-43b6-8ad2-90dda9cc9569	Rio
82433360-1213-426b-8303-aa5a0f08f633	1d4c24d0-3627-4232-8e67-d2a22d6cbb60	b4f00d58-7102-43b6-8ad2-90dda9cc9569	Ceed
82433360-1213-426b-8303-aa5a0f08f633	a387b750-a9a8-4f1a-b67f-4852d57c0de2	b4f00d58-7102-43b6-8ad2-90dda9cc9569	Stonic
82433360-1213-426b-8303-aa5a0f08f633	6d82fd0b-a6dd-4914-8001-415d43cb7386	b4f00d58-7102-43b6-8ad2-90dda9cc9569	Sportage
82433360-1213-426b-8303-aa5a0f08f633	aa7a7606-181b-402c-b97a-8bd581c5efdb	b4f00d58-7102-43b6-8ad2-90dda9cc9569	Sorento
82433360-1213-426b-8303-aa5a0f08f633	51cd4aa0-37e5-42fd-bc7b-414855ff57dc	b4f00d58-7102-43b6-8ad2-90dda9cc9569	EV6
82433360-1213-426b-8303-aa5a0f08f633	292b9d44-1ec2-42c6-89d7-84f06b34c150	b4f00d58-7102-43b6-8ad2-90dda9cc9569	Niro
d7c190a0-5b44-41c1-8da2-193ce2008298	4cecf691-c660-4193-b9ed-52caac975fb2	b4f00d58-7102-43b6-8ad2-90dda9cc9569	Fiesta
d7c190a0-5b44-41c1-8da2-193ce2008298	6d5aa855-599c-4256-80e1-f57ee448d407	b4f00d58-7102-43b6-8ad2-90dda9cc9569	Focus
d7c190a0-5b44-41c1-8da2-193ce2008298	cbf01851-f246-4cc6-8e5f-7e7f43974a07	b4f00d58-7102-43b6-8ad2-90dda9cc9569	Mondeo
d7c190a0-5b44-41c1-8da2-193ce2008298	fecaa7a3-14a8-4f82-a7dc-c79873c8b5fa	b4f00d58-7102-43b6-8ad2-90dda9cc9569	Puma
d7c190a0-5b44-41c1-8da2-193ce2008298	24d06362-777f-4acb-809f-02cc3ede67c6	b4f00d58-7102-43b6-8ad2-90dda9cc9569	Kuga
d7c190a0-5b44-41c1-8da2-193ce2008298	33b8c0e1-54bb-4ad3-bb7b-9312d4364387	b4f00d58-7102-43b6-8ad2-90dda9cc9569	Edge
d7c190a0-5b44-41c1-8da2-193ce2008298	711eacdf-6b9c-4efd-9e9f-ab74c60136b6	b4f00d58-7102-43b6-8ad2-90dda9cc9569	Ranger
d7c190a0-5b44-41c1-8da2-193ce2008298	6e193127-60f3-4981-a8d9-90e19365426c	b4f00d58-7102-43b6-8ad2-90dda9cc9569	Transit
d7c190a0-5b44-41c1-8da2-193ce2008298	4b7930e3-013c-442a-9e1c-5913eb19dd88	b4f00d58-7102-43b6-8ad2-90dda9cc9569	Mustang
d7c190a0-5b44-41c1-8da2-193ce2008298	5f32964d-ad1f-47f2-a9e4-bfa30bac2664	b4f00d58-7102-43b6-8ad2-90dda9cc9569	Explorer
15b28d7c-65f3-41df-b65d-c0da7956be3d	50f5c182-aead-4f9d-83e3-5d8ac6d49ac7	b4f00d58-7102-43b6-8ad2-90dda9cc9569	Swift
15b28d7c-65f3-41df-b65d-c0da7956be3d	df66862e-2d23-4d35-a295-cd07b4f202e8	b4f00d58-7102-43b6-8ad2-90dda9cc9569	Vitara
15b28d7c-65f3-41df-b65d-c0da7956be3d	cf848af2-2757-4d80-91e4-9b8d4a4f14a8	b4f00d58-7102-43b6-8ad2-90dda9cc9569	S-Cross
15b28d7c-65f3-41df-b65d-c0da7956be3d	067e3c37-551c-49fe-981a-9e9641c5c267	b4f00d58-7102-43b6-8ad2-90dda9cc9569	Jimny
15b28d7c-65f3-41df-b65d-c0da7956be3d	ac455439-4499-40df-a366-e36f85d6a9a1	b4f00d58-7102-43b6-8ad2-90dda9cc9569	Ignis
6613ea24-acff-4495-8d8b-9e0642fc8356	da8a41b1-b43f-4cba-a34c-a8a925d93380	b4f00d58-7102-43b6-8ad2-90dda9cc9569	T10X
f65906a5-99bb-43ab-a862-58d3625844f0	e006ceaf-29dc-41ff-a9bd-c1951fe39bb2	b4f00d58-7102-43b6-8ad2-90dda9cc9569	Clio
f65906a5-99bb-43ab-a862-58d3625844f0	89fb3edb-60b2-4f1a-bff9-0632b5bdf623	b4f00d58-7102-43b6-8ad2-90dda9cc9569	Megane
f65906a5-99bb-43ab-a862-58d3625844f0	8ba83ead-df25-4179-81d4-5bc57a598b8e	b4f00d58-7102-43b6-8ad2-90dda9cc9569	Talisman
f65906a5-99bb-43ab-a862-58d3625844f0	42295ea2-fe61-4ede-b0ae-dc2b168b3977	b4f00d58-7102-43b6-8ad2-90dda9cc9569	Captur
f65906a5-99bb-43ab-a862-58d3625844f0	b85a059e-f689-4ee8-9a73-7a41a1649d87	b4f00d58-7102-43b6-8ad2-90dda9cc9569	Kadjar
f65906a5-99bb-43ab-a862-58d3625844f0	7db094f4-1a49-4f05-b619-05436264c0da	b4f00d58-7102-43b6-8ad2-90dda9cc9569	Austral
f65906a5-99bb-43ab-a862-58d3625844f0	94b87c93-6ea5-4922-b0ec-e4ec9653ee58	b4f00d58-7102-43b6-8ad2-90dda9cc9569	Koleos
f65906a5-99bb-43ab-a862-58d3625844f0	a21618a4-37ba-482c-a819-76303d1f213f	b4f00d58-7102-43b6-8ad2-90dda9cc9569	Symbol
f65906a5-99bb-43ab-a862-58d3625844f0	f4038c88-89d4-4bec-9bc4-8d7d90cf6ec2	b4f00d58-7102-43b6-8ad2-90dda9cc9569	Kangoo
581e6c77-eab2-4d1d-ade7-2ef56e493503	c4ca42db-b602-4836-b499-2a3e0d1639f8	b4f00d58-7102-43b6-8ad2-90dda9cc9569	Fabia
581e6c77-eab2-4d1d-ade7-2ef56e493503	46931dba-1a17-426a-a8f5-8d7accf3119d	b4f00d58-7102-43b6-8ad2-90dda9cc9569	Scala
581e6c77-eab2-4d1d-ade7-2ef56e493503	c7032c51-ed6e-4e6a-8123-fdaa545a404b	b4f00d58-7102-43b6-8ad2-90dda9cc9569	Octavia
581e6c77-eab2-4d1d-ade7-2ef56e493503	7631747f-842e-4731-bc1b-ba5b7811625d	b4f00d58-7102-43b6-8ad2-90dda9cc9569	Superb
581e6c77-eab2-4d1d-ade7-2ef56e493503	0ea59fce-c9d1-4e61-8d51-7609756b7a04	b4f00d58-7102-43b6-8ad2-90dda9cc9569	Kamiq
581e6c77-eab2-4d1d-ade7-2ef56e493503	01874327-14d5-438e-9178-66bd8f2f02f7	b4f00d58-7102-43b6-8ad2-90dda9cc9569	Karoq
581e6c77-eab2-4d1d-ade7-2ef56e493503	5014ddca-bb8f-4fa0-be72-baa137fafbec	b4f00d58-7102-43b6-8ad2-90dda9cc9569	Kodiaq
581e6c77-eab2-4d1d-ade7-2ef56e493503	00f0568d-54aa-44e8-a6c4-36578e5501cf	b4f00d58-7102-43b6-8ad2-90dda9cc9569	Enyaq
bcc81f33-7fad-48f6-91cf-6e28dd8f4db0	7c23dfea-55ab-472d-878a-9696a52b4327	b4f00d58-7102-43b6-8ad2-90dda9cc9569	Ibiza
bcc81f33-7fad-48f6-91cf-6e28dd8f4db0	8942e49c-6d80-4e09-b31f-61e02039be6f	b4f00d58-7102-43b6-8ad2-90dda9cc9569	Leon
bcc81f33-7fad-48f6-91cf-6e28dd8f4db0	3225a936-81ae-4d77-a9c4-d99f56937849	b4f00d58-7102-43b6-8ad2-90dda9cc9569	Arona
bcc81f33-7fad-48f6-91cf-6e28dd8f4db0	216eec4e-4247-4100-9ced-7c53ab8f8b04	b4f00d58-7102-43b6-8ad2-90dda9cc9569	Ateca
bcc81f33-7fad-48f6-91cf-6e28dd8f4db0	f80155d1-bd5f-426b-94ed-17ee26483a26	b4f00d58-7102-43b6-8ad2-90dda9cc9569	Tarraco
401723e4-79d5-4ef4-aa3c-6371b0f2e87c	fb7c1c05-af9d-4fd1-832f-7bab6612ce5d	b4f00d58-7102-43b6-8ad2-90dda9cc9569	Formentor
401723e4-79d5-4ef4-aa3c-6371b0f2e87c	44e332f1-8cda-4183-b078-bc61df7890fb	b4f00d58-7102-43b6-8ad2-90dda9cc9569	Ateca
401723e4-79d5-4ef4-aa3c-6371b0f2e87c	8c08462a-0ab7-45f5-be70-7339a6205512	b4f00d58-7102-43b6-8ad2-90dda9cc9569	Leon
401723e4-79d5-4ef4-aa3c-6371b0f2e87c	f1b427ff-b155-4ddd-94b2-1c9509a84e92	b4f00d58-7102-43b6-8ad2-90dda9cc9569	Born
60cf6b69-1738-4561-afb7-c39e68088735	6a07e8f7-4811-48e9-8cc8-18f0b89a55a0	b4f00d58-7102-43b6-8ad2-90dda9cc9569	Jazz
60cf6b69-1738-4561-afb7-c39e68088735	17bb6700-9a27-4b44-bf8b-a35c34910ebf	b4f00d58-7102-43b6-8ad2-90dda9cc9569	Civic
60cf6b69-1738-4561-afb7-c39e68088735	19e7b06f-392e-4171-994f-b98389a81895	b4f00d58-7102-43b6-8ad2-90dda9cc9569	Accord
60cf6b69-1738-4561-afb7-c39e68088735	f9eee173-e854-4663-aa20-8e770adc8eb0	b4f00d58-7102-43b6-8ad2-90dda9cc9569	CR-V
60cf6b69-1738-4561-afb7-c39e68088735	8ac53f79-3944-4a9d-b7e2-161894085ad6	b4f00d58-7102-43b6-8ad2-90dda9cc9569	HR-V
60cf6b69-1738-4561-afb7-c39e68088735	13f5301f-b15a-4dc3-bc4b-31b0137acbc4	b4f00d58-7102-43b6-8ad2-90dda9cc9569	ZR-V
91356b95-d28c-45b9-8727-59bd437efd3e	32bf51c3-3297-46f5-9f5c-cb8fd8479f0e	b4f00d58-7102-43b6-8ad2-90dda9cc9569	Corsa
91356b95-d28c-45b9-8727-59bd437efd3e	5153abbc-65e7-4898-862b-76e167968e5b	b4f00d58-7102-43b6-8ad2-90dda9cc9569	Astra
91356b95-d28c-45b9-8727-59bd437efd3e	bcd07add-07a8-4eaf-8869-a34fbbe698b7	b4f00d58-7102-43b6-8ad2-90dda9cc9569	Insignia
91356b95-d28c-45b9-8727-59bd437efd3e	002dcf5b-a926-46cd-bba7-7b449bebb4cf	b4f00d58-7102-43b6-8ad2-90dda9cc9569	Mokka
91356b95-d28c-45b9-8727-59bd437efd3e	a40474e9-702e-47c6-ab0d-8ba6b55d0cfb	b4f00d58-7102-43b6-8ad2-90dda9cc9569	Crossland
91356b95-d28c-45b9-8727-59bd437efd3e	f612eb0b-d668-4460-a5e1-f70109389223	b4f00d58-7102-43b6-8ad2-90dda9cc9569	Grandland
91356b95-d28c-45b9-8727-59bd437efd3e	b10238c7-d83a-4b37-996e-de14b35c1f8c	b4f00d58-7102-43b6-8ad2-90dda9cc9569	Combo
2ec71668-f935-4032-af23-03fdda36e44e	a994ca02-05b1-4bad-ab03-3c8f36fd6394	b4f00d58-7102-43b6-8ad2-90dda9cc9569	Model 3
2ec71668-f935-4032-af23-03fdda36e44e	96fd8eb7-d194-415c-a560-b40fe5599f8a	b4f00d58-7102-43b6-8ad2-90dda9cc9569	Model S
2ec71668-f935-4032-af23-03fdda36e44e	d35f410c-9724-443e-adb0-8896dd2a21a7	b4f00d58-7102-43b6-8ad2-90dda9cc9569	Model X
2ec71668-f935-4032-af23-03fdda36e44e	cfbf8aea-8009-4ddd-a658-d051d659a553	b4f00d58-7102-43b6-8ad2-90dda9cc9569	Model Y
17325a3c-c8d5-4c64-ac0b-ae1c5be928df	cb6e59bf-7dfc-4130-9111-0092761036fb	b4f00d58-7102-43b6-8ad2-90dda9cc9569	Egea
17325a3c-c8d5-4c64-ac0b-ae1c5be928df	d58456c1-0e64-4451-b12d-009589dbffdc	b4f00d58-7102-43b6-8ad2-90dda9cc9569	500
17325a3c-c8d5-4c64-ac0b-ae1c5be928df	faa8c092-7823-4165-a632-b62aa0fc9a8e	b4f00d58-7102-43b6-8ad2-90dda9cc9569	500X
17325a3c-c8d5-4c64-ac0b-ae1c5be928df	6025c848-ea45-4e10-87b8-b16c1e6d5fd0	b4f00d58-7102-43b6-8ad2-90dda9cc9569	Panda
17325a3c-c8d5-4c64-ac0b-ae1c5be928df	fee8f52e-4078-400e-a240-7c44cfdaa3ea	b4f00d58-7102-43b6-8ad2-90dda9cc9569	Doblo
17325a3c-c8d5-4c64-ac0b-ae1c5be928df	2542ba58-70b4-4954-99cf-f07b0bdf19c5	b4f00d58-7102-43b6-8ad2-90dda9cc9569	Fiorino
17325a3c-c8d5-4c64-ac0b-ae1c5be928df	e55a0c8a-ddca-4ee8-8030-d7a788dd2e45	b4f00d58-7102-43b6-8ad2-90dda9cc9569	Tipo
fc41f466-d7ff-4c2f-a458-6fc869896c5c	30b73bf3-5290-4cbc-939f-dc75f428a03e	b4f00d58-7102-43b6-8ad2-90dda9cc9569	Renegade
fc41f466-d7ff-4c2f-a458-6fc869896c5c	c06f1367-1f52-43ff-aebb-e7ab0e41a31b	b4f00d58-7102-43b6-8ad2-90dda9cc9569	Compass
fc41f466-d7ff-4c2f-a458-6fc869896c5c	9b882c6d-db29-4ff6-8390-036767bfd8f2	b4f00d58-7102-43b6-8ad2-90dda9cc9569	Cherokee
fc41f466-d7ff-4c2f-a458-6fc869896c5c	499edf74-b329-4da4-b5df-650d95e8b7ac	b4f00d58-7102-43b6-8ad2-90dda9cc9569	Grand Cherokee
fc41f466-d7ff-4c2f-a458-6fc869896c5c	cc938e38-9795-4ac2-aa4d-fd9c60b77b56	b4f00d58-7102-43b6-8ad2-90dda9cc9569	Wrangler
15ee84b1-7c67-4bfd-a6b4-d92e2cb2918a	54b44244-a78a-4f17-bfad-4cb36f737282	b4f00d58-7102-43b6-8ad2-90dda9cc9569	S60
15ee84b1-7c67-4bfd-a6b4-d92e2cb2918a	321da8fc-1ec0-4a8f-9e76-3ef93fc3cffa	b4f00d58-7102-43b6-8ad2-90dda9cc9569	S90
15ee84b1-7c67-4bfd-a6b4-d92e2cb2918a	02985816-9c92-4db6-814e-d03edc16876b	b4f00d58-7102-43b6-8ad2-90dda9cc9569	V60
15ee84b1-7c67-4bfd-a6b4-d92e2cb2918a	7106b41a-98d2-4aba-a148-f7fc4c8134e4	b4f00d58-7102-43b6-8ad2-90dda9cc9569	V90
15ee84b1-7c67-4bfd-a6b4-d92e2cb2918a	63564d7d-f5f6-44cf-ae3f-ca2ae9bfd089	b4f00d58-7102-43b6-8ad2-90dda9cc9569	XC40
15ee84b1-7c67-4bfd-a6b4-d92e2cb2918a	358e56e8-e43b-4e17-a71f-43b897304a59	b4f00d58-7102-43b6-8ad2-90dda9cc9569	XC60
15ee84b1-7c67-4bfd-a6b4-d92e2cb2918a	67ef584d-9512-47e2-91c8-8d6c59604bed	b4f00d58-7102-43b6-8ad2-90dda9cc9569	XC90
15ee84b1-7c67-4bfd-a6b4-d92e2cb2918a	d1b3d72e-dca3-4d3c-ac71-6412d3a71e30	b4f00d58-7102-43b6-8ad2-90dda9cc9569	EX30
15ee84b1-7c67-4bfd-a6b4-d92e2cb2918a	47ba0cd6-76e4-4d29-ba6a-6cd565d0fc42	b4f00d58-7102-43b6-8ad2-90dda9cc9569	EX90
f014ccd7-306b-4a4b-ae23-dcc9dbe1e168	0a838495-804d-474e-8353-5754d6a5e2ae	b4f00d58-7102-43b6-8ad2-90dda9cc9569	C3
f014ccd7-306b-4a4b-ae23-dcc9dbe1e168	daa8b9de-c64d-47cb-890e-65f6668a7eb9	b4f00d58-7102-43b6-8ad2-90dda9cc9569	C4
f014ccd7-306b-4a4b-ae23-dcc9dbe1e168	acfa0e4d-77f3-4aea-9110-0a23fce9e08e	b4f00d58-7102-43b6-8ad2-90dda9cc9569	C4 X
f014ccd7-306b-4a4b-ae23-dcc9dbe1e168	e9ac312b-3815-4af9-a5df-050579967350	b4f00d58-7102-43b6-8ad2-90dda9cc9569	C5 Aircross
f014ccd7-306b-4a4b-ae23-dcc9dbe1e168	6de4087b-9124-4313-ac97-59ace0e40f2f	b4f00d58-7102-43b6-8ad2-90dda9cc9569	Berlingo
f014ccd7-306b-4a4b-ae23-dcc9dbe1e168	edfa8959-2b1d-4173-876e-96a568d192dc	b4f00d58-7102-43b6-8ad2-90dda9cc9569	Jumpy
430f9ae7-7910-4f77-8fa7-2c7eee769cd5	cc21b9ce-10fc-443c-9519-8735488af79c	b4f00d58-7102-43b6-8ad2-90dda9cc9569	Mazda2
430f9ae7-7910-4f77-8fa7-2c7eee769cd5	4ccbfcfa-afaf-4e05-b46c-a964f0d001c6	b4f00d58-7102-43b6-8ad2-90dda9cc9569	Mazda3
430f9ae7-7910-4f77-8fa7-2c7eee769cd5	3b9a5538-4db1-4dc6-8d52-b272deee349e	b4f00d58-7102-43b6-8ad2-90dda9cc9569	Mazda6
430f9ae7-7910-4f77-8fa7-2c7eee769cd5	a49d53f9-c534-4585-bf44-1bbf6b6268b6	b4f00d58-7102-43b6-8ad2-90dda9cc9569	CX-3
430f9ae7-7910-4f77-8fa7-2c7eee769cd5	00b977be-3038-40d7-90de-97b3e90d0280	b4f00d58-7102-43b6-8ad2-90dda9cc9569	CX-30
430f9ae7-7910-4f77-8fa7-2c7eee769cd5	4365fe6a-3580-40ae-924d-0900fdb6382a	b4f00d58-7102-43b6-8ad2-90dda9cc9569	CX-5
430f9ae7-7910-4f77-8fa7-2c7eee769cd5	a6ba9f38-08f0-44d4-91c1-1787ee63ae07	b4f00d58-7102-43b6-8ad2-90dda9cc9569	CX-60
975114d1-3085-4421-a975-7a4c3e202edd	ca40f159-3808-4e5d-963f-4c1445395598	b4f00d58-7102-43b6-8ad2-90dda9cc9569	Cooper
975114d1-3085-4421-a975-7a4c3e202edd	95f5a1d0-43c2-4383-8e8b-8409cd530712	b4f00d58-7102-43b6-8ad2-90dda9cc9569	Cooper S
975114d1-3085-4421-a975-7a4c3e202edd	892246f9-e2d9-45d3-aed0-38a50c8df18c	b4f00d58-7102-43b6-8ad2-90dda9cc9569	Clubman
975114d1-3085-4421-a975-7a4c3e202edd	44488f0e-40ae-4077-a9cb-7418098b7035	b4f00d58-7102-43b6-8ad2-90dda9cc9569	Countryman
975114d1-3085-4421-a975-7a4c3e202edd	2b0884fb-e1ea-458c-a17f-a306df87a53e	b4f00d58-7102-43b6-8ad2-90dda9cc9569	John Cooper Works
b78fe13b-2067-4d66-8aaa-56791cf09cd9	d097e142-4098-44d2-8ff1-200910f0dddd	b4f00d58-7102-43b6-8ad2-90dda9cc9569	911
b78fe13b-2067-4d66-8aaa-56791cf09cd9	c12b8cbd-804e-4102-ba98-3fef64a5f084	b4f00d58-7102-43b6-8ad2-90dda9cc9569	Cayenne
b78fe13b-2067-4d66-8aaa-56791cf09cd9	60c0a9cd-e417-4e7c-900c-5690e09e390b	b4f00d58-7102-43b6-8ad2-90dda9cc9569	Macan
b78fe13b-2067-4d66-8aaa-56791cf09cd9	9eb2a88b-9e70-4ab1-9a30-ea4ba2c0e646	b4f00d58-7102-43b6-8ad2-90dda9cc9569	Panamera
b78fe13b-2067-4d66-8aaa-56791cf09cd9	62286e78-1db3-456a-9c31-2899a4890bfd	b4f00d58-7102-43b6-8ad2-90dda9cc9569	Taycan
b78fe13b-2067-4d66-8aaa-56791cf09cd9	eb373703-9aa2-4050-90eb-566e9cc909d0	b4f00d58-7102-43b6-8ad2-90dda9cc9569	Boxster
b78fe13b-2067-4d66-8aaa-56791cf09cd9	5ab6c470-1cba-42bc-8eb0-4274b17deee7	b4f00d58-7102-43b6-8ad2-90dda9cc9569	Cayman
4252be75-64c4-4864-b3c5-3c07bd0a901d	86cc7b4b-40b2-4314-ba5e-94ce3efbc06a	b4f00d58-7102-43b6-8ad2-90dda9cc9569	Giulia
4252be75-64c4-4864-b3c5-3c07bd0a901d	b0968c80-8ca4-41b9-8443-9a8b1468b112	b4f00d58-7102-43b6-8ad2-90dda9cc9569	Stelvio
4252be75-64c4-4864-b3c5-3c07bd0a901d	c25871ac-621d-43b9-9731-0da5635816bc	b4f00d58-7102-43b6-8ad2-90dda9cc9569	Tonale
4252be75-64c4-4864-b3c5-3c07bd0a901d	6c4df39b-19b4-492c-914b-32a0ffbf121a	b4f00d58-7102-43b6-8ad2-90dda9cc9569	Giulietta
4252be75-64c4-4864-b3c5-3c07bd0a901d	8e85a624-514a-4498-bb04-d3bc3f3835c9	b4f00d58-7102-43b6-8ad2-90dda9cc9569	MiTo
b3005bcd-bdba-45a9-866c-9bfb96016b6f	de6f4fb5-6642-43d2-ba74-c1e350c4deb9	b4f00d58-7102-43b6-8ad2-90dda9cc9569	Defender
b3005bcd-bdba-45a9-866c-9bfb96016b6f	f6575dff-ed07-4f6c-bd6f-7bc8f7abda3d	b4f00d58-7102-43b6-8ad2-90dda9cc9569	Discovery
b3005bcd-bdba-45a9-866c-9bfb96016b6f	a9296c52-db94-456d-8559-8c1428f2e36f	b4f00d58-7102-43b6-8ad2-90dda9cc9569	Discovery Sport
b3005bcd-bdba-45a9-866c-9bfb96016b6f	456b20a1-9cf4-4fcd-9807-f1d954208b92	b4f00d58-7102-43b6-8ad2-90dda9cc9569	Range Rover
b3005bcd-bdba-45a9-866c-9bfb96016b6f	9520448e-ba0f-46d1-880d-84d7c36654fc	b4f00d58-7102-43b6-8ad2-90dda9cc9569	Range Rover Sport
b3005bcd-bdba-45a9-866c-9bfb96016b6f	33924de3-60df-4a57-954f-63ff24088892	b4f00d58-7102-43b6-8ad2-90dda9cc9569	Range Rover Evoque
b3005bcd-bdba-45a9-866c-9bfb96016b6f	3771e219-4042-4e98-a2d4-facc5af08fd2	b4f00d58-7102-43b6-8ad2-90dda9cc9569	Range Rover Velar
1b662419-52dd-488f-95bb-ba326dcd22fd	1a5ad28e-ed09-4c24-a151-4aea732edf93	b4f00d58-7102-43b6-8ad2-90dda9cc9569	Sandero
1b662419-52dd-488f-95bb-ba326dcd22fd	66bb1332-c225-447c-b618-e7abf3486d5b	b4f00d58-7102-43b6-8ad2-90dda9cc9569	Logan
1b662419-52dd-488f-95bb-ba326dcd22fd	558389c1-5307-4328-8012-a933f6a988a2	b4f00d58-7102-43b6-8ad2-90dda9cc9569	Duster
1b662419-52dd-488f-95bb-ba326dcd22fd	2b7fd36b-b07d-46b9-95f6-c282c52692f9	b4f00d58-7102-43b6-8ad2-90dda9cc9569	Jogger
1b662419-52dd-488f-95bb-ba326dcd22fd	2584c977-a7a1-4a88-bb0d-1ea4110cc3db	b4f00d58-7102-43b6-8ad2-90dda9cc9569	Spring
c1e64a1a-0ead-43cf-b13a-d9e17ff55e4e	107da1ed-938a-4971-b560-034433319fce	b4f00d58-7102-43b6-8ad2-90dda9cc9569	Lancer
c1e64a1a-0ead-43cf-b13a-d9e17ff55e4e	21395dca-05d5-4957-8bac-69d56f8bf351	b4f00d58-7102-43b6-8ad2-90dda9cc9569	ASX
c1e64a1a-0ead-43cf-b13a-d9e17ff55e4e	212fedea-04b3-46ba-85da-9f38e956c479	b4f00d58-7102-43b6-8ad2-90dda9cc9569	Eclipse Cross
c1e64a1a-0ead-43cf-b13a-d9e17ff55e4e	40796104-5266-42f6-8828-ed8eca572305	b4f00d58-7102-43b6-8ad2-90dda9cc9569	Outlander
c1e64a1a-0ead-43cf-b13a-d9e17ff55e4e	3ed22437-72a5-40f0-bb64-5b0564026a63	b4f00d58-7102-43b6-8ad2-90dda9cc9569	Pajero
bc162dbd-9c13-43c2-9cb0-322f7088615c	7274b021-9963-465c-b533-c17af63d9010	b4f00d58-7102-43b6-8ad2-90dda9cc9569	Impreza
bc162dbd-9c13-43c2-9cb0-322f7088615c	f27ae29a-cbda-47c2-a8ad-b98890c2b847	b4f00d58-7102-43b6-8ad2-90dda9cc9569	Legacy
bc162dbd-9c13-43c2-9cb0-322f7088615c	e05c58d2-4cd2-44dc-9b4d-70bed9deed1f	b4f00d58-7102-43b6-8ad2-90dda9cc9569	Forester
bc162dbd-9c13-43c2-9cb0-322f7088615c	4e69406b-8601-41a7-8acf-0c5a70379358	b4f00d58-7102-43b6-8ad2-90dda9cc9569	Outback
bc162dbd-9c13-43c2-9cb0-322f7088615c	ac390785-0428-4fba-87d5-831300c126f6	b4f00d58-7102-43b6-8ad2-90dda9cc9569	XV
5799ad62-136a-443e-98ca-93a244caedde	84f0262f-4f09-4bfc-b774-22ea3aa5be23	b4f00d58-7102-43b6-8ad2-90dda9cc9569	Spark
5799ad62-136a-443e-98ca-93a244caedde	4ec5eff0-369b-4d4d-8705-cae461ec094a	b4f00d58-7102-43b6-8ad2-90dda9cc9569	Aveo
5799ad62-136a-443e-98ca-93a244caedde	943daaa0-d5a4-45e1-87bb-093ca5738ccd	b4f00d58-7102-43b6-8ad2-90dda9cc9569	Cruze
5799ad62-136a-443e-98ca-93a244caedde	9120240a-3357-451b-bacc-357967eceb12	b4f00d58-7102-43b6-8ad2-90dda9cc9569	Captiva
5799ad62-136a-443e-98ca-93a244caedde	5104d091-c1ee-4205-9d96-f2cd89c73a9d	b4f00d58-7102-43b6-8ad2-90dda9cc9569	Camaro
df396d97-b9c1-4406-9d29-e9ee08a2df4f	bd10f9b2-9bdb-477e-8e01-e9a359c18eb5	b4f00d58-7102-43b6-8ad2-90dda9cc9569	CT
df396d97-b9c1-4406-9d29-e9ee08a2df4f	48584229-ac20-41ec-9580-60cb04d7cb69	b4f00d58-7102-43b6-8ad2-90dda9cc9569	IS
df396d97-b9c1-4406-9d29-e9ee08a2df4f	6362886e-b284-492d-adca-adc0b76dcf2a	b4f00d58-7102-43b6-8ad2-90dda9cc9569	ES
df396d97-b9c1-4406-9d29-e9ee08a2df4f	6910a3e4-dafd-41c0-9116-177bcfc8b2c2	b4f00d58-7102-43b6-8ad2-90dda9cc9569	GS
df396d97-b9c1-4406-9d29-e9ee08a2df4f	dd5fcebb-4d01-437d-a6c5-e7082e8558b8	b4f00d58-7102-43b6-8ad2-90dda9cc9569	LS
df396d97-b9c1-4406-9d29-e9ee08a2df4f	9390531f-33cb-4d4e-818a-79010354e873	b4f00d58-7102-43b6-8ad2-90dda9cc9569	UX
df396d97-b9c1-4406-9d29-e9ee08a2df4f	a0be7291-02e0-4ca0-93c5-8850e8df4512	b4f00d58-7102-43b6-8ad2-90dda9cc9569	NX
df396d97-b9c1-4406-9d29-e9ee08a2df4f	497d181a-438d-40a3-9e8f-bdc7ab4f1072	b4f00d58-7102-43b6-8ad2-90dda9cc9569	RX
d66a283b-0157-45b3-893d-938734493667	6a1e32cc-5cd4-427b-891e-3bf9d00cdd1e	b4f00d58-7102-43b6-8ad2-90dda9cc9569	Tiggo 7 Pro
d66a283b-0157-45b3-893d-938734493667	e3ab9088-9b30-4b2e-8ade-083c4b4ce5bd	b4f00d58-7102-43b6-8ad2-90dda9cc9569	Tiggo 8 Pro
d66a283b-0157-45b3-893d-938734493667	54357738-3557-4610-ad0e-3bb07fcfb643	b4f00d58-7102-43b6-8ad2-90dda9cc9569	Omoda 5
ba2278ae-1d2d-438f-83e1-e609a2b638b3	5bf09cc4-b2f3-4f01-920c-56962512c789	b4f00d58-7102-43b6-8ad2-90dda9cc9569	ZS
ba2278ae-1d2d-438f-83e1-e609a2b638b3	f0024b50-66a5-4230-ac30-31c6f1e4d39e	b4f00d58-7102-43b6-8ad2-90dda9cc9569	HS
ba2278ae-1d2d-438f-83e1-e609a2b638b3	e5045f95-88e9-4202-b1b0-3a72a1aacdd3	b4f00d58-7102-43b6-8ad2-90dda9cc9569	MG4
ba2278ae-1d2d-438f-83e1-e609a2b638b3	c5129bdb-15f3-407d-ad86-9b8307d4180f	b4f00d58-7102-43b6-8ad2-90dda9cc9569	Marvel R
ba2278ae-1d2d-438f-83e1-e609a2b638b3	aa2d354e-8c77-48ae-8d48-dd59828e2059	b4f00d58-7102-43b6-8ad2-90dda9cc9569	RX5
6dda3fd3-9b8b-4de4-a6f2-e730b494d78b	17ea6384-04e2-4eb6-a394-46a215713ce9	b4f00d58-7102-43b6-8ad2-90dda9cc9569	Atto 3
6dda3fd3-9b8b-4de4-a6f2-e730b494d78b	585061ee-39a2-455b-a86c-5ba2377cd870	b4f00d58-7102-43b6-8ad2-90dda9cc9569	Dolphin
6dda3fd3-9b8b-4de4-a6f2-e730b494d78b	39eca923-51f8-4987-a75c-39e7a45e789a	b4f00d58-7102-43b6-8ad2-90dda9cc9569	Seal
6dda3fd3-9b8b-4de4-a6f2-e730b494d78b	04bedfe2-8217-44d2-ad95-1a1e65f0a004	b4f00d58-7102-43b6-8ad2-90dda9cc9569	Han
6dda3fd3-9b8b-4de4-a6f2-e730b494d78b	df06a58a-90c5-4ee0-a0c7-e8efed297814	b4f00d58-7102-43b6-8ad2-90dda9cc9569	Tang
744784c7-85cd-49b8-9406-e4ea9dc5bc52	20827ac6-80f9-4725-a93f-ef6b4b893d38	b4f00d58-7102-43b6-8ad2-90dda9cc9569	XE
744784c7-85cd-49b8-9406-e4ea9dc5bc52	cc5d1363-d463-4afb-b11c-2e57dea33294	b4f00d58-7102-43b6-8ad2-90dda9cc9569	XF
744784c7-85cd-49b8-9406-e4ea9dc5bc52	0ece2973-fa4b-45bd-bb19-53c32d197dce	b4f00d58-7102-43b6-8ad2-90dda9cc9569	XJ
744784c7-85cd-49b8-9406-e4ea9dc5bc52	f2c23b72-301e-4e42-86b2-392a9b4d833d	b4f00d58-7102-43b6-8ad2-90dda9cc9569	F-Pace
744784c7-85cd-49b8-9406-e4ea9dc5bc52	c7d999eb-3393-4d86-944a-832ed105ba2c	b4f00d58-7102-43b6-8ad2-90dda9cc9569	E-Pace
744784c7-85cd-49b8-9406-e4ea9dc5bc52	45bfde57-3602-46ff-a4ff-d3853bead194	b4f00d58-7102-43b6-8ad2-90dda9cc9569	I-Pace
cd3fb67b-a2fa-4051-a919-c6e9c5668472	108be96b-b256-4372-8a2e-120d524081e3	b4f00d58-7102-43b6-8ad2-90dda9cc9569	Q30
cd3fb67b-a2fa-4051-a919-c6e9c5668472	812b49d7-d872-40f8-bcb3-fccbbe923faf	b4f00d58-7102-43b6-8ad2-90dda9cc9569	Q50
cd3fb67b-a2fa-4051-a919-c6e9c5668472	8a8ae699-88cd-4a8a-ae2d-ae3b9c204ecd	b4f00d58-7102-43b6-8ad2-90dda9cc9569	Q60
cd3fb67b-a2fa-4051-a919-c6e9c5668472	034402a9-6dd5-4bae-b52c-c2799c3f8a90	b4f00d58-7102-43b6-8ad2-90dda9cc9569	QX30
cd3fb67b-a2fa-4051-a919-c6e9c5668472	df7e0387-5798-4326-a23f-2ac572e5a569	b4f00d58-7102-43b6-8ad2-90dda9cc9569	QX50
cd3fb67b-a2fa-4051-a919-c6e9c5668472	abcc3474-7ae6-4f9f-9e09-793f984a6cd4	b4f00d58-7102-43b6-8ad2-90dda9cc9569	QX70
60cf6b69-1738-4561-afb7-c39e68088735	820a90f8-2f53-4a69-a3ad-67b62ec59cff	eb4a194f-ae03-4ccf-bbb9-a9ff3269ff18	CBR 600RR
60cf6b69-1738-4561-afb7-c39e68088735	2f8ff1aa-531c-431c-97c6-1071d75195fc	eb4a194f-ae03-4ccf-bbb9-a9ff3269ff18	CB 650R
60cf6b69-1738-4561-afb7-c39e68088735	dbd84b14-ae66-4dd5-b8df-b51cf6ea416c	eb4a194f-ae03-4ccf-bbb9-a9ff3269ff18	Africa Twin
eb121c5e-f78f-4f9a-8273-86465728f4be	0a479c9a-aedb-4c3d-99b9-fc8b2c4185aa	eb4a194f-ae03-4ccf-bbb9-a9ff3269ff18	MT-07
eb121c5e-f78f-4f9a-8273-86465728f4be	d4b7dfc5-8fe5-4f2a-b86d-5c7c75722845	eb4a194f-ae03-4ccf-bbb9-a9ff3269ff18	R6
eb121c5e-f78f-4f9a-8273-86465728f4be	1b9037e1-a704-4059-a282-5ee8f70841a5	eb4a194f-ae03-4ccf-bbb9-a9ff3269ff18	Tenere 700
3748fb34-22d8-4454-9627-47d85e1b017d	3420ace5-f7b7-4d75-9f6b-8991b1e714f2	eb4a194f-ae03-4ccf-bbb9-a9ff3269ff18	Ninja 400
3748fb34-22d8-4454-9627-47d85e1b017d	12517584-6afd-4804-b874-94375efe33ff	eb4a194f-ae03-4ccf-bbb9-a9ff3269ff18	Z900
deef708f-a43a-49c3-b417-fe0df4713050	89c8237d-cfdf-43ec-a92a-ba60f3825a9d	eb4a194f-ae03-4ccf-bbb9-a9ff3269ff18	R 1250 GS
deef708f-a43a-49c3-b417-fe0df4713050	a053ee49-1039-429a-be90-8631639fea9a	eb4a194f-ae03-4ccf-bbb9-a9ff3269ff18	S 1000 RR
ceaf6af0-1a31-44a4-b643-1e9cad2f032e	ba9ab8df-4f96-4400-bd5c-68a3f5aab7e9	eb4a194f-ae03-4ccf-bbb9-a9ff3269ff18	Monster
ceaf6af0-1a31-44a4-b643-1e9cad2f032e	87205d22-faee-4b9a-81a9-2d734b4dbcb0	eb4a194f-ae03-4ccf-bbb9-a9ff3269ff18	Panigale V4
87116170-98e7-4396-bf74-ebb5a4ef61e2	fd0e55e4-4625-4897-9ed3-03f398b93953	eb4a194f-ae03-4ccf-bbb9-a9ff3269ff18	390 Duke
87116170-98e7-4396-bf74-ebb5a4ef61e2	2ff35b39-1c4e-4d48-8fff-16cda4942e1d	eb4a194f-ae03-4ccf-bbb9-a9ff3269ff18	1290 Super Duke R
98818daf-aa30-4cae-9ba3-b9a8a7803366	0e1f044a-acff-4c7c-8e60-450e4b5eb9fc	eb4a194f-ae03-4ccf-bbb9-a9ff3269ff18	Street Triple
98818daf-aa30-4cae-9ba3-b9a8a7803366	b76b423d-b07d-49ad-8c2c-82ea48013f6f	eb4a194f-ae03-4ccf-bbb9-a9ff3269ff18	Tiger 900
fd630a5c-121b-424c-b9eb-361b81c263d8	375dc99b-1f5f-419f-b6bf-f13788fa0bde	eb4a194f-ae03-4ccf-bbb9-a9ff3269ff18	Iron 883
fd630a5c-121b-424c-b9eb-361b81c263d8	d22121ff-e45b-4702-9915-17d4c3ff23e7	eb4a194f-ae03-4ccf-bbb9-a9ff3269ff18	Street Bob
941b26e1-f286-45c5-8a73-b789cd083f7d	c72c61cd-5e88-4143-a88d-ee3910f4fc8d	f14335b8-08c7-428a-98d4-816ea8590feb	Primavera 150
941b26e1-f286-45c5-8a73-b789cd083f7d	ddf2fbb3-9759-4774-8d23-1796d5760e62	f14335b8-08c7-428a-98d4-816ea8590feb	GTS 300
eb121c5e-f78f-4f9a-8273-86465728f4be	fa07ace4-a5bf-4af4-8ed4-94a54cfd14c5	f14335b8-08c7-428a-98d4-816ea8590feb	NMAX 125
60cf6b69-1738-4561-afb7-c39e68088735	64732a34-2a4e-4b4b-8bfe-91759cdc4db8	f14335b8-08c7-428a-98d4-816ea8590feb	PCX 125
\.


--
-- Data for Name: vehicle_types; Type: TABLE DATA; Schema: public; Owner: postgres
--

COPY public.vehicle_types (id, label, name) FROM stdin;
b4f00d58-7102-43b6-8ad2-90dda9cc9569	Car	CAR
eb4a194f-ae03-4ccf-bbb9-a9ff3269ff18	Motorcycle	MOTORCYCLE
f14335b8-08c7-428a-98d4-816ea8590feb	Scooter	SCOOTER
e875da24-2b95-4e1f-8bce-45cfa60f7c64	Bicycle	BICYCLE
2e0fbe4f-2af6-4ed3-a3c9-1b7bef413809	Truck	TRUCK
9050e6de-1b19-4ec4-9400-b6569d5d2eac	Van	VAN
0dd8e7ab-fa6f-469f-9e9b-4746cff423db	Other	OTHER
\.


--
-- Data for Name: verification_codes; Type: TABLE DATA; Schema: public; Owner: postgres
--

COPY public.verification_codes (is_verified, verification_attempt_left, code_expires_at, created_at, user_id, id, code, code_type) FROM stdin;
t	3	2026-04-09 11:36:15.36402	2026-04-09 11:34:30.61625	2	f3c21809-3adf-4bac-9cba-2122c29874b2	242105	PAYMENT_VERIFICATION
f	3	2026-04-09 11:41:15.160402	2026-04-09 11:38:15.160401	2	e806571a-9f78-45a3-be3e-8bc19ff2a011	654794	PAYMENT_VERIFICATION
t	3	2026-04-09 11:38:15.160392	2026-04-09 11:36:15.364029	2	b57d7fa3-7188-4092-a8c4-3059182d05ee	125965	PAYMENT_VERIFICATION
f	3	2026-04-09 11:44:40.048339	2026-04-09 11:41:40.048299	2	1af32265-e56c-437b-96f8-27c49648d01d	545376	PAYMENT_VERIFICATION
t	3	2026-04-09 22:22:02.556611	2026-04-09 22:19:02.556594	3	857e7d70-2c0c-4bb5-a3e9-799eb7d7e38f	461348	ACCOUNT_VERIFICATION
f	3	2026-04-09 22:25:14.196182	2026-04-09 22:22:14.196179	2	282d2733-5ce5-4076-af60-21a5864563ee	221763	PAYMENT_VERIFICATION
f	3	2026-04-09 22:37:56.476486	2026-04-09 22:34:56.476484	1	b3e39975-6319-4000-9d1d-0106fd6848d0	858543	PAYMENT_VERIFICATION
f	3	2026-04-09 22:41:53.828607	2026-04-09 22:38:53.828578	1	acaaede7-2bfb-495c-8440-85281b60175f	445219	PAYMENT_VERIFICATION
f	3	2026-04-09 23:36:59.664015	2026-04-09 23:33:59.664008	3	18b7faef-3bd8-4624-ae9c-c445539ad75f	244438	PAYMENT_VERIFICATION
f	3	2026-04-10 16:43:27.627929	2026-04-10 16:40:27.627922	1	c132dd91-f7b2-41bf-b44d-0e2ace82a250	247583	PAYMENT_VERIFICATION
f	3	2026-04-10 18:06:47.229741	2026-04-10 18:03:47.229731	1	7ea8f3cd-543a-4e11-b5ac-c8ff266de8e0	815375	PAYMENT_VERIFICATION
f	3	2026-04-10 18:12:54.978429	2026-04-10 18:09:54.978424	1	d805e29e-37e2-4d2e-8469-e12d105a5f79	777981	PAYMENT_VERIFICATION
f	3	2026-04-10 22:32:32.672586	2026-04-10 22:29:32.672581	3	196f5bd1-33d9-4a55-a405-9eb9898c04d8	494078	PAYMENT_VERIFICATION
f	3	2026-04-11 13:56:29.804989	2026-04-11 13:53:29.804982	2	0288fb36-b642-49e3-80b0-1c78faf5d23c	294523	PAYMENT_VERIFICATION
f	3	2026-04-11 14:08:37.718365	2026-04-11 14:05:37.718358	2	d5d57377-8713-48c1-84db-379fd2014d3c	262337	PAYMENT_VERIFICATION
f	3	2026-04-11 19:41:22.063952	2026-04-11 19:38:22.063943	1	369a2d79-1386-4344-8f94-feed260b1c12	517812	PAYMENT_VERIFICATION
f	3	2026-04-11 19:53:55.038389	2026-04-11 19:50:55.038386	1	0c759e72-3b00-47d5-ae23-c7611018af1e	903823	PAYMENT_VERIFICATION
f	3	2026-04-13 22:30:16.624901	2026-04-13 22:27:16.624894	3	6f2ed192-dc0e-4896-bb63-bae389362f69	480537	PAYMENT_VERIFICATION
\.


--
-- Name: addresses_id_seq; Type: SEQUENCE SET; Schema: public; Owner: postgres
--

SELECT pg_catalog.setval('public.addresses_id_seq', 3, true);


--
-- Name: audit_logs_id_seq; Type: SEQUENCE SET; Schema: public; Owner: postgres
--

SELECT pg_catalog.setval('public.audit_logs_id_seq', 30, true);


--
-- Name: carts_id_seq; Type: SEQUENCE SET; Schema: public; Owner: postgres
--

SELECT pg_catalog.setval('public.carts_id_seq', 11, true);


--
-- Name: chat_messages_id_seq; Type: SEQUENCE SET; Schema: public; Owner: postgres
--

SELECT pg_catalog.setval('public.chat_messages_id_seq', 28, true);


--
-- Name: chat_rooms_id_seq; Type: SEQUENCE SET; Schema: public; Owner: postgres
--

SELECT pg_catalog.setval('public.chat_rooms_id_seq', 2, true);


--
-- Name: favorite_list_items_id_seq; Type: SEQUENCE SET; Schema: public; Owner: postgres
--

SELECT pg_catalog.setval('public.favorite_list_items_id_seq', 1, false);


--
-- Name: favorite_list_likes_id_seq; Type: SEQUENCE SET; Schema: public; Owner: postgres
--

SELECT pg_catalog.setval('public.favorite_list_likes_id_seq', 1, false);


--
-- Name: favorite_lists_id_seq; Type: SEQUENCE SET; Schema: public; Owner: postgres
--

SELECT pg_catalog.setval('public.favorite_lists_id_seq', 1, false);


--
-- Name: favorites_id_seq; Type: SEQUENCE SET; Schema: public; Owner: postgres
--

SELECT pg_catalog.setval('public.favorites_id_seq', 2, true);


--
-- Name: forum_comment_id_seq; Type: SEQUENCE SET; Schema: public; Owner: postgres
--

SELECT pg_catalog.setval('public.forum_comment_id_seq', 1, false);


--
-- Name: forum_comment_reaction_id_seq; Type: SEQUENCE SET; Schema: public; Owner: postgres
--

SELECT pg_catalog.setval('public.forum_comment_reaction_id_seq', 1, false);


--
-- Name: forum_thread_id_seq; Type: SEQUENCE SET; Schema: public; Owner: postgres
--

SELECT pg_catalog.setval('public.forum_thread_id_seq', 1, false);


--
-- Name: forum_thread_reaction_id_seq; Type: SEQUENCE SET; Schema: public; Owner: postgres
--

SELECT pg_catalog.setval('public.forum_thread_reaction_id_seq', 1, false);


--
-- Name: messages_id_seq; Type: SEQUENCE SET; Schema: public; Owner: postgres
--

SELECT pg_catalog.setval('public.messages_id_seq', 2, true);


--
-- Name: order_item_cancels_id_seq; Type: SEQUENCE SET; Schema: public; Owner: postgres
--

SELECT pg_catalog.setval('public.order_item_cancels_id_seq', 1, true);


--
-- Name: order_item_escrows_id_seq; Type: SEQUENCE SET; Schema: public; Owner: postgres
--

SELECT pg_catalog.setval('public.order_item_escrows_id_seq', 9, true);


--
-- Name: order_item_refunds_id_seq; Type: SEQUENCE SET; Schema: public; Owner: postgres
--

SELECT pg_catalog.setval('public.order_item_refunds_id_seq', 1, false);


--
-- Name: order_items_id_seq; Type: SEQUENCE SET; Schema: public; Owner: postgres
--

SELECT pg_catalog.setval('public.order_items_id_seq', 11, true);


--
-- Name: orders_id_seq; Type: SEQUENCE SET; Schema: public; Owner: postgres
--

SELECT pg_catalog.setval('public.orders_id_seq', 9, true);


--
-- Name: price_history_id_seq; Type: SEQUENCE SET; Schema: public; Owner: postgres
--

SELECT pg_catalog.setval('public.price_history_id_seq', 1, true);


--
-- Name: reviews_id_seq; Type: SEQUENCE SET; Schema: public; Owner: postgres
--

SELECT pg_catalog.setval('public.reviews_id_seq', 7, true);


--
-- Name: seller_follows_id_seq; Type: SEQUENCE SET; Schema: public; Owner: postgres
--

SELECT pg_catalog.setval('public.seller_follows_id_seq', 1, true);


--
-- Name: shippings_id_seq; Type: SEQUENCE SET; Schema: public; Owner: postgres
--

SELECT pg_catalog.setval('public.shippings_id_seq', 9, true);


--
-- Name: users_id_seq; Type: SEQUENCE SET; Schema: public; Owner: postgres
--

SELECT pg_catalog.setval('public.users_id_seq', 3, true);


--
-- Name: 17518..17530; Type: BLOB METADATA; Schema: -; Owner: postgres
--

SELECT pg_catalog.lo_create('17518');
SELECT pg_catalog.lo_create('17519');
SELECT pg_catalog.lo_create('17520');
SELECT pg_catalog.lo_create('17521');
SELECT pg_catalog.lo_create('17523');
SELECT pg_catalog.lo_create('17524');
SELECT pg_catalog.lo_create('17525');
SELECT pg_catalog.lo_create('17526');
SELECT pg_catalog.lo_create('17527');
SELECT pg_catalog.lo_create('17529');
SELECT pg_catalog.lo_create('17530');

ALTER LARGE OBJECT 17518 OWNER TO postgres;
ALTER LARGE OBJECT 17519 OWNER TO postgres;
ALTER LARGE OBJECT 17520 OWNER TO postgres;
ALTER LARGE OBJECT 17521 OWNER TO postgres;
ALTER LARGE OBJECT 17523 OWNER TO postgres;
ALTER LARGE OBJECT 17524 OWNER TO postgres;
ALTER LARGE OBJECT 17525 OWNER TO postgres;
ALTER LARGE OBJECT 17526 OWNER TO postgres;
ALTER LARGE OBJECT 17527 OWNER TO postgres;
ALTER LARGE OBJECT 17529 OWNER TO postgres;
ALTER LARGE OBJECT 17530 OWNER TO postgres;

--
-- Data for Name: 17518..17530; Type: BLOBS; Schema: -; Owner: postgres
--

BEGIN;

SELECT pg_catalog.lo_open('17518', 131072);
SELECT pg_catalog.lowrite(0, '\x48656c6c6f');
SELECT pg_catalog.lo_close(0);

SELECT pg_catalog.lo_open('17519', 131072);
SELECT pg_catalog.lowrite(0, '\x48656c6c6f2074686572652120486f772063616e20492068656c7020796f7520746f6461793f');
SELECT pg_catalog.lo_close(0);

SELECT pg_catalog.lo_open('17520', 131072);
SELECT pg_catalog.lowrite(0, '\x48656c6c6f');
SELECT pg_catalog.lo_close(0);

SELECT pg_catalog.lo_open('17521', 131072);
SELECT pg_catalog.lowrite(0, '\x48656c6c6f207468657265212049276d20417572612c20796f757220617373697374616e7420666f7220746865205365636f6e6448616e64206d61726b6574706c6163652e0a0a596f752772652063757272656e746c79206f6e207468652063617465676f72792073656c656374696f6e20706167652e20486f772063616e20492061737369737420796f7520746f6461793f2041726520796f75206c6f6f6b696e6720666f7220736f6d657468696e672073706563696669632c206f7220646f20796f75206e6565642068656c70206e617669676174696e672074686520706c6174666f726d3f');
SELECT pg_catalog.lo_close(0);

SELECT pg_catalog.lo_open('17523', 131072);
SELECT pg_catalog.lowrite(0, '\x49276d206c6f6f6b696e6720666f72206120636172');
SELECT pg_catalog.lo_close(0);

SELECT pg_catalog.lo_open('17524', 131072);
SELECT pg_catalog.lowrite(0, '\x486172696b6121205365636f6e6448616e6427646520617261c3a7206172616d616b2069c3a7696e20646fc49f727520796572646573696e697a2e0a0a417261c3a720696c616e6c6172c4b16ec4b12067c3b6726d656b2069c3a7696e20646fc49f727564616e202a2a417261c3a72a2a206b617465676f726973696e65206769646562696c697273696e697a3a205b5365636f6e6448616e6420417261c3a720c4b06c616e6c6172c4b15d2868747470733a2f2f7777772e7365636f6e6468616e642e636f6d2f6c697374696e67733f63617465676f72793d56454849434c4526747970653d436172290a0a427520736179666164612c20617261c3a720746970692c206d61726b612c206d6f64656c2c2079c4b16c2c2079616bc4b1742c207669746573207665206b696c6f6d65747265206769626920626972c3a76f6b2066696c7472657969206b756c6c616e6172616b206172616d616ec4b17ac4b120646172616c746162696c697273696e697a2e');
SELECT pg_catalog.lo_close(0);

SELECT pg_catalog.lo_open('17525', 131072);
SELECT pg_catalog.lowrite(0, '\x73656e2068616e6769206d6f64656c69206b756c6c616ec4b1796f7273756e');
SELECT pg_catalog.lo_close(0);

SELECT pg_catalog.lo_open('17526', 131072);
SELECT pg_catalog.lowrite(0, '\x42656e205365636f6e6448616e6420757967756c616d6173c4b16ec4b16e207961706179207a656b61206173697374616ec4b120417572612779c4b16d2e2048616e6769207961706179207a656b61206d6f64656c696e69206b756c6c616e64c4b1c49fc4b16d2062696c67697369207061796c61c59fc4b16c616e206269722062696c6769206465c49f696c2e2053616e6120706c6174666f726d6c6120696c67696c69206e6173c4b16c2079617264c4b16d63c4b1206f6c6162696c6972696d3f20c396726e65c49f696e2c20c3bc72c3bc6e2062756c6d612c20696c616e206f6c75c59f7475726d61207665796120736970617269c59f6c6572696e2068616b6bc4b16e64612062696c6769207665726d652067696269206b6f6e756c617264612064657374656b206f6c6162696c6972696d2e');
SELECT pg_catalog.lo_close(0);

SELECT pg_catalog.lo_open('17527', 131072);
SELECT pg_catalog.lowrite(0, '\x7b7d');
SELECT pg_catalog.lo_close(0);

SELECT pg_catalog.lo_open('17529', 131072);
SELECT pg_catalog.lowrite(0, '\x48656c6c6f');
SELECT pg_catalog.lo_close(0);

SELECT pg_catalog.lo_open('17530', 131072);
SELECT pg_catalog.lowrite(0, '\x4d657268616261212042656e20417572612c205365636f6e6448616e642764656b69206b69c59f6973656c206173697374616ec4b16ec4b16d2e2053697a65206e6173c4b16c2079617264c4b16d63c4b1206f6c6162696c6972696d3f0a0ac4b07374657273656e697a20706c6174666f726d64612062697220c59f65796c65722062756c6d616ec4b17a612c20696c616e206f6c75c59f7475726d616ec4b17a61207665796120736f72756c6172c4b16ec4b17ac4b12079616ec4b1746c616d616ec4b17a612079617264c4b16d63c4b1206f6c6162696c6972696d2e');
SELECT pg_catalog.lo_close(0);

COMMIT;

--
-- Name: addresses addresses_pkey; Type: CONSTRAINT; Schema: public; Owner: postgres
--

ALTER TABLE ONLY public.addresses
    ADD CONSTRAINT addresses_pkey PRIMARY KEY (id);


--
-- Name: agreement_requirements agreement_requirements_pkey; Type: CONSTRAINT; Schema: public; Owner: postgres
--

ALTER TABLE ONLY public.agreement_requirements
    ADD CONSTRAINT agreement_requirements_pkey PRIMARY KEY (id);


--
-- Name: agreement_update_events agreement_update_events_pkey; Type: CONSTRAINT; Schema: public; Owner: postgres
--

ALTER TABLE ONLY public.agreement_update_events
    ADD CONSTRAINT agreement_update_events_pkey PRIMARY KEY (id);


--
-- Name: agreements agreements_pkey; Type: CONSTRAINT; Schema: public; Owner: postgres
--

ALTER TABLE ONLY public.agreements
    ADD CONSTRAINT agreements_pkey PRIMARY KEY (agreement_id);


--
-- Name: audit_logs audit_logs_pkey; Type: CONSTRAINT; Schema: public; Owner: postgres
--

ALTER TABLE ONLY public.audit_logs
    ADD CONSTRAINT audit_logs_pkey PRIMARY KEY (id);


--
-- Name: bank bank_pkey; Type: CONSTRAINT; Schema: public; Owner: postgres
--

ALTER TABLE ONLY public.bank
    ADD CONSTRAINT bank_pkey PRIMARY KEY (id);


--
-- Name: bank bank_to_user_id_key; Type: CONSTRAINT; Schema: public; Owner: postgres
--

ALTER TABLE ONLY public.bank
    ADD CONSTRAINT bank_to_user_id_key UNIQUE (to_user_id);


--
-- Name: book_conditions book_conditions_name_key; Type: CONSTRAINT; Schema: public; Owner: postgres
--

ALTER TABLE ONLY public.book_conditions
    ADD CONSTRAINT book_conditions_name_key UNIQUE (name);


--
-- Name: book_conditions book_conditions_pkey; Type: CONSTRAINT; Schema: public; Owner: postgres
--

ALTER TABLE ONLY public.book_conditions
    ADD CONSTRAINT book_conditions_pkey PRIMARY KEY (id);


--
-- Name: book_formats book_formats_name_key; Type: CONSTRAINT; Schema: public; Owner: postgres
--

ALTER TABLE ONLY public.book_formats
    ADD CONSTRAINT book_formats_name_key UNIQUE (name);


--
-- Name: book_formats book_formats_pkey; Type: CONSTRAINT; Schema: public; Owner: postgres
--

ALTER TABLE ONLY public.book_formats
    ADD CONSTRAINT book_formats_pkey PRIMARY KEY (id);


--
-- Name: book_genres book_genres_name_key; Type: CONSTRAINT; Schema: public; Owner: postgres
--

ALTER TABLE ONLY public.book_genres
    ADD CONSTRAINT book_genres_name_key UNIQUE (name);


--
-- Name: book_genres book_genres_pkey; Type: CONSTRAINT; Schema: public; Owner: postgres
--

ALTER TABLE ONLY public.book_genres
    ADD CONSTRAINT book_genres_pkey PRIMARY KEY (id);


--
-- Name: book_languages book_languages_name_key; Type: CONSTRAINT; Schema: public; Owner: postgres
--

ALTER TABLE ONLY public.book_languages
    ADD CONSTRAINT book_languages_name_key UNIQUE (name);


--
-- Name: book_languages book_languages_pkey; Type: CONSTRAINT; Schema: public; Owner: postgres
--

ALTER TABLE ONLY public.book_languages
    ADD CONSTRAINT book_languages_pkey PRIMARY KEY (id);


--
-- Name: book_types book_types_name_key; Type: CONSTRAINT; Schema: public; Owner: postgres
--

ALTER TABLE ONLY public.book_types
    ADD CONSTRAINT book_types_name_key UNIQUE (name);


--
-- Name: book_types book_types_pkey; Type: CONSTRAINT; Schema: public; Owner: postgres
--

ALTER TABLE ONLY public.book_types
    ADD CONSTRAINT book_types_pkey PRIMARY KEY (id);


--
-- Name: books_listings books_listings_pkey; Type: CONSTRAINT; Schema: public; Owner: postgres
--

ALTER TABLE ONLY public.books_listings
    ADD CONSTRAINT books_listings_pkey PRIMARY KEY (id);


--
-- Name: campaigns campaigns_pkey; Type: CONSTRAINT; Schema: public; Owner: postgres
--

ALTER TABLE ONLY public.campaigns
    ADD CONSTRAINT campaigns_pkey PRIMARY KEY (id);


--
-- Name: car_brands car_brands_name_key; Type: CONSTRAINT; Schema: public; Owner: postgres
--

ALTER TABLE ONLY public.car_brands
    ADD CONSTRAINT car_brands_name_key UNIQUE (name);


--
-- Name: car_brands car_brands_pkey; Type: CONSTRAINT; Schema: public; Owner: postgres
--

ALTER TABLE ONLY public.car_brands
    ADD CONSTRAINT car_brands_pkey PRIMARY KEY (id);


--
-- Name: carts carts_pkey; Type: CONSTRAINT; Schema: public; Owner: postgres
--

ALTER TABLE ONLY public.carts
    ADD CONSTRAINT carts_pkey PRIMARY KEY (id);


--
-- Name: carts carts_user_id_listing_id_key; Type: CONSTRAINT; Schema: public; Owner: postgres
--

ALTER TABLE ONLY public.carts
    ADD CONSTRAINT carts_user_id_listing_id_key UNIQUE (user_id, listing_id);


--
-- Name: chat_messages chat_messages_pkey; Type: CONSTRAINT; Schema: public; Owner: postgres
--

ALTER TABLE ONLY public.chat_messages
    ADD CONSTRAINT chat_messages_pkey PRIMARY KEY (id);


--
-- Name: chat_rooms chat_rooms_pkey; Type: CONSTRAINT; Schema: public; Owner: postgres
--

ALTER TABLE ONLY public.chat_rooms
    ADD CONSTRAINT chat_rooms_pkey PRIMARY KEY (id);


--
-- Name: clothing_brands clothing_brands_name_key; Type: CONSTRAINT; Schema: public; Owner: postgres
--

ALTER TABLE ONLY public.clothing_brands
    ADD CONSTRAINT clothing_brands_name_key UNIQUE (name);


--
-- Name: clothing_brands clothing_brands_pkey; Type: CONSTRAINT; Schema: public; Owner: postgres
--

ALTER TABLE ONLY public.clothing_brands
    ADD CONSTRAINT clothing_brands_pkey PRIMARY KEY (id);


--
-- Name: clothing_listings clothing_listings_pkey; Type: CONSTRAINT; Schema: public; Owner: postgres
--

ALTER TABLE ONLY public.clothing_listings
    ADD CONSTRAINT clothing_listings_pkey PRIMARY KEY (id);


--
-- Name: clothing_types clothing_types_name_key; Type: CONSTRAINT; Schema: public; Owner: postgres
--

ALTER TABLE ONLY public.clothing_types
    ADD CONSTRAINT clothing_types_name_key UNIQUE (name);


--
-- Name: clothing_types clothing_types_pkey; Type: CONSTRAINT; Schema: public; Owner: postgres
--

ALTER TABLE ONLY public.clothing_types
    ADD CONSTRAINT clothing_types_pkey PRIMARY KEY (id);


--
-- Name: complaints complaints_pkey; Type: CONSTRAINT; Schema: public; Owner: postgres
--

ALTER TABLE ONLY public.complaints
    ADD CONSTRAINT complaints_pkey PRIMARY KEY (id);


--
-- Name: coupon_eligible_types coupon_eligible_types_pkey; Type: CONSTRAINT; Schema: public; Owner: postgres
--

ALTER TABLE ONLY public.coupon_eligible_types
    ADD CONSTRAINT coupon_eligible_types_pkey PRIMARY KEY (coupon_id, listing_type);


--
-- Name: coupon_redemptions coupon_redemptions_pkey; Type: CONSTRAINT; Schema: public; Owner: postgres
--

ALTER TABLE ONLY public.coupon_redemptions
    ADD CONSTRAINT coupon_redemptions_pkey PRIMARY KEY (id);


--
-- Name: coupons coupons_code_key; Type: CONSTRAINT; Schema: public; Owner: postgres
--

ALTER TABLE ONLY public.coupons
    ADD CONSTRAINT coupons_code_key UNIQUE (code);


--
-- Name: coupons coupons_pkey; Type: CONSTRAINT; Schema: public; Owner: postgres
--

ALTER TABLE ONLY public.coupons
    ADD CONSTRAINT coupons_pkey PRIMARY KEY (id);


--
-- Name: credit_card credit_card_pkey; Type: CONSTRAINT; Schema: public; Owner: postgres
--

ALTER TABLE ONLY public.credit_card
    ADD CONSTRAINT credit_card_pkey PRIMARY KEY (id);


--
-- Name: electronic_brands electronic_brands_name_key; Type: CONSTRAINT; Schema: public; Owner: postgres
--

ALTER TABLE ONLY public.electronic_brands
    ADD CONSTRAINT electronic_brands_name_key UNIQUE (name);


--
-- Name: electronic_brands electronic_brands_pkey; Type: CONSTRAINT; Schema: public; Owner: postgres
--

ALTER TABLE ONLY public.electronic_brands
    ADD CONSTRAINT electronic_brands_pkey PRIMARY KEY (id);


--
-- Name: electronic_listings electronic_listings_pkey; Type: CONSTRAINT; Schema: public; Owner: postgres
--

ALTER TABLE ONLY public.electronic_listings
    ADD CONSTRAINT electronic_listings_pkey PRIMARY KEY (id);


--
-- Name: electronic_models electronic_models_pkey; Type: CONSTRAINT; Schema: public; Owner: postgres
--

ALTER TABLE ONLY public.electronic_models
    ADD CONSTRAINT electronic_models_pkey PRIMARY KEY (id);


--
-- Name: electronic_types electronic_types_name_key; Type: CONSTRAINT; Schema: public; Owner: postgres
--

ALTER TABLE ONLY public.electronic_types
    ADD CONSTRAINT electronic_types_name_key UNIQUE (name);


--
-- Name: electronic_types electronic_types_pkey; Type: CONSTRAINT; Schema: public; Owner: postgres
--

ALTER TABLE ONLY public.electronic_types
    ADD CONSTRAINT electronic_types_pkey PRIMARY KEY (id);


--
-- Name: emails emails_pkey; Type: CONSTRAINT; Schema: public; Owner: postgres
--

ALTER TABLE ONLY public.emails
    ADD CONSTRAINT emails_pkey PRIMARY KEY (id);


--
-- Name: ewallet ewallet_pkey; Type: CONSTRAINT; Schema: public; Owner: postgres
--

ALTER TABLE ONLY public.ewallet
    ADD CONSTRAINT ewallet_pkey PRIMARY KEY (id);


--
-- Name: ewallet ewallet_user_id_key; Type: CONSTRAINT; Schema: public; Owner: postgres
--

ALTER TABLE ONLY public.ewallet
    ADD CONSTRAINT ewallet_user_id_key UNIQUE (user_id);


--
-- Name: favorite_list_items favorite_list_items_favorite_list_id_listing_id_key; Type: CONSTRAINT; Schema: public; Owner: postgres
--

ALTER TABLE ONLY public.favorite_list_items
    ADD CONSTRAINT favorite_list_items_favorite_list_id_listing_id_key UNIQUE (favorite_list_id, listing_id);


--
-- Name: favorite_list_items favorite_list_items_pkey; Type: CONSTRAINT; Schema: public; Owner: postgres
--

ALTER TABLE ONLY public.favorite_list_items
    ADD CONSTRAINT favorite_list_items_pkey PRIMARY KEY (id);


--
-- Name: favorite_list_likes favorite_list_likes_favorite_list_id_user_id_key; Type: CONSTRAINT; Schema: public; Owner: postgres
--

ALTER TABLE ONLY public.favorite_list_likes
    ADD CONSTRAINT favorite_list_likes_favorite_list_id_user_id_key UNIQUE (favorite_list_id, user_id);


--
-- Name: favorite_list_likes favorite_list_likes_pkey; Type: CONSTRAINT; Schema: public; Owner: postgres
--

ALTER TABLE ONLY public.favorite_list_likes
    ADD CONSTRAINT favorite_list_likes_pkey PRIMARY KEY (id);


--
-- Name: favorite_lists favorite_lists_pkey; Type: CONSTRAINT; Schema: public; Owner: postgres
--

ALTER TABLE ONLY public.favorite_lists
    ADD CONSTRAINT favorite_lists_pkey PRIMARY KEY (id);


--
-- Name: favorites favorites_pkey; Type: CONSTRAINT; Schema: public; Owner: postgres
--

ALTER TABLE ONLY public.favorites
    ADD CONSTRAINT favorites_pkey PRIMARY KEY (id);


--
-- Name: favorites favorites_user_id_listing_id_key; Type: CONSTRAINT; Schema: public; Owner: postgres
--

ALTER TABLE ONLY public.favorites
    ADD CONSTRAINT favorites_user_id_listing_id_key UNIQUE (user_id, listing_id);


--
-- Name: forum_comment forum_comment_pkey; Type: CONSTRAINT; Schema: public; Owner: postgres
--

ALTER TABLE ONLY public.forum_comment
    ADD CONSTRAINT forum_comment_pkey PRIMARY KEY (id);


--
-- Name: forum_comment_reaction forum_comment_reaction_pkey; Type: CONSTRAINT; Schema: public; Owner: postgres
--

ALTER TABLE ONLY public.forum_comment_reaction
    ADD CONSTRAINT forum_comment_reaction_pkey PRIMARY KEY (id);


--
-- Name: forum_thread forum_thread_pkey; Type: CONSTRAINT; Schema: public; Owner: postgres
--

ALTER TABLE ONLY public.forum_thread
    ADD CONSTRAINT forum_thread_pkey PRIMARY KEY (id);


--
-- Name: forum_thread_reaction forum_thread_reaction_pkey; Type: CONSTRAINT; Schema: public; Owner: postgres
--

ALTER TABLE ONLY public.forum_thread_reaction
    ADD CONSTRAINT forum_thread_reaction_pkey PRIMARY KEY (id);


--
-- Name: heating_types heating_types_name_key; Type: CONSTRAINT; Schema: public; Owner: postgres
--

ALTER TABLE ONLY public.heating_types
    ADD CONSTRAINT heating_types_name_key UNIQUE (name);


--
-- Name: heating_types heating_types_pkey; Type: CONSTRAINT; Schema: public; Owner: postgres
--

ALTER TABLE ONLY public.heating_types
    ADD CONSTRAINT heating_types_pkey PRIMARY KEY (id);


--
-- Name: listing_owner_types listing_owner_types_name_key; Type: CONSTRAINT; Schema: public; Owner: postgres
--

ALTER TABLE ONLY public.listing_owner_types
    ADD CONSTRAINT listing_owner_types_name_key UNIQUE (name);


--
-- Name: listing_owner_types listing_owner_types_pkey; Type: CONSTRAINT; Schema: public; Owner: postgres
--

ALTER TABLE ONLY public.listing_owner_types
    ADD CONSTRAINT listing_owner_types_pkey PRIMARY KEY (id);


--
-- Name: listing_views listing_views_pkey; Type: CONSTRAINT; Schema: public; Owner: postgres
--

ALTER TABLE ONLY public.listing_views
    ADD CONSTRAINT listing_views_pkey PRIMARY KEY (id);


--
-- Name: listings listings_listing_no_key; Type: CONSTRAINT; Schema: public; Owner: postgres
--

ALTER TABLE ONLY public.listings
    ADD CONSTRAINT listings_listing_no_key UNIQUE (listing_no);


--
-- Name: listings listings_pkey; Type: CONSTRAINT; Schema: public; Owner: postgres
--

ALTER TABLE ONLY public.listings
    ADD CONSTRAINT listings_pkey PRIMARY KEY (id);


--
-- Name: messages messages_pkey; Type: CONSTRAINT; Schema: public; Owner: postgres
--

ALTER TABLE ONLY public.messages
    ADD CONSTRAINT messages_pkey PRIMARY KEY (id);


--
-- Name: notification_event_reads notification_event_reads_pkey; Type: CONSTRAINT; Schema: public; Owner: postgres
--

ALTER TABLE ONLY public.notification_event_reads
    ADD CONSTRAINT notification_event_reads_pkey PRIMARY KEY (id);


--
-- Name: notification_events notification_events_pkey; Type: CONSTRAINT; Schema: public; Owner: postgres
--

ALTER TABLE ONLY public.notification_events
    ADD CONSTRAINT notification_events_pkey PRIMARY KEY (id);


--
-- Name: notifications notifications_pkey; Type: CONSTRAINT; Schema: public; Owner: postgres
--

ALTER TABLE ONLY public.notifications
    ADD CONSTRAINT notifications_pkey PRIMARY KEY (id);


--
-- Name: offers offers_pkey; Type: CONSTRAINT; Schema: public; Owner: postgres
--

ALTER TABLE ONLY public.offers
    ADD CONSTRAINT offers_pkey PRIMARY KEY (id);


--
-- Name: order_item_cancels order_item_cancels_pkey; Type: CONSTRAINT; Schema: public; Owner: postgres
--

ALTER TABLE ONLY public.order_item_cancels
    ADD CONSTRAINT order_item_cancels_pkey PRIMARY KEY (id);


--
-- Name: order_item_escrows order_item_escrows_order_item_id_key; Type: CONSTRAINT; Schema: public; Owner: postgres
--

ALTER TABLE ONLY public.order_item_escrows
    ADD CONSTRAINT order_item_escrows_order_item_id_key UNIQUE (order_item_id);


--
-- Name: order_item_escrows order_item_escrows_pkey; Type: CONSTRAINT; Schema: public; Owner: postgres
--

ALTER TABLE ONLY public.order_item_escrows
    ADD CONSTRAINT order_item_escrows_pkey PRIMARY KEY (id);


--
-- Name: order_item_refunds order_item_refunds_pkey; Type: CONSTRAINT; Schema: public; Owner: postgres
--

ALTER TABLE ONLY public.order_item_refunds
    ADD CONSTRAINT order_item_refunds_pkey PRIMARY KEY (id);


--
-- Name: order_items order_items_pkey; Type: CONSTRAINT; Schema: public; Owner: postgres
--

ALTER TABLE ONLY public.order_items
    ADD CONSTRAINT order_items_pkey PRIMARY KEY (id);


--
-- Name: orders orders_order_number_key; Type: CONSTRAINT; Schema: public; Owner: postgres
--

ALTER TABLE ONLY public.orders
    ADD CONSTRAINT orders_order_number_key UNIQUE (order_number);


--
-- Name: orders orders_pkey; Type: CONSTRAINT; Schema: public; Owner: postgres
--

ALTER TABLE ONLY public.orders
    ADD CONSTRAINT orders_pkey PRIMARY KEY (id);


--
-- Name: payment payment_idempotency_key_key; Type: CONSTRAINT; Schema: public; Owner: postgres
--

ALTER TABLE ONLY public.payment
    ADD CONSTRAINT payment_idempotency_key_key UNIQUE (idempotency_key);


--
-- Name: payment payment_pkey; Type: CONSTRAINT; Schema: public; Owner: postgres
--

ALTER TABLE ONLY public.payment
    ADD CONSTRAINT payment_pkey PRIMARY KEY (id);


--
-- Name: price_history price_history_pkey; Type: CONSTRAINT; Schema: public; Owner: postgres
--

ALTER TABLE ONLY public.price_history
    ADD CONSTRAINT price_history_pkey PRIMARY KEY (id);


--
-- Name: real_estate_ad_types real_estate_ad_types_name_key; Type: CONSTRAINT; Schema: public; Owner: postgres
--

ALTER TABLE ONLY public.real_estate_ad_types
    ADD CONSTRAINT real_estate_ad_types_name_key UNIQUE (name);


--
-- Name: real_estate_ad_types real_estate_ad_types_pkey; Type: CONSTRAINT; Schema: public; Owner: postgres
--

ALTER TABLE ONLY public.real_estate_ad_types
    ADD CONSTRAINT real_estate_ad_types_pkey PRIMARY KEY (id);


--
-- Name: real_estate_listings real_estate_listings_pkey; Type: CONSTRAINT; Schema: public; Owner: postgres
--

ALTER TABLE ONLY public.real_estate_listings
    ADD CONSTRAINT real_estate_listings_pkey PRIMARY KEY (id);


--
-- Name: real_estate_types real_estate_types_name_key; Type: CONSTRAINT; Schema: public; Owner: postgres
--

ALTER TABLE ONLY public.real_estate_types
    ADD CONSTRAINT real_estate_types_name_key UNIQUE (name);


--
-- Name: real_estate_types real_estate_types_pkey; Type: CONSTRAINT; Schema: public; Owner: postgres
--

ALTER TABLE ONLY public.real_estate_types
    ADD CONSTRAINT real_estate_types_pkey PRIMARY KEY (id);


--
-- Name: reviews reviews_order_item_id_key; Type: CONSTRAINT; Schema: public; Owner: postgres
--

ALTER TABLE ONLY public.reviews
    ADD CONSTRAINT reviews_order_item_id_key UNIQUE (order_item_id);


--
-- Name: reviews reviews_pkey; Type: CONSTRAINT; Schema: public; Owner: postgres
--

ALTER TABLE ONLY public.reviews
    ADD CONSTRAINT reviews_pkey PRIMARY KEY (id);


--
-- Name: reviews reviews_reviewer_id_order_item_id_key; Type: CONSTRAINT; Schema: public; Owner: postgres
--

ALTER TABLE ONLY public.reviews
    ADD CONSTRAINT reviews_reviewer_id_order_item_id_key UNIQUE (reviewer_id, order_item_id);


--
-- Name: seller_follows seller_follows_follower_id_followed_id_key; Type: CONSTRAINT; Schema: public; Owner: postgres
--

ALTER TABLE ONLY public.seller_follows
    ADD CONSTRAINT seller_follows_follower_id_followed_id_key UNIQUE (follower_id, followed_id);


--
-- Name: seller_follows seller_follows_pkey; Type: CONSTRAINT; Schema: public; Owner: postgres
--

ALTER TABLE ONLY public.seller_follows
    ADD CONSTRAINT seller_follows_pkey PRIMARY KEY (id);


--
-- Name: shippings shippings_order_id_key; Type: CONSTRAINT; Schema: public; Owner: postgres
--

ALTER TABLE ONLY public.shippings
    ADD CONSTRAINT shippings_order_id_key UNIQUE (order_id);


--
-- Name: shippings shippings_pkey; Type: CONSTRAINT; Schema: public; Owner: postgres
--

ALTER TABLE ONLY public.shippings
    ADD CONSTRAINT shippings_pkey PRIMARY KEY (id);


--
-- Name: showcases showcases_pkey; Type: CONSTRAINT; Schema: public; Owner: postgres
--

ALTER TABLE ONLY public.showcases
    ADD CONSTRAINT showcases_pkey PRIMARY KEY (id);


--
-- Name: sport_conditions sport_conditions_name_key; Type: CONSTRAINT; Schema: public; Owner: postgres
--

ALTER TABLE ONLY public.sport_conditions
    ADD CONSTRAINT sport_conditions_name_key UNIQUE (name);


--
-- Name: sport_conditions sport_conditions_pkey; Type: CONSTRAINT; Schema: public; Owner: postgres
--

ALTER TABLE ONLY public.sport_conditions
    ADD CONSTRAINT sport_conditions_pkey PRIMARY KEY (id);


--
-- Name: sport_disciplines sport_disciplines_name_key; Type: CONSTRAINT; Schema: public; Owner: postgres
--

ALTER TABLE ONLY public.sport_disciplines
    ADD CONSTRAINT sport_disciplines_name_key UNIQUE (name);


--
-- Name: sport_disciplines sport_disciplines_pkey; Type: CONSTRAINT; Schema: public; Owner: postgres
--

ALTER TABLE ONLY public.sport_disciplines
    ADD CONSTRAINT sport_disciplines_pkey PRIMARY KEY (id);


--
-- Name: sport_equipment_types sport_equipment_types_name_key; Type: CONSTRAINT; Schema: public; Owner: postgres
--

ALTER TABLE ONLY public.sport_equipment_types
    ADD CONSTRAINT sport_equipment_types_name_key UNIQUE (name);


--
-- Name: sport_equipment_types sport_equipment_types_pkey; Type: CONSTRAINT; Schema: public; Owner: postgres
--

ALTER TABLE ONLY public.sport_equipment_types
    ADD CONSTRAINT sport_equipment_types_pkey PRIMARY KEY (id);


--
-- Name: sports_listings sports_listings_pkey; Type: CONSTRAINT; Schema: public; Owner: postgres
--

ALTER TABLE ONLY public.sports_listings
    ADD CONSTRAINT sports_listings_pkey PRIMARY KEY (id);


--
-- Name: tokens tokens_pkey; Type: CONSTRAINT; Schema: public; Owner: postgres
--

ALTER TABLE ONLY public.tokens
    ADD CONSTRAINT tokens_pkey PRIMARY KEY (id);


--
-- Name: tokens tokens_token_key; Type: CONSTRAINT; Schema: public; Owner: postgres
--

ALTER TABLE ONLY public.tokens
    ADD CONSTRAINT tokens_token_key UNIQUE (token);


--
-- Name: favorite_list_likes uk20eq3v7cnaui05f8i6i8c13wb; Type: CONSTRAINT; Schema: public; Owner: postgres
--

ALTER TABLE ONLY public.favorite_list_likes
    ADD CONSTRAINT uk20eq3v7cnaui05f8i6i8c13wb UNIQUE (favorite_list_id, user_id);


--
-- Name: agreement_requirements uk_agreement_requirements_group_type; Type: CONSTRAINT; Schema: public; Owner: postgres
--

ALTER TABLE ONLY public.agreement_requirements
    ADD CONSTRAINT uk_agreement_requirements_group_type UNIQUE (group_code, agreement_type);


--
-- Name: agreement_update_events uk_agreement_update_events_type_version; Type: CONSTRAINT; Schema: public; Owner: postgres
--

ALTER TABLE ONLY public.agreement_update_events
    ADD CONSTRAINT uk_agreement_update_events_type_version UNIQUE (agreement_type, version);


--
-- Name: forum_comment_reaction uk_forum_comment_reaction_comment_user; Type: CONSTRAINT; Schema: public; Owner: postgres
--

ALTER TABLE ONLY public.forum_comment_reaction
    ADD CONSTRAINT uk_forum_comment_reaction_comment_user UNIQUE (comment_id, user_id);


--
-- Name: forum_thread_reaction uk_forum_thread_reaction_thread_user; Type: CONSTRAINT; Schema: public; Owner: postgres
--

ALTER TABLE ONLY public.forum_thread_reaction
    ADD CONSTRAINT uk_forum_thread_reaction_thread_user UNIQUE (thread_id, user_id);


--
-- Name: notification_event_reads uk_notification_event_reads_event_user; Type: CONSTRAINT; Schema: public; Owner: postgres
--

ALTER TABLE ONLY public.notification_event_reads
    ADD CONSTRAINT uk_notification_event_reads_event_user UNIQUE (event_id, user_id);


--
-- Name: carts ukbgp5x28jrcul2fe70ibhb8hup; Type: CONSTRAINT; Schema: public; Owner: postgres
--

ALTER TABLE ONLY public.carts
    ADD CONSTRAINT ukbgp5x28jrcul2fe70ibhb8hup UNIQUE (user_id, listing_id);


--
-- Name: reviews ukekg92fkf1hidis3x0nhb57yf9; Type: CONSTRAINT; Schema: public; Owner: postgres
--

ALTER TABLE ONLY public.reviews
    ADD CONSTRAINT ukekg92fkf1hidis3x0nhb57yf9 UNIQUE (reviewer_id, order_item_id);


--
-- Name: payment ukgrccg8m45vechdpa459xkey93; Type: CONSTRAINT; Schema: public; Owner: postgres
--

ALTER TABLE ONLY public.payment
    ADD CONSTRAINT ukgrccg8m45vechdpa459xkey93 UNIQUE (idempotency_key);


--
-- Name: favorites uki9yqqgg83yv72ftta12j4nfws; Type: CONSTRAINT; Schema: public; Owner: postgres
--

ALTER TABLE ONLY public.favorites
    ADD CONSTRAINT uki9yqqgg83yv72ftta12j4nfws UNIQUE (user_id, listing_id);


--
-- Name: favorite_list_items ukjesgmm1eghk2xnyc7oaolvyd9; Type: CONSTRAINT; Schema: public; Owner: postgres
--

ALTER TABLE ONLY public.favorite_list_items
    ADD CONSTRAINT ukjesgmm1eghk2xnyc7oaolvyd9 UNIQUE (favorite_list_id, listing_id);


--
-- Name: seller_follows ukrwym1fpcfih3jilfblmw9ekm; Type: CONSTRAINT; Schema: public; Owner: postgres
--

ALTER TABLE ONLY public.seller_follows
    ADD CONSTRAINT ukrwym1fpcfih3jilfblmw9ekm UNIQUE (follower_id, followed_id);


--
-- Name: user_agreements user_agreements_pkey; Type: CONSTRAINT; Schema: public; Owner: postgres
--

ALTER TABLE ONLY public.user_agreements
    ADD CONSTRAINT user_agreements_pkey PRIMARY KEY (user_agreement_id);


--
-- Name: user_memories user_memories_pkey; Type: CONSTRAINT; Schema: public; Owner: postgres
--

ALTER TABLE ONLY public.user_memories
    ADD CONSTRAINT user_memories_pkey PRIMARY KEY (user_id);


--
-- Name: users users_email_key; Type: CONSTRAINT; Schema: public; Owner: postgres
--

ALTER TABLE ONLY public.users
    ADD CONSTRAINT users_email_key UNIQUE (email);


--
-- Name: users users_phone_key; Type: CONSTRAINT; Schema: public; Owner: postgres
--

ALTER TABLE ONLY public.users
    ADD CONSTRAINT users_phone_key UNIQUE (phone);


--
-- Name: users users_pkey; Type: CONSTRAINT; Schema: public; Owner: postgres
--

ALTER TABLE ONLY public.users
    ADD CONSTRAINT users_pkey PRIMARY KEY (id);


--
-- Name: vehicle_listings vehicle_listings_pkey; Type: CONSTRAINT; Schema: public; Owner: postgres
--

ALTER TABLE ONLY public.vehicle_listings
    ADD CONSTRAINT vehicle_listings_pkey PRIMARY KEY (id);


--
-- Name: vehicle_models vehicle_models_pkey; Type: CONSTRAINT; Schema: public; Owner: postgres
--

ALTER TABLE ONLY public.vehicle_models
    ADD CONSTRAINT vehicle_models_pkey PRIMARY KEY (id);


--
-- Name: vehicle_types vehicle_types_name_key; Type: CONSTRAINT; Schema: public; Owner: postgres
--

ALTER TABLE ONLY public.vehicle_types
    ADD CONSTRAINT vehicle_types_name_key UNIQUE (name);


--
-- Name: vehicle_types vehicle_types_pkey; Type: CONSTRAINT; Schema: public; Owner: postgres
--

ALTER TABLE ONLY public.vehicle_types
    ADD CONSTRAINT vehicle_types_pkey PRIMARY KEY (id);


--
-- Name: verification_codes verification_codes_pkey; Type: CONSTRAINT; Schema: public; Owner: postgres
--

ALTER TABLE ONLY public.verification_codes
    ADD CONSTRAINT verification_codes_pkey PRIMARY KEY (id);


--
-- Name: idx_campaign_active_ends; Type: INDEX; Schema: public; Owner: postgres
--

CREATE INDEX idx_campaign_active_ends ON public.campaigns USING btree (active, ends_at);


--
-- Name: idx_campaign_seller_active_time; Type: INDEX; Schema: public; Owner: postgres
--

CREATE INDEX idx_campaign_seller_active_time ON public.campaigns USING btree (seller_id, active, starts_at, ends_at);


--
-- Name: idx_campaign_seller_created; Type: INDEX; Schema: public; Owner: postgres
--

CREATE INDEX idx_campaign_seller_created ON public.campaigns USING btree (seller_id, created_at);


--
-- Name: idx_favorite_created; Type: INDEX; Schema: public; Owner: postgres
--

CREATE INDEX idx_favorite_created ON public.favorites USING btree (created_at);


--
-- Name: idx_favorite_listing; Type: INDEX; Schema: public; Owner: postgres
--

CREATE INDEX idx_favorite_listing ON public.favorites USING btree (listing_id);


--
-- Name: idx_favorite_user; Type: INDEX; Schema: public; Owner: postgres
--

CREATE INDEX idx_favorite_user ON public.favorites USING btree (user_id);


--
-- Name: idx_listing_created; Type: INDEX; Schema: public; Owner: postgres
--

CREATE INDEX idx_listing_created ON public.listings USING btree (created_at);


--
-- Name: idx_listing_location; Type: INDEX; Schema: public; Owner: postgres
--

CREATE INDEX idx_listing_location ON public.listings USING btree (city, district);


--
-- Name: idx_listing_seller; Type: INDEX; Schema: public; Owner: postgres
--

CREATE INDEX idx_listing_seller ON public.listings USING btree (seller_id);


--
-- Name: idx_listing_status; Type: INDEX; Schema: public; Owner: postgres
--

CREATE INDEX idx_listing_status ON public.listings USING btree (status);


--
-- Name: idx_listing_type; Type: INDEX; Schema: public; Owner: postgres
--

CREATE INDEX idx_listing_type ON public.listings USING btree (listing_type);


--
-- Name: idx_listing_view_date; Type: INDEX; Schema: public; Owner: postgres
--

CREATE INDEX idx_listing_view_date ON public.listing_views USING btree (viewed_at);


--
-- Name: idx_listing_view_listing; Type: INDEX; Schema: public; Owner: postgres
--

CREATE INDEX idx_listing_view_listing ON public.listing_views USING btree (listing_id);


--
-- Name: idx_listing_view_session; Type: INDEX; Schema: public; Owner: postgres
--

CREATE INDEX idx_listing_view_session ON public.listing_views USING btree (session_id);


--
-- Name: idx_listing_view_user; Type: INDEX; Schema: public; Owner: postgres
--

CREATE INDEX idx_listing_view_user ON public.listing_views USING btree (user_id);


--
-- Name: idx_offers_buyer_id; Type: INDEX; Schema: public; Owner: postgres
--

CREATE INDEX idx_offers_buyer_id ON public.offers USING btree (buyer_id);


--
-- Name: idx_offers_listing_id; Type: INDEX; Schema: public; Owner: postgres
--

CREATE INDEX idx_offers_listing_id ON public.offers USING btree (listing_id);


--
-- Name: idx_offers_seller_id; Type: INDEX; Schema: public; Owner: postgres
--

CREATE INDEX idx_offers_seller_id ON public.offers USING btree (seller_id);


--
-- Name: idx_offers_status_expires_at; Type: INDEX; Schema: public; Owner: postgres
--

CREATE INDEX idx_offers_status_expires_at ON public.offers USING btree (status, expires_at);


--
-- Name: idx_order_created; Type: INDEX; Schema: public; Owner: postgres
--

CREATE INDEX idx_order_created ON public.orders USING btree (created_at);


--
-- Name: idx_order_item_listing; Type: INDEX; Schema: public; Owner: postgres
--

CREATE INDEX idx_order_item_listing ON public.order_items USING btree (listing_id);


--
-- Name: idx_order_item_order; Type: INDEX; Schema: public; Owner: postgres
--

CREATE INDEX idx_order_item_order ON public.order_items USING btree (order_id);


--
-- Name: idx_order_item_seller; Type: INDEX; Schema: public; Owner: postgres
--

CREATE INDEX idx_order_item_seller ON public.order_items USING btree (seller_id);


--
-- Name: idx_order_number; Type: INDEX; Schema: public; Owner: postgres
--

CREATE INDEX idx_order_number ON public.orders USING btree (order_number);


--
-- Name: idx_order_payment_status; Type: INDEX; Schema: public; Owner: postgres
--

CREATE INDEX idx_order_payment_status ON public.orders USING btree (payment_status);


--
-- Name: idx_order_status; Type: INDEX; Schema: public; Owner: postgres
--

CREATE INDEX idx_order_status ON public.orders USING btree (status);


--
-- Name: idx_order_user; Type: INDEX; Schema: public; Owner: postgres
--

CREATE INDEX idx_order_user ON public.orders USING btree (user_id);


--
-- Name: idx_reviews_reviewed_user_created_at; Type: INDEX; Schema: public; Owner: postgres
--

CREATE INDEX idx_reviews_reviewed_user_created_at ON public.reviews USING btree (reviewed_user_id, created_at);


--
-- Name: idx_reviews_reviewer_created_at; Type: INDEX; Schema: public; Owner: postgres
--

CREATE INDEX idx_reviews_reviewer_created_at ON public.reviews USING btree (reviewer_id, created_at);


--
-- Name: listing_views fk15ji4my6duv27jbv6n74g8a2c; Type: FK CONSTRAINT; Schema: public; Owner: postgres
--

ALTER TABLE ONLY public.listing_views
    ADD CONSTRAINT fk15ji4my6duv27jbv6n74g8a2c FOREIGN KEY (listing_id) REFERENCES public.listings(id);


--
-- Name: addresses fk1fa36y2oqhao3wgg2rw1pi459; Type: FK CONSTRAINT; Schema: public; Owner: postgres
--

ALTER TABLE ONLY public.addresses
    ADD CONSTRAINT fk1fa36y2oqhao3wgg2rw1pi459 FOREIGN KEY (user_id) REFERENCES public.users(id);


--
-- Name: books_listings fk1pr4rs2077d2poqkfrh89eot1; Type: FK CONSTRAINT; Schema: public; Owner: postgres
--

ALTER TABLE ONLY public.books_listings
    ADD CONSTRAINT fk1pr4rs2077d2poqkfrh89eot1 FOREIGN KEY (book_language_id) REFERENCES public.book_languages(id);


--
-- Name: tokens fk2dylsfo39lgjyqml2tbe0b0ss; Type: FK CONSTRAINT; Schema: public; Owner: postgres
--

ALTER TABLE ONLY public.tokens
    ADD CONSTRAINT fk2dylsfo39lgjyqml2tbe0b0ss FOREIGN KEY (user_id) REFERENCES public.users(id);


--
-- Name: books_listings fk2p5yly5hcji8cm9arqou2cybh; Type: FK CONSTRAINT; Schema: public; Owner: postgres
--

ALTER TABLE ONLY public.books_listings
    ADD CONSTRAINT fk2p5yly5hcji8cm9arqou2cybh FOREIGN KEY (book_type_id) REFERENCES public.book_types(id);


--
-- Name: reviews fk2x2x74lnliqmt91bc1w95ll8n; Type: FK CONSTRAINT; Schema: public; Owner: postgres
--

ALTER TABLE ONLY public.reviews
    ADD CONSTRAINT fk2x2x74lnliqmt91bc1w95ll8n FOREIGN KEY (order_item_id) REFERENCES public.order_items(id);


--
-- Name: orders fk32ql8ubntj5uh44ph9659tiih; Type: FK CONSTRAINT; Schema: public; Owner: postgres
--

ALTER TABLE ONLY public.orders
    ADD CONSTRAINT fk32ql8ubntj5uh44ph9659tiih FOREIGN KEY (user_id) REFERENCES public.users(id);


--
-- Name: complaints fk34sptxinl2mj5wh9wql42xmc9; Type: FK CONSTRAINT; Schema: public; Owner: postgres
--

ALTER TABLE ONLY public.complaints
    ADD CONSTRAINT fk34sptxinl2mj5wh9wql42xmc9 FOREIGN KEY (resolved_by) REFERENCES public.users(id);


--
-- Name: sports_listings fk36laht5j1g3otj1f4rhgdbvep; Type: FK CONSTRAINT; Schema: public; Owner: postgres
--

ALTER TABLE ONLY public.sports_listings
    ADD CONSTRAINT fk36laht5j1g3otj1f4rhgdbvep FOREIGN KEY (sport_condition_id) REFERENCES public.sport_conditions(id);


--
-- Name: electronic_listings fk3tkj6idh8v768ldfo2k2m3jne; Type: FK CONSTRAINT; Schema: public; Owner: postgres
--

ALTER TABLE ONLY public.electronic_listings
    ADD CONSTRAINT fk3tkj6idh8v768ldfo2k2m3jne FOREIGN KEY (electronic_type_id) REFERENCES public.electronic_types(id);


--
-- Name: emails fk41wb6kvdemvj1602iltrfr1uo; Type: FK CONSTRAINT; Schema: public; Owner: postgres
--

ALTER TABLE ONLY public.emails
    ADD CONSTRAINT fk41wb6kvdemvj1602iltrfr1uo FOREIGN KEY (user_id) REFERENCES public.users(id);


--
-- Name: favorite_list_likes fk46sbmh9tdcxpatm42wroxkivt; Type: FK CONSTRAINT; Schema: public; Owner: postgres
--

ALTER TABLE ONLY public.favorite_list_likes
    ADD CONSTRAINT fk46sbmh9tdcxpatm42wroxkivt FOREIGN KEY (favorite_list_id) REFERENCES public.favorite_lists(id);


--
-- Name: vehicle_listings fk4dks2d2c4ufpwua3d3hn2irwo; Type: FK CONSTRAINT; Schema: public; Owner: postgres
--

ALTER TABLE ONLY public.vehicle_listings
    ADD CONSTRAINT fk4dks2d2c4ufpwua3d3hn2irwo FOREIGN KEY (car_brand_id) REFERENCES public.car_brands(id);


--
-- Name: sports_listings fk4iyu1quytarcly9xn16amlrd8; Type: FK CONSTRAINT; Schema: public; Owner: postgres
--

ALTER TABLE ONLY public.sports_listings
    ADD CONSTRAINT fk4iyu1quytarcly9xn16amlrd8 FOREIGN KEY (sport_discipline_id) REFERENCES public.sport_disciplines(id);


--
-- Name: messages fk4ui4nnwntodh6wjvck53dbk9m; Type: FK CONSTRAINT; Schema: public; Owner: postgres
--

ALTER TABLE ONLY public.messages
    ADD CONSTRAINT fk4ui4nnwntodh6wjvck53dbk9m FOREIGN KEY (sender_id) REFERENCES public.users(id);


--
-- Name: real_estate_listings fk4v0c8y8uflg7xig69ewwlviy; Type: FK CONSTRAINT; Schema: public; Owner: postgres
--

ALTER TABLE ONLY public.real_estate_listings
    ADD CONSTRAINT fk4v0c8y8uflg7xig69ewwlviy FOREIGN KEY (heating_type_id) REFERENCES public.heating_types(id);


--
-- Name: coupon_redemptions fk55hw3269sovxs2ftufcmflgtd; Type: FK CONSTRAINT; Schema: public; Owner: postgres
--

ALTER TABLE ONLY public.coupon_redemptions
    ADD CONSTRAINT fk55hw3269sovxs2ftufcmflgtd FOREIGN KEY (user_id) REFERENCES public.users(id);


--
-- Name: electronic_listings fk5nev7wpbwwps1st4qp0yplmf8; Type: FK CONSTRAINT; Schema: public; Owner: postgres
--

ALTER TABLE ONLY public.electronic_listings
    ADD CONSTRAINT fk5nev7wpbwwps1st4qp0yplmf8 FOREIGN KEY (id) REFERENCES public.listings(id);


--
-- Name: vehicle_listings fk5p96ht1w0wghp3orp5hl1vvst; Type: FK CONSTRAINT; Schema: public; Owner: postgres
--

ALTER TABLE ONLY public.vehicle_listings
    ADD CONSTRAINT fk5p96ht1w0wghp3orp5hl1vvst FOREIGN KEY (vehicle_model_id) REFERENCES public.vehicle_models(id);


--
-- Name: offers fk64dv88mu37r6tcmd4cgu5sve; Type: FK CONSTRAINT; Schema: public; Owner: postgres
--

ALTER TABLE ONLY public.offers
    ADD CONSTRAINT fk64dv88mu37r6tcmd4cgu5sve FOREIGN KEY (seller_id) REFERENCES public.users(id);


--
-- Name: electronic_listings fk65p3d53ghp06mnn9onwpqnkxk; Type: FK CONSTRAINT; Schema: public; Owner: postgres
--

ALTER TABLE ONLY public.electronic_listings
    ADD CONSTRAINT fk65p3d53ghp06mnn9onwpqnkxk FOREIGN KEY (electronic_brand_id) REFERENCES public.electronic_brands(id);


--
-- Name: orders fk66jolu65brloux12yi37qy3ky; Type: FK CONSTRAINT; Schema: public; Owner: postgres
--

ALTER TABLE ONLY public.orders
    ADD CONSTRAINT fk66jolu65brloux12yi37qy3ky FOREIGN KEY (billing_address_id) REFERENCES public.addresses(id);


--
-- Name: payment fk6cg87pcskd3lsk17pdeiu2bgc; Type: FK CONSTRAINT; Schema: public; Owner: postgres
--

ALTER TABLE ONLY public.payment
    ADD CONSTRAINT fk6cg87pcskd3lsk17pdeiu2bgc FOREIGN KEY (to_user_id) REFERENCES public.users(id);


--
-- Name: seller_follows fk6dv4jic8r3a34wvq1l3ln8os1; Type: FK CONSTRAINT; Schema: public; Owner: postgres
--

ALTER TABLE ONLY public.seller_follows
    ADD CONSTRAINT fk6dv4jic8r3a34wvq1l3ln8os1 FOREIGN KEY (follower_id) REFERENCES public.users(id);


--
-- Name: reviews fk6m1kr6qopmdr9icvailpjx8xf; Type: FK CONSTRAINT; Schema: public; Owner: postgres
--

ALTER TABLE ONLY public.reviews
    ADD CONSTRAINT fk6m1kr6qopmdr9icvailpjx8xf FOREIGN KEY (reviewed_user_id) REFERENCES public.users(id);


--
-- Name: campaign_eligible_listings fk6pvvdvigyptkp1820iya9di43; Type: FK CONSTRAINT; Schema: public; Owner: postgres
--

ALTER TABLE ONLY public.campaign_eligible_listings
    ADD CONSTRAINT fk6pvvdvigyptkp1820iya9di43 FOREIGN KEY (campaign_id) REFERENCES public.campaigns(id);


--
-- Name: favorite_list_likes fk7xnrahyk6lhc7648r75crrosg; Type: FK CONSTRAINT; Schema: public; Owner: postgres
--

ALTER TABLE ONLY public.favorite_list_likes
    ADD CONSTRAINT fk7xnrahyk6lhc7648r75crrosg FOREIGN KEY (user_id) REFERENCES public.users(id);


--
-- Name: ewallet fk8661069326ieucw4wkbtokvn9; Type: FK CONSTRAINT; Schema: public; Owner: postgres
--

ALTER TABLE ONLY public.ewallet
    ADD CONSTRAINT fk8661069326ieucw4wkbtokvn9 FOREIGN KEY (user_id) REFERENCES public.users(id);


--
-- Name: shippings fk8bxet17ivvhhma7tid6k0gr8o; Type: FK CONSTRAINT; Schema: public; Owner: postgres
--

ALTER TABLE ONLY public.shippings
    ADD CONSTRAINT fk8bxet17ivvhhma7tid6k0gr8o FOREIGN KEY (order_id) REFERENCES public.orders(id);


--
-- Name: bank fk8pdmo8mggjbdp29rmks0bupoh; Type: FK CONSTRAINT; Schema: public; Owner: postgres
--

ALTER TABLE ONLY public.bank
    ADD CONSTRAINT fk8pdmo8mggjbdp29rmks0bupoh FOREIGN KEY (to_user_id) REFERENCES public.users(id);


--
-- Name: favorite_lists fk9lpfmkjj8x0sicirsyhhp48ke; Type: FK CONSTRAINT; Schema: public; Owner: postgres
--

ALTER TABLE ONLY public.favorite_lists
    ADD CONSTRAINT fk9lpfmkjj8x0sicirsyhhp48ke FOREIGN KEY (user_id) REFERENCES public.users(id);


--
-- Name: notifications fk9y21adhxn0ayjhfocscqox7bh; Type: FK CONSTRAINT; Schema: public; Owner: postgres
--

ALTER TABLE ONLY public.notifications
    ADD CONSTRAINT fk9y21adhxn0ayjhfocscqox7bh FOREIGN KEY (user_id) REFERENCES public.users(id);


--
-- Name: complaints fk_complaint_complained_user; Type: FK CONSTRAINT; Schema: public; Owner: postgres
--

ALTER TABLE ONLY public.complaints
    ADD CONSTRAINT fk_complaint_complained_user FOREIGN KEY (complained_user_id) REFERENCES public.users(id);


--
-- Name: complaints fk_complaint_complainer; Type: FK CONSTRAINT; Schema: public; Owner: postgres
--

ALTER TABLE ONLY public.complaints
    ADD CONSTRAINT fk_complaint_complainer FOREIGN KEY (complainer_id) REFERENCES public.users(id);


--
-- Name: verification_codes fka4qo6nts1xd94owirq5evcpda; Type: FK CONSTRAINT; Schema: public; Owner: postgres
--

ALTER TABLE ONLY public.verification_codes
    ADD CONSTRAINT fka4qo6nts1xd94owirq5evcpda FOREIGN KEY (user_id) REFERENCES public.users(id);


--
-- Name: vehicle_listings fkaxplev580yubslgp5mh3a21e4; Type: FK CONSTRAINT; Schema: public; Owner: postgres
--

ALTER TABLE ONLY public.vehicle_listings
    ADD CONSTRAINT fkaxplev580yubslgp5mh3a21e4 FOREIGN KEY (id) REFERENCES public.listings(id);


--
-- Name: carts fkb5o626f86h46m4s7ms6ginnop; Type: FK CONSTRAINT; Schema: public; Owner: postgres
--

ALTER TABLE ONLY public.carts
    ADD CONSTRAINT fkb5o626f86h46m4s7ms6ginnop FOREIGN KEY (user_id) REFERENCES public.users(id);


--
-- Name: payment fkbb3karlc35cip4qn0hlgqkblg; Type: FK CONSTRAINT; Schema: public; Owner: postgres
--

ALTER TABLE ONLY public.payment
    ADD CONSTRAINT fkbb3karlc35cip4qn0hlgqkblg FOREIGN KEY (from_user_id) REFERENCES public.users(id);


--
-- Name: order_items fkbioxgbv59vetrxe0ejfubep1w; Type: FK CONSTRAINT; Schema: public; Owner: postgres
--

ALTER TABLE ONLY public.order_items
    ADD CONSTRAINT fkbioxgbv59vetrxe0ejfubep1w FOREIGN KEY (order_id) REFERENCES public.orders(id);


--
-- Name: clothing_listings fkbs3xirno82e4k9j1t3e8c0a5i; Type: FK CONSTRAINT; Schema: public; Owner: postgres
--

ALTER TABLE ONLY public.clothing_listings
    ADD CONSTRAINT fkbs3xirno82e4k9j1t3e8c0a5i FOREIGN KEY (clothing_brand_id) REFERENCES public.clothing_brands(id);


--
-- Name: showcases fkc0lbq95u8guattooi0nxx74x7; Type: FK CONSTRAINT; Schema: public; Owner: postgres
--

ALTER TABLE ONLY public.showcases
    ADD CONSTRAINT fkc0lbq95u8guattooi0nxx74x7 FOREIGN KEY (listing_id) REFERENCES public.listings(id);


--
-- Name: user_agreements fkc3ko7odu2tfhbgb4ojld3nkhe; Type: FK CONSTRAINT; Schema: public; Owner: postgres
--

ALTER TABLE ONLY public.user_agreements
    ADD CONSTRAINT fkc3ko7odu2tfhbgb4ojld3nkhe FOREIGN KEY (user_id) REFERENCES public.users(id);


--
-- Name: favorite_list_items fkc3pxn62xgkautngvqnmo5o320; Type: FK CONSTRAINT; Schema: public; Owner: postgres
--

ALTER TABLE ONLY public.favorite_list_items
    ADD CONSTRAINT fkc3pxn62xgkautngvqnmo5o320 FOREIGN KEY (favorite_list_id) REFERENCES public.favorite_lists(id);


--
-- Name: order_item_escrows fkc5arcxdgssp97xhpep1i5gf2l; Type: FK CONSTRAINT; Schema: public; Owner: postgres
--

ALTER TABLE ONLY public.order_item_escrows
    ADD CONSTRAINT fkc5arcxdgssp97xhpep1i5gf2l FOREIGN KEY (seller_id) REFERENCES public.users(id);


--
-- Name: seller_follows fkcsui792um4kl86on4ybxyjox1; Type: FK CONSTRAINT; Schema: public; Owner: postgres
--

ALTER TABLE ONLY public.seller_follows
    ADD CONSTRAINT fkcsui792um4kl86on4ybxyjox1 FOREIGN KEY (followed_id) REFERENCES public.users(id);


--
-- Name: clothing_listings fkcu93cbuhal5d5an33w0ihbgx2; Type: FK CONSTRAINT; Schema: public; Owner: postgres
--

ALTER TABLE ONLY public.clothing_listings
    ADD CONSTRAINT fkcu93cbuhal5d5an33w0ihbgx2 FOREIGN KEY (clothing_type_id) REFERENCES public.clothing_types(id);


--
-- Name: reviews fkd1isgfajhtdl8mgg29up6mofi; Type: FK CONSTRAINT; Schema: public; Owner: postgres
--

ALTER TABLE ONLY public.reviews
    ADD CONSTRAINT fkd1isgfajhtdl8mgg29up6mofi FOREIGN KEY (reviewer_id) REFERENCES public.users(id);


--
-- Name: listings fkdfglshentvek3cnsr7a4nwh7j; Type: FK CONSTRAINT; Schema: public; Owner: postgres
--

ALTER TABLE ONLY public.listings
    ADD CONSTRAINT fkdfglshentvek3cnsr7a4nwh7j FOREIGN KEY (seller_id) REFERENCES public.users(id);


--
-- Name: campaigns fkf2ek7871t4jsnf47o4onneckg; Type: FK CONSTRAINT; Schema: public; Owner: postgres
--

ALTER TABLE ONLY public.campaigns
    ADD CONSTRAINT fkf2ek7871t4jsnf47o4onneckg FOREIGN KEY (seller_id) REFERENCES public.users(id);


--
-- Name: electronic_models fkf8n64e1xva7rranbnqevxvapn; Type: FK CONSTRAINT; Schema: public; Owner: postgres
--

ALTER TABLE ONLY public.electronic_models
    ADD CONSTRAINT fkf8n64e1xva7rranbnqevxvapn FOREIGN KEY (type_id) REFERENCES public.electronic_types(id);


--
-- Name: real_estate_listings fkfqbev0wikr2xqehkw6y20jr2d; Type: FK CONSTRAINT; Schema: public; Owner: postgres
--

ALTER TABLE ONLY public.real_estate_listings
    ADD CONSTRAINT fkfqbev0wikr2xqehkw6y20jr2d FOREIGN KEY (owner_type_id) REFERENCES public.listing_owner_types(id);


--
-- Name: carts fkg0tao2n2wptu7iuesyob5aa32; Type: FK CONSTRAINT; Schema: public; Owner: postgres
--

ALTER TABLE ONLY public.carts
    ADD CONSTRAINT fkg0tao2n2wptu7iuesyob5aa32 FOREIGN KEY (listing_id) REFERENCES public.listings(id);


--
-- Name: offers fkgc18i3k5pqq7ik9x23nw0ndau; Type: FK CONSTRAINT; Schema: public; Owner: postgres
--

ALTER TABLE ONLY public.offers
    ADD CONSTRAINT fkgc18i3k5pqq7ik9x23nw0ndau FOREIGN KEY (buyer_id) REFERENCES public.users(id);


--
-- Name: offers fkge7cnc3xvi70cfh5xdrxwnvub; Type: FK CONSTRAINT; Schema: public; Owner: postgres
--

ALTER TABLE ONLY public.offers
    ADD CONSTRAINT fkge7cnc3xvi70cfh5xdrxwnvub FOREIGN KEY (listing_id) REFERENCES public.listings(id);


--
-- Name: coupon_redemptions fkh7aunv3i22if0uql8581xtrhw; Type: FK CONSTRAINT; Schema: public; Owner: postgres
--

ALTER TABLE ONLY public.coupon_redemptions
    ADD CONSTRAINT fkh7aunv3i22if0uql8581xtrhw FOREIGN KEY (coupon_id) REFERENCES public.coupons(id);


--
-- Name: messages fkhdkwfnspwb3s60j27vpg0rpg6; Type: FK CONSTRAINT; Schema: public; Owner: postgres
--

ALTER TABLE ONLY public.messages
    ADD CONSTRAINT fkhdkwfnspwb3s60j27vpg0rpg6 FOREIGN KEY (recipient_id) REFERENCES public.users(id);


--
-- Name: vehicle_models fkhj1gm08ltwqwv3qn6oplqjq6f; Type: FK CONSTRAINT; Schema: public; Owner: postgres
--

ALTER TABLE ONLY public.vehicle_models
    ADD CONSTRAINT fkhj1gm08ltwqwv3qn6oplqjq6f FOREIGN KEY (car_brand_id) REFERENCES public.car_brands(id);


--
-- Name: credit_card fkhjqlwblepbaok52873gandq0f; Type: FK CONSTRAINT; Schema: public; Owner: postgres
--

ALTER TABLE ONLY public.credit_card
    ADD CONSTRAINT fkhjqlwblepbaok52873gandq0f FOREIGN KEY (card_holder_id) REFERENCES public.users(id);


--
-- Name: showcases fkhky67bwxrare2j4u24vh0imd3; Type: FK CONSTRAINT; Schema: public; Owner: postgres
--

ALTER TABLE ONLY public.showcases
    ADD CONSTRAINT fkhky67bwxrare2j4u24vh0imd3 FOREIGN KEY (user_id) REFERENCES public.users(id);


--
-- Name: campaign_eligible_types fkhnb88cvra6xjw1s28qcduyqic; Type: FK CONSTRAINT; Schema: public; Owner: postgres
--

ALTER TABLE ONLY public.campaign_eligible_types
    ADD CONSTRAINT fkhnb88cvra6xjw1s28qcduyqic FOREIGN KEY (campaign_id) REFERENCES public.campaigns(id);


--
-- Name: order_item_escrows fkhqy5griu9f58nqh2uops9lfxn; Type: FK CONSTRAINT; Schema: public; Owner: postgres
--

ALTER TABLE ONLY public.order_item_escrows
    ADD CONSTRAINT fkhqy5griu9f58nqh2uops9lfxn FOREIGN KEY (order_id) REFERENCES public.orders(id);


--
-- Name: books_listings fki3jywd7rd716q18jlxucy0jk1; Type: FK CONSTRAINT; Schema: public; Owner: postgres
--

ALTER TABLE ONLY public.books_listings
    ADD CONSTRAINT fki3jywd7rd716q18jlxucy0jk1 FOREIGN KEY (book_format_id) REFERENCES public.book_formats(id);


--
-- Name: offers fkih0iyjcggquh38rd9uctlstoc; Type: FK CONSTRAINT; Schema: public; Owner: postgres
--

ALTER TABLE ONLY public.offers
    ADD CONSTRAINT fkih0iyjcggquh38rd9uctlstoc FOREIGN KEY (parent_offer_id) REFERENCES public.offers(id);


--
-- Name: clothing_listings fkikhqoucpr3qb30jq9let1k2rc; Type: FK CONSTRAINT; Schema: public; Owner: postgres
--

ALTER TABLE ONLY public.clothing_listings
    ADD CONSTRAINT fkikhqoucpr3qb30jq9let1k2rc FOREIGN KEY (id) REFERENCES public.listings(id);


--
-- Name: order_item_cancels fkjmbgulxnrmktnl3usarvcv2db; Type: FK CONSTRAINT; Schema: public; Owner: postgres
--

ALTER TABLE ONLY public.order_item_cancels
    ADD CONSTRAINT fkjmbgulxnrmktnl3usarvcv2db FOREIGN KEY (order_item_id) REFERENCES public.order_items(id);


--
-- Name: favorites fkk7du8b8ewipawnnpg76d55fus; Type: FK CONSTRAINT; Schema: public; Owner: postgres
--

ALTER TABLE ONLY public.favorites
    ADD CONSTRAINT fkk7du8b8ewipawnnpg76d55fus FOREIGN KEY (user_id) REFERENCES public.users(id);


--
-- Name: book_genres fkkdlhwj3obnp4kdge9sqtre6s2; Type: FK CONSTRAINT; Schema: public; Owner: postgres
--

ALTER TABLE ONLY public.book_genres
    ADD CONSTRAINT fkkdlhwj3obnp4kdge9sqtre6s2 FOREIGN KEY (book_type_id) REFERENCES public.book_types(id);


--
-- Name: books_listings fkkg37cpgh6x290dfyd8ejwar5u; Type: FK CONSTRAINT; Schema: public; Owner: postgres
--

ALTER TABLE ONLY public.books_listings
    ADD CONSTRAINT fkkg37cpgh6x290dfyd8ejwar5u FOREIGN KEY (id) REFERENCES public.listings(id);


--
-- Name: chat_room_participants fkkrenof4in9x16he7adf6g058f; Type: FK CONSTRAINT; Schema: public; Owner: postgres
--

ALTER TABLE ONLY public.chat_room_participants
    ADD CONSTRAINT fkkrenof4in9x16he7adf6g058f FOREIGN KEY (chat_room_id) REFERENCES public.chat_rooms(id);


--
-- Name: vehicle_listings fklu180nxfbbmqverjvhc9kk1ks; Type: FK CONSTRAINT; Schema: public; Owner: postgres
--

ALTER TABLE ONLY public.vehicle_listings
    ADD CONSTRAINT fklu180nxfbbmqverjvhc9kk1ks FOREIGN KEY (vehicle_type_id) REFERENCES public.vehicle_types(id);


--
-- Name: books_listings fklu31xpear7a75hon8lsuftl3w; Type: FK CONSTRAINT; Schema: public; Owner: postgres
--

ALTER TABLE ONLY public.books_listings
    ADD CONSTRAINT fklu31xpear7a75hon8lsuftl3w FOREIGN KEY (book_condition_id) REFERENCES public.book_conditions(id);


--
-- Name: electronic_models fkm06wcofv72etq1sx7hkdhpcup; Type: FK CONSTRAINT; Schema: public; Owner: postgres
--

ALTER TABLE ONLY public.electronic_models
    ADD CONSTRAINT fkm06wcofv72etq1sx7hkdhpcup FOREIGN KEY (brand_id) REFERENCES public.electronic_brands(id);


--
-- Name: electronic_listings fkm0dkd0f0ci4dysdtfe48sokbs; Type: FK CONSTRAINT; Schema: public; Owner: postgres
--

ALTER TABLE ONLY public.electronic_listings
    ADD CONSTRAINT fkm0dkd0f0ci4dysdtfe48sokbs FOREIGN KEY (electronic_model_id) REFERENCES public.electronic_models(id);


--
-- Name: favorite_list_items fkm9jbip88k28xiqvoxrsie718e; Type: FK CONSTRAINT; Schema: public; Owner: postgres
--

ALTER TABLE ONLY public.favorite_list_items
    ADD CONSTRAINT fkm9jbip88k28xiqvoxrsie718e FOREIGN KEY (listing_id) REFERENCES public.listings(id);


--
-- Name: orders fkmk6q95x8ffidq82wlqjaq7sqc; Type: FK CONSTRAINT; Schema: public; Owner: postgres
--

ALTER TABLE ONLY public.orders
    ADD CONSTRAINT fkmk6q95x8ffidq82wlqjaq7sqc FOREIGN KEY (shipping_address_id) REFERENCES public.addresses(id);


--
-- Name: order_item_escrows fkmwi5d7po555hxiexlql16n6nb; Type: FK CONSTRAINT; Schema: public; Owner: postgres
--

ALTER TABLE ONLY public.order_item_escrows
    ADD CONSTRAINT fkmwi5d7po555hxiexlql16n6nb FOREIGN KEY (order_item_id) REFERENCES public.order_items(id);


--
-- Name: coupon_redemptions fkn5pam1bg5g5ye2xfvntv57j0b; Type: FK CONSTRAINT; Schema: public; Owner: postgres
--

ALTER TABLE ONLY public.coupon_redemptions
    ADD CONSTRAINT fkn5pam1bg5g5ye2xfvntv57j0b FOREIGN KEY (order_id) REFERENCES public.orders(id);


--
-- Name: user_agreements fknso7w6k1jyvdkge3tf2t52jtf; Type: FK CONSTRAINT; Schema: public; Owner: postgres
--

ALTER TABLE ONLY public.user_agreements
    ADD CONSTRAINT fknso7w6k1jyvdkge3tf2t52jtf FOREIGN KEY (agreement_agreement_id) REFERENCES public.agreements(agreement_id);


--
-- Name: user_memory_interests fko0wd1wlnqfw9nsf556bwul0qg; Type: FK CONSTRAINT; Schema: public; Owner: postgres
--

ALTER TABLE ONLY public.user_memory_interests
    ADD CONSTRAINT fko0wd1wlnqfw9nsf556bwul0qg FOREIGN KEY (user_id) REFERENCES public.user_memories(user_id);


--
-- Name: sports_listings fko2jv8i93aduvoyq7c7ui7ksrj; Type: FK CONSTRAINT; Schema: public; Owner: postgres
--

ALTER TABLE ONLY public.sports_listings
    ADD CONSTRAINT fko2jv8i93aduvoyq7c7ui7ksrj FOREIGN KEY (id) REFERENCES public.listings(id);


--
-- Name: favorites fkoc425aeu56owvlscxwvuwsu4n; Type: FK CONSTRAINT; Schema: public; Owner: postgres
--

ALTER TABLE ONLY public.favorites
    ADD CONSTRAINT fkoc425aeu56owvlscxwvuwsu4n FOREIGN KEY (listing_id) REFERENCES public.listings(id);


--
-- Name: sports_listings fkof3pebm3fmbhjfst5mb5wji3p; Type: FK CONSTRAINT; Schema: public; Owner: postgres
--

ALTER TABLE ONLY public.sports_listings
    ADD CONSTRAINT fkof3pebm3fmbhjfst5mb5wji3p FOREIGN KEY (sport_equipment_type_id) REFERENCES public.sport_equipment_types(id);


--
-- Name: real_estate_listings fkq4n7ovxjnbf0uio36gp8nu37p; Type: FK CONSTRAINT; Schema: public; Owner: postgres
--

ALTER TABLE ONLY public.real_estate_listings
    ADD CONSTRAINT fkq4n7ovxjnbf0uio36gp8nu37p FOREIGN KEY (id) REFERENCES public.listings(id);


--
-- Name: books_listings fkqcgee1jjwjnsu3at5vs7pldwp; Type: FK CONSTRAINT; Schema: public; Owner: postgres
--

ALTER TABLE ONLY public.books_listings
    ADD CONSTRAINT fkqcgee1jjwjnsu3at5vs7pldwp FOREIGN KEY (book_genre_id) REFERENCES public.book_genres(id);


--
-- Name: real_estate_listings fkr6ike7h8osqyceeconiakfonx; Type: FK CONSTRAINT; Schema: public; Owner: postgres
--

ALTER TABLE ONLY public.real_estate_listings
    ADD CONSTRAINT fkr6ike7h8osqyceeconiakfonx FOREIGN KEY (ad_type_id) REFERENCES public.real_estate_ad_types(id);


--
-- Name: vehicle_models fkrh6s4d13ktcesni1aww5mt2ue; Type: FK CONSTRAINT; Schema: public; Owner: postgres
--

ALTER TABLE ONLY public.vehicle_models
    ADD CONSTRAINT fkrh6s4d13ktcesni1aww5mt2ue FOREIGN KEY (vehicle_type_id) REFERENCES public.vehicle_types(id);


--
-- Name: coupon_eligible_types fksa2utu01csneeu5utpcfi0ig0; Type: FK CONSTRAINT; Schema: public; Owner: postgres
--

ALTER TABLE ONLY public.coupon_eligible_types
    ADD CONSTRAINT fksa2utu01csneeu5utpcfi0ig0 FOREIGN KEY (coupon_id) REFERENCES public.coupons(id);


--
-- Name: order_item_refunds fkssdytlkb2fpyxtaxrcq9nkjaf; Type: FK CONSTRAINT; Schema: public; Owner: postgres
--

ALTER TABLE ONLY public.order_item_refunds
    ADD CONSTRAINT fkssdytlkb2fpyxtaxrcq9nkjaf FOREIGN KEY (order_item_id) REFERENCES public.order_items(id);


--
-- Name: listing_views fkstn0mjtyx6xivqsndbl64cpek; Type: FK CONSTRAINT; Schema: public; Owner: postgres
--

ALTER TABLE ONLY public.listing_views
    ADD CONSTRAINT fkstn0mjtyx6xivqsndbl64cpek FOREIGN KEY (user_id) REFERENCES public.users(id);


--
-- Name: price_history fkt314lfc1uoy3ju2dgggss3l4q; Type: FK CONSTRAINT; Schema: public; Owner: postgres
--

ALTER TABLE ONLY public.price_history
    ADD CONSTRAINT fkt314lfc1uoy3ju2dgggss3l4q FOREIGN KEY (listing_id) REFERENCES public.listings(id);


--
-- Name: order_items fktcljdxdjytm14i5sihtafdkq1; Type: FK CONSTRAINT; Schema: public; Owner: postgres
--

ALTER TABLE ONLY public.order_items
    ADD CONSTRAINT fktcljdxdjytm14i5sihtafdkq1 FOREIGN KEY (listing_id) REFERENCES public.listings(id);


--
-- Name: real_estate_listings fktlvl7bqhtfvyvtd0acl064sjn; Type: FK CONSTRAINT; Schema: public; Owner: postgres
--

ALTER TABLE ONLY public.real_estate_listings
    ADD CONSTRAINT fktlvl7bqhtfvyvtd0acl064sjn FOREIGN KEY (real_estate_type_id) REFERENCES public.real_estate_types(id);


--
-- PostgreSQL database dump complete
--

\unrestrict m8eZ9AHNmMYNTCtfaCVJ1q31JFZzKtq0Cw49lgPdTZoI7BdYk4QjC8ywa5kqizo

